ISO-10303-21;
HEADER;
/* Generated by software containing ST-Developer
 * from STEP Tools, Inc. (www.steptools.com) 
 */

FILE_DESCRIPTION(
/* description */ ('STEP AP214'),
/* implementation_level */ '2;1');

FILE_NAME(
/* name */ 'edge-connector-16pin.step',
/* time_stamp */ '2025-10-10T15:10:45+02:00',
/* author */ (''),
/* organization */ (''),
/* preprocessor_version */ 'ST-DEVELOPER v20.1',
/* originating_system */ 'Autodesk Translation Framework v14.17.0.0',
/* authorisation */ '');

FILE_SCHEMA (('AUTOMOTIVE_DESIGN { 1 0 10303 214 3 1 1 }'));
ENDSEC;

DATA;
#10=MECHANICAL_DESIGN_GEOMETRIC_PRESENTATION_REPRESENTATION('',(#117,#118),
#13793);
#11=ITEM_DEFINED_TRANSFORMATION($,$,#8293,#8803);
#12=ITEM_DEFINED_TRANSFORMATION($,$,#8610,#8804);
#13=ITEM_DEFINED_TRANSFORMATION($,$,#8610,#8805);
#14=ITEM_DEFINED_TRANSFORMATION($,$,#8610,#8806);
#15=ITEM_DEFINED_TRANSFORMATION($,$,#8610,#8807);
#16=ITEM_DEFINED_TRANSFORMATION($,$,#8610,#8808);
#17=ITEM_DEFINED_TRANSFORMATION($,$,#8610,#8809);
#18=ITEM_DEFINED_TRANSFORMATION($,$,#8610,#8810);
#19=ITEM_DEFINED_TRANSFORMATION($,$,#8610,#8811);
#20=ITEM_DEFINED_TRANSFORMATION($,$,#8610,#8812);
#21=ITEM_DEFINED_TRANSFORMATION($,$,#8610,#8813);
#22=ITEM_DEFINED_TRANSFORMATION($,$,#8610,#8814);
#23=ITEM_DEFINED_TRANSFORMATION($,$,#8610,#8815);
#24=ITEM_DEFINED_TRANSFORMATION($,$,#8610,#8816);
#25=ITEM_DEFINED_TRANSFORMATION($,$,#8610,#8817);
#26=ITEM_DEFINED_TRANSFORMATION($,$,#8610,#8818);
#27=ITEM_DEFINED_TRANSFORMATION($,$,#8610,#8819);
#28=(
REPRESENTATION_RELATIONSHIP($,$,#13822,#13821)
REPRESENTATION_RELATIONSHIP_WITH_TRANSFORMATION(#11)
SHAPE_REPRESENTATION_RELATIONSHIP()
);
#29=(
REPRESENTATION_RELATIONSHIP($,$,#13823,#13821)
REPRESENTATION_RELATIONSHIP_WITH_TRANSFORMATION(#12)
SHAPE_REPRESENTATION_RELATIONSHIP()
);
#30=(
REPRESENTATION_RELATIONSHIP($,$,#13823,#13821)
REPRESENTATION_RELATIONSHIP_WITH_TRANSFORMATION(#13)
SHAPE_REPRESENTATION_RELATIONSHIP()
);
#31=(
REPRESENTATION_RELATIONSHIP($,$,#13823,#13821)
REPRESENTATION_RELATIONSHIP_WITH_TRANSFORMATION(#14)
SHAPE_REPRESENTATION_RELATIONSHIP()
);
#32=(
REPRESENTATION_RELATIONSHIP($,$,#13823,#13821)
REPRESENTATION_RELATIONSHIP_WITH_TRANSFORMATION(#15)
SHAPE_REPRESENTATION_RELATIONSHIP()
);
#33=(
REPRESENTATION_RELATIONSHIP($,$,#13823,#13821)
REPRESENTATION_RELATIONSHIP_WITH_TRANSFORMATION(#16)
SHAPE_REPRESENTATION_RELATIONSHIP()
);
#34=(
REPRESENTATION_RELATIONSHIP($,$,#13823,#13821)
REPRESENTATION_RELATIONSHIP_WITH_TRANSFORMATION(#17)
SHAPE_REPRESENTATION_RELATIONSHIP()
);
#35=(
REPRESENTATION_RELATIONSHIP($,$,#13823,#13821)
REPRESENTATION_RELATIONSHIP_WITH_TRANSFORMATION(#18)
SHAPE_REPRESENTATION_RELATIONSHIP()
);
#36=(
REPRESENTATION_RELATIONSHIP($,$,#13823,#13821)
REPRESENTATION_RELATIONSHIP_WITH_TRANSFORMATION(#19)
SHAPE_REPRESENTATION_RELATIONSHIP()
);
#37=(
REPRESENTATION_RELATIONSHIP($,$,#13823,#13821)
REPRESENTATION_RELATIONSHIP_WITH_TRANSFORMATION(#20)
SHAPE_REPRESENTATION_RELATIONSHIP()
);
#38=(
REPRESENTATION_RELATIONSHIP($,$,#13823,#13821)
REPRESENTATION_RELATIONSHIP_WITH_TRANSFORMATION(#21)
SHAPE_REPRESENTATION_RELATIONSHIP()
);
#39=(
REPRESENTATION_RELATIONSHIP($,$,#13823,#13821)
REPRESENTATION_RELATIONSHIP_WITH_TRANSFORMATION(#22)
SHAPE_REPRESENTATION_RELATIONSHIP()
);
#40=(
REPRESENTATION_RELATIONSHIP($,$,#13823,#13821)
REPRESENTATION_RELATIONSHIP_WITH_TRANSFORMATION(#23)
SHAPE_REPRESENTATION_RELATIONSHIP()
);
#41=(
REPRESENTATION_RELATIONSHIP($,$,#13823,#13821)
REPRESENTATION_RELATIONSHIP_WITH_TRANSFORMATION(#24)
SHAPE_REPRESENTATION_RELATIONSHIP()
);
#42=(
REPRESENTATION_RELATIONSHIP($,$,#13823,#13821)
REPRESENTATION_RELATIONSHIP_WITH_TRANSFORMATION(#25)
SHAPE_REPRESENTATION_RELATIONSHIP()
);
#43=(
REPRESENTATION_RELATIONSHIP($,$,#13823,#13821)
REPRESENTATION_RELATIONSHIP_WITH_TRANSFORMATION(#26)
SHAPE_REPRESENTATION_RELATIONSHIP()
);
#44=(
REPRESENTATION_RELATIONSHIP($,$,#13823,#13821)
REPRESENTATION_RELATIONSHIP_WITH_TRANSFORMATION(#27)
SHAPE_REPRESENTATION_RELATIONSHIP()
);
#45=CONTEXT_DEPENDENT_SHAPE_REPRESENTATION(#28,#13804);
#46=CONTEXT_DEPENDENT_SHAPE_REPRESENTATION(#29,#13805);
#47=CONTEXT_DEPENDENT_SHAPE_REPRESENTATION(#30,#13806);
#48=CONTEXT_DEPENDENT_SHAPE_REPRESENTATION(#31,#13807);
#49=CONTEXT_DEPENDENT_SHAPE_REPRESENTATION(#32,#13808);
#50=CONTEXT_DEPENDENT_SHAPE_REPRESENTATION(#33,#13809);
#51=CONTEXT_DEPENDENT_SHAPE_REPRESENTATION(#34,#13810);
#52=CONTEXT_DEPENDENT_SHAPE_REPRESENTATION(#35,#13811);
#53=CONTEXT_DEPENDENT_SHAPE_REPRESENTATION(#36,#13812);
#54=CONTEXT_DEPENDENT_SHAPE_REPRESENTATION(#37,#13813);
#55=CONTEXT_DEPENDENT_SHAPE_REPRESENTATION(#38,#13814);
#56=CONTEXT_DEPENDENT_SHAPE_REPRESENTATION(#39,#13815);
#57=CONTEXT_DEPENDENT_SHAPE_REPRESENTATION(#40,#13816);
#58=CONTEXT_DEPENDENT_SHAPE_REPRESENTATION(#41,#13817);
#59=CONTEXT_DEPENDENT_SHAPE_REPRESENTATION(#42,#13818);
#60=CONTEXT_DEPENDENT_SHAPE_REPRESENTATION(#43,#13819);
#61=CONTEXT_DEPENDENT_SHAPE_REPRESENTATION(#44,#13820);
#62=NEXT_ASSEMBLY_USAGE_OCCURRENCE('Card Edge  Slot Connector casing:1',
'Card Edge  Slot Connector casing:1',
'Card Edge  Slot Connector casing:1',#13825,#13826,
'Card Edge  Slot Connector casing:1');
#63=NEXT_ASSEMBLY_USAGE_OCCURRENCE('EDGE_CONN_PIN:1','EDGE_CONN_PIN:1',
'EDGE_CONN_PIN:1',#13825,#13827,'EDGE_CONN_PIN:1');
#64=NEXT_ASSEMBLY_USAGE_OCCURRENCE('EDGE_CONN_PIN:2','EDGE_CONN_PIN:2',
'EDGE_CONN_PIN:2',#13825,#13827,'EDGE_CONN_PIN:2');
#65=NEXT_ASSEMBLY_USAGE_OCCURRENCE('EDGE_CONN_PIN:3','EDGE_CONN_PIN:3',
'EDGE_CONN_PIN:3',#13825,#13827,'EDGE_CONN_PIN:3');
#66=NEXT_ASSEMBLY_USAGE_OCCURRENCE('EDGE_CONN_PIN:4','EDGE_CONN_PIN:4',
'EDGE_CONN_PIN:4',#13825,#13827,'EDGE_CONN_PIN:4');
#67=NEXT_ASSEMBLY_USAGE_OCCURRENCE('EDGE_CONN_PIN:5','EDGE_CONN_PIN:5',
'EDGE_CONN_PIN:5',#13825,#13827,'EDGE_CONN_PIN:5');
#68=NEXT_ASSEMBLY_USAGE_OCCURRENCE('EDGE_CONN_PIN:6','EDGE_CONN_PIN:6',
'EDGE_CONN_PIN:6',#13825,#13827,'EDGE_CONN_PIN:6');
#69=NEXT_ASSEMBLY_USAGE_OCCURRENCE('EDGE_CONN_PIN:7','EDGE_CONN_PIN:7',
'EDGE_CONN_PIN:7',#13825,#13827,'EDGE_CONN_PIN:7');
#70=NEXT_ASSEMBLY_USAGE_OCCURRENCE('EDGE_CONN_PIN:8','EDGE_CONN_PIN:8',
'EDGE_CONN_PIN:8',#13825,#13827,'EDGE_CONN_PIN:8');
#71=NEXT_ASSEMBLY_USAGE_OCCURRENCE('EDGE_CONN_PIN:9','EDGE_CONN_PIN:9',
'EDGE_CONN_PIN:9',#13825,#13827,'EDGE_CONN_PIN:9');
#72=NEXT_ASSEMBLY_USAGE_OCCURRENCE('EDGE_CONN_PIN:10',
'EDGE_CONN_PIN:10','EDGE_CONN_PIN:10',#13825,#13827,'EDGE_CONN_PIN:10');
#73=NEXT_ASSEMBLY_USAGE_OCCURRENCE('EDGE_CONN_PIN:11',
'EDGE_CONN_PIN:11','EDGE_CONN_PIN:11',#13825,#13827,'EDGE_CONN_PIN:11');
#74=NEXT_ASSEMBLY_USAGE_OCCURRENCE('EDGE_CONN_PIN:12',
'EDGE_CONN_PIN:12','EDGE_CONN_PIN:12',#13825,#13827,'EDGE_CONN_PIN:12');
#75=NEXT_ASSEMBLY_USAGE_OCCURRENCE('EDGE_CONN_PIN:13',
'EDGE_CONN_PIN:13','EDGE_CONN_PIN:13',#13825,#13827,'EDGE_CONN_PIN:13');
#76=NEXT_ASSEMBLY_USAGE_OCCURRENCE('EDGE_CONN_PIN:14',
'EDGE_CONN_PIN:14','EDGE_CONN_PIN:14',#13825,#13827,'EDGE_CONN_PIN:14');
#77=NEXT_ASSEMBLY_USAGE_OCCURRENCE('EDGE_CONN_PIN:15',
'EDGE_CONN_PIN:15','EDGE_CONN_PIN:15',#13825,#13827,'EDGE_CONN_PIN:15');
#78=NEXT_ASSEMBLY_USAGE_OCCURRENCE('EDGE_CONN_PIN:16',
'EDGE_CONN_PIN:16','EDGE_CONN_PIN:16',#13825,#13827,'EDGE_CONN_PIN:16');
#79=SPHERICAL_SURFACE('',#8750,0.05);
#80=SPHERICAL_SURFACE('',#8759,0.05);
#81=SPHERICAL_SURFACE('',#8761,0.05);
#82=SPHERICAL_SURFACE('',#8769,0.05);
#83=SPHERICAL_SURFACE('',#8778,0.26);
#84=SPHERICAL_SURFACE('',#8787,0.26);
#85=SPHERICAL_SURFACE('',#8789,0.26);
#86=SPHERICAL_SURFACE('',#8797,0.26);
#87=(
BOUNDED_SURFACE()
B_SPLINE_SURFACE(3,2,((#13417,#13418,#13419),(#13420,#13421,#13422),(#13423,
#13424,#13425),(#13426,#13427,#13428),(#13429,#13430,#13431),(#13432,#13433,
#13434),(#13435,#13436,#13437),(#13438,#13439,#13440),(#13441,#13442,#13443),
(#13444,#13445,#13446)),.UNSPECIFIED.,.F.,.F.,.F.)
B_SPLINE_SURFACE_WITH_KNOTS((4,2,2,2,4),(3,3),(0.25408226438114,0.33615656495661,
0.418230865532079,0.500305166107549,0.582379466683019),(0.,1.),
 .UNSPECIFIED.)
GEOMETRIC_REPRESENTATION_ITEM()
RATIONAL_B_SPLINE_SURFACE(((1.,0.719339800337445,1.),(1.,0.785121610030387,
1.),(1.,0.83850756967483,1.),(1.,0.914004450508419,1.),(1.,0.936455726373903,
1.),(1.,0.962222564091413,1.),(1.,0.965967435262447,1.),(1.,0.965906653161166,
1.),(1.,0.961987336444525,1.),(1.,0.949050191646171,1.)))
REPRESENTATION_ITEM('')
SURFACE()
);
#88=(
BOUNDED_SURFACE()
B_SPLINE_SURFACE(3,2,((#13489,#13490,#13491),(#13492,#13493,#13494),(#13495,
#13496,#13497),(#13498,#13499,#13500),(#13501,#13502,#13503),(#13504,#13505,
#13506),(#13507,#13508,#13509),(#13510,#13511,#13512),(#13513,#13514,#13515),
(#13516,#13517,#13518)),.UNSPECIFIED.,.F.,.F.,.F.)
B_SPLINE_SURFACE_WITH_KNOTS((4,2,2,2,4),(3,3),(0.417620533321047,0.499694833895499,
0.581769134469952,0.663843435044404,0.745917735618857),(0.,1.),
 .UNSPECIFIED.)
GEOMETRIC_REPRESENTATION_ITEM()
RATIONAL_B_SPLINE_SURFACE(((1.,0.949050191648106,1.),(1.,0.961987336445377,
1.),(1.,0.965906653161463,1.),(1.,0.965967435262152,1.),(1.,0.962222564090769,
1.),(1.,0.936455726372629,1.),(1.,0.914004450506895,1.),(1.,0.838507569673548,
1.),(1.,0.785121610029536,1.),(1.,0.719339800337451,1.)))
REPRESENTATION_ITEM('')
SURFACE()
);
#89=(
BOUNDED_SURFACE()
B_SPLINE_SURFACE(3,2,((#13622,#13623,#13624),(#13625,#13626,#13627),(#13628,
#13629,#13630),(#13631,#13632,#13633),(#13634,#13635,#13636),(#13637,#13638,
#13639),(#13640,#13641,#13642),(#13643,#13644,#13645),(#13646,#13647,#13648),
(#13649,#13650,#13651)),.UNSPECIFIED.,.F.,.F.,.F.)
B_SPLINE_SURFACE_WITH_KNOTS((4,2,2,2,4),(3,3),(0.417620533321051,0.499694833895502,
0.581769134469954,0.663843435044406,0.745917735618858),(0.,1.),
 .UNSPECIFIED.)
GEOMETRIC_REPRESENTATION_ITEM()
RATIONAL_B_SPLINE_SURFACE(((1.,0.94905019164811,1.),(1.,0.961987336445381,
1.),(1.,0.965906653161461,1.),(1.,0.965967435262154,1.),(1.,0.962222564090748,
1.),(1.,0.93645572637265,1.),(1.,0.914004450506887,1.),(1.,0.838507569673551,
1.),(1.,0.785121610029533,1.),(1.,0.719339800337447,1.)))
REPRESENTATION_ITEM('')
SURFACE()
);
#90=(
BOUNDED_SURFACE()
B_SPLINE_SURFACE(3,2,((#13693,#13694,#13695),(#13696,#13697,#13698),(#13699,
#13700,#13701),(#13702,#13703,#13704),(#13705,#13706,#13707),(#13708,#13709,
#13710),(#13711,#13712,#13713),(#13714,#13715,#13716),(#13717,#13718,#13719),
(#13720,#13721,#13722)),.UNSPECIFIED.,.F.,.F.,.F.)
B_SPLINE_SURFACE_WITH_KNOTS((4,2,2,2,4),(3,3),(0.254082264381142,0.336156564956605,
0.418230865532067,0.500305166107529,0.582379466682992),(0.,1.),
 .UNSPECIFIED.)
GEOMETRIC_REPRESENTATION_ITEM()
RATIONAL_B_SPLINE_SURFACE(((1.,0.719339800337451,1.),(1.,0.785121610030316,
1.),(1.,0.8385075696749,1.),(1.,0.914004450508331,1.),(1.,0.936455726373905,
1.),(1.,0.962222564091396,1.),(1.,0.965967435262442,1.),(1.,0.965906653161166,
1.),(1.,0.961987336444535,1.),(1.,0.949050191646185,1.)))
REPRESENTATION_ITEM('')
SURFACE()
);
#91=B_SPLINE_SURFACE_WITH_KNOTS('',1,3,((#13083,#13084,#13085,#13086),(#13087,
#13088,#13089,#13090)),.UNSPECIFIED.,.F.,.F.,.F.,(2,2),(4,4),(0.,1.00013419731671),
(-0.00013419731670431,1.00013419731671),.UNSPECIFIED.);
#92=B_SPLINE_SURFACE_WITH_KNOTS('',1,3,((#13110,#13111,#13112,#13113),(#13114,
#13115,#13116,#13117)),.UNSPECIFIED.,.F.,.F.,.F.,(2,2),(4,4),(0.,1.00013419731669),
(-0.000134197316693076,1.00013419731669),.UNSPECIFIED.);
#93=B_SPLINE_CURVE_WITH_KNOTS('',3,(#12879,#12880,#12881,#12882,#12883,
#12884,#12885,#12886,#12887,#12888,#12889,#12890,#12891,#12892,#12893,#12894,
#12895,#12896,#12897,#12898,#12899,#12900,#12901,#12902,#12903,#12904,#12905,
#12906,#12907,#12908,#12909,#12910,#12911,#12912,#12913,#12914,#12915,#12916,
#12917,#12918,#12919,#12920,#12921,#12922,#12923,#12924,#12925,#12926,#12927),
 .UNSPECIFIED.,.F.,.F.,(4,3,3,3,3,3,3,3,3,3,3,3,3,3,3,3,4),(4.75269631473876,
4.8808398974695,5.0047911429837,5.1289385539599,5.25756357327049,5.32752989638752,
5.45373194253438,5.58224777106139,5.71641642864522,5.77354169803616,5.92172691980946,
6.09320436440179,6.20131138118679,6.33872765847961,6.47155105543756,6.60177211073287,
6.66136427016151),.UNSPECIFIED.);
#94=B_SPLINE_CURVE_WITH_KNOTS('',3,(#12931,#12932,#12933,#12934,#12935,
#12936,#12937,#12938,#12939,#12940,#12941,#12942,#12943,#12944,#12945,#12946,
#12947,#12948,#12949,#12950,#12951,#12952,#12953,#12954,#12955,#12956,#12957,
#12958,#12959,#12960,#12961,#12962,#12963,#12964,#12965,#12966,#12967,#12968,
#12969,#12970,#12971,#12972,#12973,#12974,#12975,#12976,#12977,#12978,#12979),
 .UNSPECIFIED.,.F.,.F.,(4,3,3,3,3,3,3,3,3,3,3,3,3,3,3,3,4),(5.90500634421913,
6.03543103458813,6.16741177194142,6.30571502026946,6.36505923318014,6.55743184934223,
6.70702440553233,6.79282891632695,6.92631208506367,7.0557479086157,7.18153354792569,
7.2388407179747,7.36881043349999,7.49310947841993,7.61691423152294,7.7440044122089,
7.81367429962041),.UNSPECIFIED.);
#95=B_SPLINE_CURVE_WITH_KNOTS('',3,(#12983,#12984,#12985,#12986,#12987,
#12988,#12989,#12990,#12991,#12992,#12993,#12994,#12995,#12996,#12997,#12998,
#12999,#13000,#13001,#13002,#13003,#13004,#13005,#13006,#13007,#13008,#13009,
#13010,#13011,#13012,#13013,#13014,#13015,#13016,#13017,#13018,#13019,#13020,
#13021,#13022,#13023,#13024,#13025,#13026,#13027,#13028,#13029,#13030,#13031),
 .UNSPECIFIED.,.F.,.F.,(4,3,3,3,3,3,3,3,3,3,3,3,3,3,3,3,4),(4.75269631473873,
4.88083989746802,5.00479114298072,5.12893855395525,5.25756357326363,5.32752989638698,
5.45373194253399,5.58224777106063,5.71641642864298,5.77354169803553,5.92172691980825,
6.09320436439868,6.20131138118689,6.33872765847856,6.47155105543544,6.60177211073006,
6.6613642701646),.UNSPECIFIED.);
#96=B_SPLINE_CURVE_WITH_KNOTS('',3,(#13034,#13035,#13036,#13037,#13038,
#13039,#13040,#13041,#13042,#13043,#13044,#13045,#13046,#13047,#13048,#13049,
#13050,#13051,#13052,#13053,#13054,#13055,#13056,#13057,#13058,#13059,#13060,
#13061,#13062,#13063,#13064,#13065,#13066,#13067,#13068,#13069,#13070,#13071,
#13072,#13073,#13074,#13075,#13076,#13077,#13078,#13079,#13080,#13081,#13082),
 .UNSPECIFIED.,.F.,.F.,(4,3,3,3,3,3,3,3,3,3,3,3,3,3,3,3,4),(5.90500634421913,
6.03543103458794,6.1674117719411,6.30571502026904,6.36505923318015,6.55743184934216,
6.70702440553233,6.79282891632695,6.92631208506375,7.05574790861579,7.18153354792581,
7.23884071797471,7.36881043350009,7.49310947842008,7.61691423152309,7.74400441220909,
7.81367429962041),.UNSPECIFIED.);
#97=B_SPLINE_CURVE_WITH_KNOTS('',3,(#13094,#13095,#13096,#13097,#13098,
#13099,#13100,#13101,#13102,#13103),.UNSPECIFIED.,.F.,.F.,(4,3,3,4),(0.,
0.379958683012391,0.760004964885366,1.),.UNSPECIFIED.);
#98=B_SPLINE_CURVE_WITH_KNOTS('',3,(#13105,#13106,#13107,#13108),
 .UNSPECIFIED.,.F.,.F.,(4,4),(0.,1.),.UNSPECIFIED.);
#99=B_SPLINE_CURVE_WITH_KNOTS('',3,(#13119,#13120,#13121,#13122,#13123,
#13124,#13125,#13126,#13127,#13128),.UNSPECIFIED.,.F.,.F.,(4,3,3,4),(0.,
0.379958683012401,0.760004964885377,1.),.UNSPECIFIED.);
#100=B_SPLINE_CURVE_WITH_KNOTS('',3,(#13133,#13134,#13135,#13136),
 .UNSPECIFIED.,.F.,.F.,(4,4),(0.,1.),.UNSPECIFIED.);
#101=B_SPLINE_CURVE_WITH_KNOTS('',3,(#13345,#13346,#13347,#13348,#13349,
#13350,#13351,#13352,#13353,#13354),.UNSPECIFIED.,.F.,.F.,(4,2,2,2,4),(-0.00475003125426531,
-0.00455315756486435,-0.00300803692372331,-0.0019881519525735,-5.61375197456054E-8),
 .UNSPECIFIED.);
#102=B_SPLINE_CURVE_WITH_KNOTS('',3,(#13361,#13362,#13363,#13364,#13365,
#13366,#13367,#13368,#13369,#13370),.UNSPECIFIED.,.F.,.F.,(4,2,2,2,4),(-0.000406529651191379,
-0.000229060410321529,-0.000137981879564777,2.07763099530512E-10,1.75804097686204E-5),
 .UNSPECIFIED.);
#103=B_SPLINE_CURVE_WITH_KNOTS('',3,(#13388,#13389,#13390,#13391,#13392,
#13393,#13394,#13395,#13396,#13397),.UNSPECIFIED.,.F.,.F.,(4,2,2,2,4),(-0.00040652965070766,
-0.00022906041006382,-0.000137981879419966,2.07763261564527E-10,1.75804097562165E-5),
 .UNSPECIFIED.);
#104=B_SPLINE_CURVE_WITH_KNOTS('',3,(#13398,#13399,#13400,#13401,#13402,
#13403,#13404,#13405,#13406,#13407),.UNSPECIFIED.,.F.,.F.,(4,2,2,2,4),(-0.00475003125521709,
-0.00455315756554967,-0.00300803692371861,-0.00198815195257398,-5.61375197985145E-8),
 .UNSPECIFIED.);
#105=B_SPLINE_CURVE_WITH_KNOTS('',3,(#13447,#13448,#13449,#13450,#13451,
#13452,#13453,#13454,#13455,#13456,#13457,#13458,#13459,#13460,#13461,#13462,
#13463,#13464,#13465,#13466,#13467,#13468,#13469,#13470,#13471,#13472,#13473,
#13474,#13475,#13476,#13477,#13478,#13479,#13480,#13481,#13482,#13483),
 .UNSPECIFIED.,.F.,.F.,(4,3,3,3,3,3,3,3,3,3,3,3,4),(6.27310642692805,6.28296985167871,
6.4191204234518,6.56761975901948,6.6867922931886,6.86211204447512,7.05509372904663,
7.18031604603269,7.31699209727456,7.46455296614745,7.61966584114518,7.78731639666016,
7.81367429962041),.UNSPECIFIED.);
#106=B_SPLINE_CURVE_WITH_KNOTS('',3,(#13519,#13520,#13521,#13522,#13523,
#13524,#13525,#13526,#13527,#13528,#13529,#13530,#13531,#13532,#13533,#13534,
#13535,#13536,#13537,#13538,#13539,#13540,#13541,#13542,#13543,#13544,#13545,
#13546,#13547,#13548,#13549,#13550,#13551,#13552,#13553,#13554,#13555),
 .UNSPECIFIED.,.F.,.F.,(4,3,3,3,3,3,3,3,3,3,3,3,4),(4.75269631473877,4.9152806274391,
5.06903822061825,5.21520187798165,5.35222382027761,5.38605456831732,5.58202594477171,
5.75939166901122,5.87957832115715,6.03091867696818,6.16871924695988,6.28340076266677,
6.29326418743112),.UNSPECIFIED.);
#107=B_SPLINE_CURVE_WITH_KNOTS('',3,(#13583,#13584,#13585,#13586,#13587,
#13588,#13589,#13590,#13591,#13592,#13593,#13594,#13595,#13596,#13597,#13598,
#13599,#13600,#13601,#13602,#13603,#13604,#13605,#13606,#13607,#13608,#13609,
#13610,#13611,#13612,#13613,#13614,#13615,#13616,#13617,#13618,#13619),
 .UNSPECIFIED.,.F.,.F.,(4,3,3,3,3,3,3,3,3,3,3,3,4),(6.27310642692805,6.28296985169242,
6.41912042346712,6.56761975903567,6.68679229320202,6.86211204448934,7.05509372906077,
7.18031604604184,7.31699209728417,7.46455296615685,7.61966584115411,7.7873163966677,
7.81367429962041),.UNSPECIFIED.);
#108=B_SPLINE_CURVE_WITH_KNOTS('',3,(#13654,#13655,#13656,#13657,#13658,
#13659,#13660,#13661,#13662,#13663,#13664,#13665,#13666,#13667,#13668,#13669,
#13670,#13671,#13672,#13673,#13674,#13675,#13676,#13677,#13678,#13679,#13680,
#13681,#13682,#13683,#13684,#13685,#13686,#13687,#13688,#13689,#13690),
 .UNSPECIFIED.,.F.,.F.,(4,3,3,3,3,3,3,3,3,3,3,3,4),(4.75269631473876,4.91528062743914,
5.06903822061792,5.21520187798067,5.3522238202752,5.38605456832617,5.58202594477818,
5.75939166901636,5.87957832117036,6.03091867698149,6.16871924697221,6.28340076268036,
6.29326418743112),.UNSPECIFIED.);
#109=ELLIPSE('',#8627,0.520079258868871,0.26);
#110=ELLIPSE('',#8628,0.520079258868935,0.260000000000033);
#111=ELLIPSE('',#8631,0.520079258869001,0.260000000000052);
#112=ELLIPSE('',#8632,0.52007925886891,0.260000000000015);
#113=SHAPE_REPRESENTATION_RELATIONSHIP('SRR','None',#13822,#115);
#114=SHAPE_REPRESENTATION_RELATIONSHIP('SRR','None',#13823,#116);
#115=ADVANCED_BREP_SHAPE_REPRESENTATION('',(#119),#13791);
#116=ADVANCED_BREP_SHAPE_REPRESENTATION('',(#120),#13792);
#117=STYLED_ITEM('',(#13841),#119);
#118=STYLED_ITEM('',(#13842),#120);
#119=MANIFOLD_SOLID_BREP('Body1',#8267);
#120=MANIFOLD_SOLID_BREP('Body1',#8268);
#121=FACE_BOUND('',#1004,.T.);
#122=FACE_BOUND('',#1005,.T.);
#123=FACE_BOUND('',#1006,.T.);
#124=FACE_BOUND('',#1007,.T.);
#125=FACE_BOUND('',#1008,.T.);
#126=FACE_BOUND('',#1009,.T.);
#127=FACE_BOUND('',#1010,.T.);
#128=FACE_BOUND('',#1011,.T.);
#129=FACE_BOUND('',#1012,.T.);
#130=FACE_BOUND('',#1013,.T.);
#131=FACE_BOUND('',#1014,.T.);
#132=FACE_BOUND('',#1015,.T.);
#133=FACE_BOUND('',#1016,.T.);
#134=FACE_BOUND('',#1017,.T.);
#135=FACE_BOUND('',#1018,.T.);
#136=FACE_BOUND('',#1019,.T.);
#137=FACE_BOUND('',#1020,.T.);
#138=FACE_BOUND('',#1021,.T.);
#139=FACE_BOUND('',#1022,.T.);
#140=FACE_BOUND('',#1023,.T.);
#141=FACE_BOUND('',#1024,.T.);
#142=FACE_BOUND('',#1025,.T.);
#143=FACE_BOUND('',#1026,.T.);
#144=FACE_BOUND('',#1027,.T.);
#145=FACE_BOUND('',#1028,.T.);
#146=FACE_BOUND('',#1029,.T.);
#147=FACE_BOUND('',#1030,.T.);
#148=FACE_BOUND('',#1031,.T.);
#149=FACE_BOUND('',#1032,.T.);
#150=FACE_BOUND('',#1043,.T.);
#151=FACE_BOUND('',#1051,.T.);
#152=FACE_BOUND('',#1070,.T.);
#153=CIRCLE('',#8397,0.8);
#154=CIRCLE('',#8398,0.8);
#155=CIRCLE('',#8400,0.799999999999999);
#156=CIRCLE('',#8401,0.799999999999999);
#157=CIRCLE('',#8581,0.800000000000001);
#158=CIRCLE('',#8582,0.800000000000001);
#159=CIRCLE('',#8585,0.8);
#160=CIRCLE('',#8586,0.8);
#161=CIRCLE('',#8612,0.249999999999998);
#162=CIRCLE('',#8613,0.249999999999999);
#163=CIRCLE('',#8615,0.709999999999999);
#164=CIRCLE('',#8616,0.709999999999999);
#165=CIRCLE('',#8618,0.5);
#166=CIRCLE('',#8619,0.5);
#167=CIRCLE('',#8621,0.709999999999999);
#168=CIRCLE('',#8622,0.709999999999999);
#169=CIRCLE('',#8624,0.5);
#170=CIRCLE('',#8625,0.5);
#171=CIRCLE('',#8629,0.255147016458247);
#172=CIRCLE('',#8630,0.255147016458247);
#173=CIRCLE('',#8633,0.255147016458247);
#174=CIRCLE('',#8634,0.255147016458247);
#175=CIRCLE('',#8660,0.410000000000001);
#176=CIRCLE('',#8661,0.200000000000001);
#177=CIRCLE('',#8663,0.410000000000001);
#178=CIRCLE('',#8664,0.200000000000001);
#179=CIRCLE('',#8668,0.249999999999997);
#180=CIRCLE('',#8670,0.249999999999997);
#181=CIRCLE('',#8679,0.710000000000001);
#182=CIRCLE('',#8680,0.5);
#183=CIRCLE('',#8682,0.710000000000001);
#184=CIRCLE('',#8683,0.5);
#185=CIRCLE('',#8687,0.710000000000001);
#186=CIRCLE('',#8688,0.5);
#187=CIRCLE('',#8690,0.710000000000001);
#188=CIRCLE('',#8691,0.5);
#189=CIRCLE('',#8703,0.71);
#190=CIRCLE('',#8704,0.5);
#191=CIRCLE('',#8706,0.71);
#192=CIRCLE('',#8707,0.5);
#193=CIRCLE('',#8711,0.71);
#194=CIRCLE('',#8712,0.5);
#195=CIRCLE('',#8714,0.71);
#196=CIRCLE('',#8715,0.499999999999999);
#197=CIRCLE('',#8723,0.41);
#198=CIRCLE('',#8724,0.2);
#199=CIRCLE('',#8726,0.41);
#200=CIRCLE('',#8727,0.2);
#201=CIRCLE('',#8731,0.3);
#202=CIRCLE('',#8732,0.3);
#203=CIRCLE('',#8734,0.3);
#204=CIRCLE('',#8735,0.3);
#205=CIRCLE('',#8745,0.05);
#206=CIRCLE('',#8747,0.05);
#207=CIRCLE('',#8749,0.05);
#208=CIRCLE('',#8751,0.0499999999999997);
#209=CIRCLE('',#8752,0.05);
#210=CIRCLE('',#8754,0.0499999999999999);
#211=CIRCLE('',#8756,0.05);
#212=CIRCLE('',#8758,0.0499999999999997);
#213=CIRCLE('',#8760,0.0499999999999997);
#214=CIRCLE('',#8762,0.0499999999999999);
#215=CIRCLE('',#8763,0.05);
#216=CIRCLE('',#8765,0.0499999999999997);
#217=CIRCLE('',#8767,0.05);
#218=CIRCLE('',#8770,0.05);
#219=CIRCLE('',#8771,0.05);
#220=CIRCLE('',#8774,0.05);
#221=CIRCLE('',#8777,0.26);
#222=CIRCLE('',#8779,0.26);
#223=CIRCLE('',#8780,0.26);
#224=CIRCLE('',#8782,0.26);
#225=CIRCLE('',#8784,0.26);
#226=CIRCLE('',#8786,0.26);
#227=CIRCLE('',#8788,0.26);
#228=CIRCLE('',#8790,0.26);
#229=CIRCLE('',#8791,0.26);
#230=CIRCLE('',#8793,0.26);
#231=CIRCLE('',#8795,0.26);
#232=CIRCLE('',#8798,0.26);
#233=CYLINDRICAL_SURFACE('',#8396,0.8);
#234=CYLINDRICAL_SURFACE('',#8399,0.799999999999999);
#235=CYLINDRICAL_SURFACE('',#8580,0.800000000000001);
#236=CYLINDRICAL_SURFACE('',#8584,0.8);
#237=CYLINDRICAL_SURFACE('',#8611,0.249999999999999);
#238=CYLINDRICAL_SURFACE('',#8614,0.709999999999999);
#239=CYLINDRICAL_SURFACE('',#8617,0.5);
#240=CYLINDRICAL_SURFACE('',#8620,0.709999999999999);
#241=CYLINDRICAL_SURFACE('',#8623,0.5);
#242=CYLINDRICAL_SURFACE('',#8653,0.200000000000001);
#243=CYLINDRICAL_SURFACE('',#8654,0.410000000000001);
#244=CYLINDRICAL_SURFACE('',#8665,0.410000000000001);
#245=CYLINDRICAL_SURFACE('',#8666,0.200000000000001);
#246=CYLINDRICAL_SURFACE('',#8669,0.249999999999997);
#247=CYLINDRICAL_SURFACE('',#8684,0.5);
#248=CYLINDRICAL_SURFACE('',#8685,0.710000000000001);
#249=CYLINDRICAL_SURFACE('',#8692,0.5);
#250=CYLINDRICAL_SURFACE('',#8693,0.710000000000001);
#251=CYLINDRICAL_SURFACE('',#8708,0.5);
#252=CYLINDRICAL_SURFACE('',#8709,0.71);
#253=CYLINDRICAL_SURFACE('',#8716,0.5);
#254=CYLINDRICAL_SURFACE('',#8717,0.71);
#255=CYLINDRICAL_SURFACE('',#8728,0.2);
#256=CYLINDRICAL_SURFACE('',#8729,0.41);
#257=CYLINDRICAL_SURFACE('',#8730,0.3);
#258=CYLINDRICAL_SURFACE('',#8733,0.3);
#259=CYLINDRICAL_SURFACE('',#8746,0.05);
#260=CYLINDRICAL_SURFACE('',#8748,0.05);
#261=CYLINDRICAL_SURFACE('',#8753,0.05);
#262=CYLINDRICAL_SURFACE('',#8755,0.05);
#263=CYLINDRICAL_SURFACE('',#8757,0.0499999999999997);
#264=CYLINDRICAL_SURFACE('',#8764,0.0499999999999997);
#265=CYLINDRICAL_SURFACE('',#8766,0.05);
#266=CYLINDRICAL_SURFACE('',#8768,0.05);
#267=CYLINDRICAL_SURFACE('',#8772,0.0499999999999999);
#268=CYLINDRICAL_SURFACE('',#8773,0.05);
#269=CYLINDRICAL_SURFACE('',#8776,0.26);
#270=CYLINDRICAL_SURFACE('',#8781,0.26);
#271=CYLINDRICAL_SURFACE('',#8783,0.26);
#272=CYLINDRICAL_SURFACE('',#8785,0.26);
#273=CYLINDRICAL_SURFACE('',#8792,0.26);
#274=CYLINDRICAL_SURFACE('',#8794,0.26);
#275=CYLINDRICAL_SURFACE('',#8796,0.26);
#276=CYLINDRICAL_SURFACE('',#8799,0.26);
#277=FACE_OUTER_BOUND('',#707,.T.);
#278=FACE_OUTER_BOUND('',#708,.T.);
#279=FACE_OUTER_BOUND('',#709,.T.);
#280=FACE_OUTER_BOUND('',#710,.T.);
#281=FACE_OUTER_BOUND('',#711,.T.);
#282=FACE_OUTER_BOUND('',#712,.T.);
#283=FACE_OUTER_BOUND('',#713,.T.);
#284=FACE_OUTER_BOUND('',#714,.T.);
#285=FACE_OUTER_BOUND('',#715,.T.);
#286=FACE_OUTER_BOUND('',#716,.T.);
#287=FACE_OUTER_BOUND('',#717,.T.);
#288=FACE_OUTER_BOUND('',#718,.T.);
#289=FACE_OUTER_BOUND('',#719,.T.);
#290=FACE_OUTER_BOUND('',#720,.T.);
#291=FACE_OUTER_BOUND('',#721,.T.);
#292=FACE_OUTER_BOUND('',#722,.T.);
#293=FACE_OUTER_BOUND('',#723,.T.);
#294=FACE_OUTER_BOUND('',#724,.T.);
#295=FACE_OUTER_BOUND('',#725,.T.);
#296=FACE_OUTER_BOUND('',#726,.T.);
#297=FACE_OUTER_BOUND('',#727,.T.);
#298=FACE_OUTER_BOUND('',#728,.T.);
#299=FACE_OUTER_BOUND('',#729,.T.);
#300=FACE_OUTER_BOUND('',#730,.T.);
#301=FACE_OUTER_BOUND('',#731,.T.);
#302=FACE_OUTER_BOUND('',#732,.T.);
#303=FACE_OUTER_BOUND('',#733,.T.);
#304=FACE_OUTER_BOUND('',#734,.T.);
#305=FACE_OUTER_BOUND('',#735,.T.);
#306=FACE_OUTER_BOUND('',#736,.T.);
#307=FACE_OUTER_BOUND('',#737,.T.);
#308=FACE_OUTER_BOUND('',#738,.T.);
#309=FACE_OUTER_BOUND('',#739,.T.);
#310=FACE_OUTER_BOUND('',#740,.T.);
#311=FACE_OUTER_BOUND('',#741,.T.);
#312=FACE_OUTER_BOUND('',#742,.T.);
#313=FACE_OUTER_BOUND('',#743,.T.);
#314=FACE_OUTER_BOUND('',#744,.T.);
#315=FACE_OUTER_BOUND('',#745,.T.);
#316=FACE_OUTER_BOUND('',#746,.T.);
#317=FACE_OUTER_BOUND('',#747,.T.);
#318=FACE_OUTER_BOUND('',#748,.T.);
#319=FACE_OUTER_BOUND('',#749,.T.);
#320=FACE_OUTER_BOUND('',#750,.T.);
#321=FACE_OUTER_BOUND('',#751,.T.);
#322=FACE_OUTER_BOUND('',#752,.T.);
#323=FACE_OUTER_BOUND('',#753,.T.);
#324=FACE_OUTER_BOUND('',#754,.T.);
#325=FACE_OUTER_BOUND('',#755,.T.);
#326=FACE_OUTER_BOUND('',#756,.T.);
#327=FACE_OUTER_BOUND('',#757,.T.);
#328=FACE_OUTER_BOUND('',#758,.T.);
#329=FACE_OUTER_BOUND('',#759,.T.);
#330=FACE_OUTER_BOUND('',#760,.T.);
#331=FACE_OUTER_BOUND('',#761,.T.);
#332=FACE_OUTER_BOUND('',#762,.T.);
#333=FACE_OUTER_BOUND('',#763,.T.);
#334=FACE_OUTER_BOUND('',#764,.T.);
#335=FACE_OUTER_BOUND('',#765,.T.);
#336=FACE_OUTER_BOUND('',#766,.T.);
#337=FACE_OUTER_BOUND('',#767,.T.);
#338=FACE_OUTER_BOUND('',#768,.T.);
#339=FACE_OUTER_BOUND('',#769,.T.);
#340=FACE_OUTER_BOUND('',#770,.T.);
#341=FACE_OUTER_BOUND('',#771,.T.);
#342=FACE_OUTER_BOUND('',#772,.T.);
#343=FACE_OUTER_BOUND('',#773,.T.);
#344=FACE_OUTER_BOUND('',#774,.T.);
#345=FACE_OUTER_BOUND('',#775,.T.);
#346=FACE_OUTER_BOUND('',#776,.T.);
#347=FACE_OUTER_BOUND('',#777,.T.);
#348=FACE_OUTER_BOUND('',#778,.T.);
#349=FACE_OUTER_BOUND('',#779,.T.);
#350=FACE_OUTER_BOUND('',#780,.T.);
#351=FACE_OUTER_BOUND('',#781,.T.);
#352=FACE_OUTER_BOUND('',#782,.T.);
#353=FACE_OUTER_BOUND('',#783,.T.);
#354=FACE_OUTER_BOUND('',#784,.T.);
#355=FACE_OUTER_BOUND('',#785,.T.);
#356=FACE_OUTER_BOUND('',#786,.T.);
#357=FACE_OUTER_BOUND('',#787,.T.);
#358=FACE_OUTER_BOUND('',#788,.T.);
#359=FACE_OUTER_BOUND('',#789,.T.);
#360=FACE_OUTER_BOUND('',#790,.T.);
#361=FACE_OUTER_BOUND('',#791,.T.);
#362=FACE_OUTER_BOUND('',#792,.T.);
#363=FACE_OUTER_BOUND('',#793,.T.);
#364=FACE_OUTER_BOUND('',#794,.T.);
#365=FACE_OUTER_BOUND('',#795,.T.);
#366=FACE_OUTER_BOUND('',#796,.T.);
#367=FACE_OUTER_BOUND('',#797,.T.);
#368=FACE_OUTER_BOUND('',#798,.T.);
#369=FACE_OUTER_BOUND('',#799,.T.);
#370=FACE_OUTER_BOUND('',#800,.T.);
#371=FACE_OUTER_BOUND('',#801,.T.);
#372=FACE_OUTER_BOUND('',#802,.T.);
#373=FACE_OUTER_BOUND('',#803,.T.);
#374=FACE_OUTER_BOUND('',#804,.T.);
#375=FACE_OUTER_BOUND('',#805,.T.);
#376=FACE_OUTER_BOUND('',#806,.T.);
#377=FACE_OUTER_BOUND('',#807,.T.);
#378=FACE_OUTER_BOUND('',#808,.T.);
#379=FACE_OUTER_BOUND('',#809,.T.);
#380=FACE_OUTER_BOUND('',#810,.T.);
#381=FACE_OUTER_BOUND('',#811,.T.);
#382=FACE_OUTER_BOUND('',#812,.T.);
#383=FACE_OUTER_BOUND('',#813,.T.);
#384=FACE_OUTER_BOUND('',#814,.T.);
#385=FACE_OUTER_BOUND('',#815,.T.);
#386=FACE_OUTER_BOUND('',#816,.T.);
#387=FACE_OUTER_BOUND('',#817,.T.);
#388=FACE_OUTER_BOUND('',#818,.T.);
#389=FACE_OUTER_BOUND('',#819,.T.);
#390=FACE_OUTER_BOUND('',#820,.T.);
#391=FACE_OUTER_BOUND('',#821,.T.);
#392=FACE_OUTER_BOUND('',#822,.T.);
#393=FACE_OUTER_BOUND('',#823,.T.);
#394=FACE_OUTER_BOUND('',#824,.T.);
#395=FACE_OUTER_BOUND('',#825,.T.);
#396=FACE_OUTER_BOUND('',#826,.T.);
#397=FACE_OUTER_BOUND('',#827,.T.);
#398=FACE_OUTER_BOUND('',#828,.T.);
#399=FACE_OUTER_BOUND('',#829,.T.);
#400=FACE_OUTER_BOUND('',#830,.T.);
#401=FACE_OUTER_BOUND('',#831,.T.);
#402=FACE_OUTER_BOUND('',#832,.T.);
#403=FACE_OUTER_BOUND('',#833,.T.);
#404=FACE_OUTER_BOUND('',#834,.T.);
#405=FACE_OUTER_BOUND('',#835,.T.);
#406=FACE_OUTER_BOUND('',#836,.T.);
#407=FACE_OUTER_BOUND('',#837,.T.);
#408=FACE_OUTER_BOUND('',#838,.T.);
#409=FACE_OUTER_BOUND('',#839,.T.);
#410=FACE_OUTER_BOUND('',#840,.T.);
#411=FACE_OUTER_BOUND('',#841,.T.);
#412=FACE_OUTER_BOUND('',#842,.T.);
#413=FACE_OUTER_BOUND('',#843,.T.);
#414=FACE_OUTER_BOUND('',#844,.T.);
#415=FACE_OUTER_BOUND('',#845,.T.);
#416=FACE_OUTER_BOUND('',#846,.T.);
#417=FACE_OUTER_BOUND('',#847,.T.);
#418=FACE_OUTER_BOUND('',#848,.T.);
#419=FACE_OUTER_BOUND('',#849,.T.);
#420=FACE_OUTER_BOUND('',#850,.T.);
#421=FACE_OUTER_BOUND('',#851,.T.);
#422=FACE_OUTER_BOUND('',#852,.T.);
#423=FACE_OUTER_BOUND('',#853,.T.);
#424=FACE_OUTER_BOUND('',#854,.T.);
#425=FACE_OUTER_BOUND('',#855,.T.);
#426=FACE_OUTER_BOUND('',#856,.T.);
#427=FACE_OUTER_BOUND('',#857,.T.);
#428=FACE_OUTER_BOUND('',#858,.T.);
#429=FACE_OUTER_BOUND('',#859,.T.);
#430=FACE_OUTER_BOUND('',#860,.T.);
#431=FACE_OUTER_BOUND('',#861,.T.);
#432=FACE_OUTER_BOUND('',#862,.T.);
#433=FACE_OUTER_BOUND('',#863,.T.);
#434=FACE_OUTER_BOUND('',#864,.T.);
#435=FACE_OUTER_BOUND('',#865,.T.);
#436=FACE_OUTER_BOUND('',#866,.T.);
#437=FACE_OUTER_BOUND('',#867,.T.);
#438=FACE_OUTER_BOUND('',#868,.T.);
#439=FACE_OUTER_BOUND('',#869,.T.);
#440=FACE_OUTER_BOUND('',#870,.T.);
#441=FACE_OUTER_BOUND('',#871,.T.);
#442=FACE_OUTER_BOUND('',#872,.T.);
#443=FACE_OUTER_BOUND('',#873,.T.);
#444=FACE_OUTER_BOUND('',#874,.T.);
#445=FACE_OUTER_BOUND('',#875,.T.);
#446=FACE_OUTER_BOUND('',#876,.T.);
#447=FACE_OUTER_BOUND('',#877,.T.);
#448=FACE_OUTER_BOUND('',#878,.T.);
#449=FACE_OUTER_BOUND('',#879,.T.);
#450=FACE_OUTER_BOUND('',#880,.T.);
#451=FACE_OUTER_BOUND('',#881,.T.);
#452=FACE_OUTER_BOUND('',#882,.T.);
#453=FACE_OUTER_BOUND('',#883,.T.);
#454=FACE_OUTER_BOUND('',#884,.T.);
#455=FACE_OUTER_BOUND('',#885,.T.);
#456=FACE_OUTER_BOUND('',#886,.T.);
#457=FACE_OUTER_BOUND('',#887,.T.);
#458=FACE_OUTER_BOUND('',#888,.T.);
#459=FACE_OUTER_BOUND('',#889,.T.);
#460=FACE_OUTER_BOUND('',#890,.T.);
#461=FACE_OUTER_BOUND('',#891,.T.);
#462=FACE_OUTER_BOUND('',#892,.T.);
#463=FACE_OUTER_BOUND('',#893,.T.);
#464=FACE_OUTER_BOUND('',#894,.T.);
#465=FACE_OUTER_BOUND('',#895,.T.);
#466=FACE_OUTER_BOUND('',#896,.T.);
#467=FACE_OUTER_BOUND('',#897,.T.);
#468=FACE_OUTER_BOUND('',#898,.T.);
#469=FACE_OUTER_BOUND('',#899,.T.);
#470=FACE_OUTER_BOUND('',#900,.T.);
#471=FACE_OUTER_BOUND('',#901,.T.);
#472=FACE_OUTER_BOUND('',#902,.T.);
#473=FACE_OUTER_BOUND('',#903,.T.);
#474=FACE_OUTER_BOUND('',#904,.T.);
#475=FACE_OUTER_BOUND('',#905,.T.);
#476=FACE_OUTER_BOUND('',#906,.T.);
#477=FACE_OUTER_BOUND('',#907,.T.);
#478=FACE_OUTER_BOUND('',#908,.T.);
#479=FACE_OUTER_BOUND('',#909,.T.);
#480=FACE_OUTER_BOUND('',#910,.T.);
#481=FACE_OUTER_BOUND('',#911,.T.);
#482=FACE_OUTER_BOUND('',#912,.T.);
#483=FACE_OUTER_BOUND('',#913,.T.);
#484=FACE_OUTER_BOUND('',#914,.T.);
#485=FACE_OUTER_BOUND('',#915,.T.);
#486=FACE_OUTER_BOUND('',#916,.T.);
#487=FACE_OUTER_BOUND('',#917,.T.);
#488=FACE_OUTER_BOUND('',#918,.T.);
#489=FACE_OUTER_BOUND('',#919,.T.);
#490=FACE_OUTER_BOUND('',#920,.T.);
#491=FACE_OUTER_BOUND('',#921,.T.);
#492=FACE_OUTER_BOUND('',#922,.T.);
#493=FACE_OUTER_BOUND('',#923,.T.);
#494=FACE_OUTER_BOUND('',#924,.T.);
#495=FACE_OUTER_BOUND('',#925,.T.);
#496=FACE_OUTER_BOUND('',#926,.T.);
#497=FACE_OUTER_BOUND('',#927,.T.);
#498=FACE_OUTER_BOUND('',#928,.T.);
#499=FACE_OUTER_BOUND('',#929,.T.);
#500=FACE_OUTER_BOUND('',#930,.T.);
#501=FACE_OUTER_BOUND('',#931,.T.);
#502=FACE_OUTER_BOUND('',#932,.T.);
#503=FACE_OUTER_BOUND('',#933,.T.);
#504=FACE_OUTER_BOUND('',#934,.T.);
#505=FACE_OUTER_BOUND('',#935,.T.);
#506=FACE_OUTER_BOUND('',#936,.T.);
#507=FACE_OUTER_BOUND('',#937,.T.);
#508=FACE_OUTER_BOUND('',#938,.T.);
#509=FACE_OUTER_BOUND('',#939,.T.);
#510=FACE_OUTER_BOUND('',#940,.T.);
#511=FACE_OUTER_BOUND('',#941,.T.);
#512=FACE_OUTER_BOUND('',#942,.T.);
#513=FACE_OUTER_BOUND('',#943,.T.);
#514=FACE_OUTER_BOUND('',#944,.T.);
#515=FACE_OUTER_BOUND('',#945,.T.);
#516=FACE_OUTER_BOUND('',#946,.T.);
#517=FACE_OUTER_BOUND('',#947,.T.);
#518=FACE_OUTER_BOUND('',#948,.T.);
#519=FACE_OUTER_BOUND('',#949,.T.);
#520=FACE_OUTER_BOUND('',#950,.T.);
#521=FACE_OUTER_BOUND('',#951,.T.);
#522=FACE_OUTER_BOUND('',#952,.T.);
#523=FACE_OUTER_BOUND('',#953,.T.);
#524=FACE_OUTER_BOUND('',#954,.T.);
#525=FACE_OUTER_BOUND('',#955,.T.);
#526=FACE_OUTER_BOUND('',#956,.T.);
#527=FACE_OUTER_BOUND('',#957,.T.);
#528=FACE_OUTER_BOUND('',#958,.T.);
#529=FACE_OUTER_BOUND('',#959,.T.);
#530=FACE_OUTER_BOUND('',#960,.T.);
#531=FACE_OUTER_BOUND('',#961,.T.);
#532=FACE_OUTER_BOUND('',#962,.T.);
#533=FACE_OUTER_BOUND('',#963,.T.);
#534=FACE_OUTER_BOUND('',#964,.T.);
#535=FACE_OUTER_BOUND('',#965,.T.);
#536=FACE_OUTER_BOUND('',#966,.T.);
#537=FACE_OUTER_BOUND('',#967,.T.);
#538=FACE_OUTER_BOUND('',#968,.T.);
#539=FACE_OUTER_BOUND('',#969,.T.);
#540=FACE_OUTER_BOUND('',#970,.T.);
#541=FACE_OUTER_BOUND('',#971,.T.);
#542=FACE_OUTER_BOUND('',#972,.T.);
#543=FACE_OUTER_BOUND('',#973,.T.);
#544=FACE_OUTER_BOUND('',#974,.T.);
#545=FACE_OUTER_BOUND('',#975,.T.);
#546=FACE_OUTER_BOUND('',#976,.T.);
#547=FACE_OUTER_BOUND('',#977,.T.);
#548=FACE_OUTER_BOUND('',#978,.T.);
#549=FACE_OUTER_BOUND('',#979,.T.);
#550=FACE_OUTER_BOUND('',#980,.T.);
#551=FACE_OUTER_BOUND('',#981,.T.);
#552=FACE_OUTER_BOUND('',#982,.T.);
#553=FACE_OUTER_BOUND('',#983,.T.);
#554=FACE_OUTER_BOUND('',#984,.T.);
#555=FACE_OUTER_BOUND('',#985,.T.);
#556=FACE_OUTER_BOUND('',#986,.T.);
#557=FACE_OUTER_BOUND('',#987,.T.);
#558=FACE_OUTER_BOUND('',#988,.T.);
#559=FACE_OUTER_BOUND('',#989,.T.);
#560=FACE_OUTER_BOUND('',#990,.T.);
#561=FACE_OUTER_BOUND('',#991,.T.);
#562=FACE_OUTER_BOUND('',#992,.T.);
#563=FACE_OUTER_BOUND('',#993,.T.);
#564=FACE_OUTER_BOUND('',#994,.T.);
#565=FACE_OUTER_BOUND('',#995,.T.);
#566=FACE_OUTER_BOUND('',#996,.T.);
#567=FACE_OUTER_BOUND('',#997,.T.);
#568=FACE_OUTER_BOUND('',#998,.T.);
#569=FACE_OUTER_BOUND('',#999,.T.);
#570=FACE_OUTER_BOUND('',#1000,.T.);
#571=FACE_OUTER_BOUND('',#1001,.T.);
#572=FACE_OUTER_BOUND('',#1002,.T.);
#573=FACE_OUTER_BOUND('',#1003,.T.);
#574=FACE_OUTER_BOUND('',#1033,.T.);
#575=FACE_OUTER_BOUND('',#1034,.T.);
#576=FACE_OUTER_BOUND('',#1035,.T.);
#577=FACE_OUTER_BOUND('',#1036,.T.);
#578=FACE_OUTER_BOUND('',#1037,.T.);
#579=FACE_OUTER_BOUND('',#1038,.T.);
#580=FACE_OUTER_BOUND('',#1039,.T.);
#581=FACE_OUTER_BOUND('',#1040,.T.);
#582=FACE_OUTER_BOUND('',#1041,.T.);
#583=FACE_OUTER_BOUND('',#1042,.T.);
#584=FACE_OUTER_BOUND('',#1044,.T.);
#585=FACE_OUTER_BOUND('',#1045,.T.);
#586=FACE_OUTER_BOUND('',#1046,.T.);
#587=FACE_OUTER_BOUND('',#1047,.T.);
#588=FACE_OUTER_BOUND('',#1048,.T.);
#589=FACE_OUTER_BOUND('',#1049,.T.);
#590=FACE_OUTER_BOUND('',#1050,.T.);
#591=FACE_OUTER_BOUND('',#1052,.T.);
#592=FACE_OUTER_BOUND('',#1053,.T.);
#593=FACE_OUTER_BOUND('',#1054,.T.);
#594=FACE_OUTER_BOUND('',#1055,.T.);
#595=FACE_OUTER_BOUND('',#1056,.T.);
#596=FACE_OUTER_BOUND('',#1057,.T.);
#597=FACE_OUTER_BOUND('',#1058,.T.);
#598=FACE_OUTER_BOUND('',#1059,.T.);
#599=FACE_OUTER_BOUND('',#1060,.T.);
#600=FACE_OUTER_BOUND('',#1061,.T.);
#601=FACE_OUTER_BOUND('',#1062,.T.);
#602=FACE_OUTER_BOUND('',#1063,.T.);
#603=FACE_OUTER_BOUND('',#1064,.T.);
#604=FACE_OUTER_BOUND('',#1065,.T.);
#605=FACE_OUTER_BOUND('',#1066,.T.);
#606=FACE_OUTER_BOUND('',#1067,.T.);
#607=FACE_OUTER_BOUND('',#1068,.T.);
#608=FACE_OUTER_BOUND('',#1069,.T.);
#609=FACE_OUTER_BOUND('',#1071,.T.);
#610=FACE_OUTER_BOUND('',#1072,.T.);
#611=FACE_OUTER_BOUND('',#1073,.T.);
#612=FACE_OUTER_BOUND('',#1074,.T.);
#613=FACE_OUTER_BOUND('',#1075,.T.);
#614=FACE_OUTER_BOUND('',#1076,.T.);
#615=FACE_OUTER_BOUND('',#1077,.T.);
#616=FACE_OUTER_BOUND('',#1078,.T.);
#617=FACE_OUTER_BOUND('',#1079,.T.);
#618=FACE_OUTER_BOUND('',#1080,.T.);
#619=FACE_OUTER_BOUND('',#1081,.T.);
#620=FACE_OUTER_BOUND('',#1082,.T.);
#621=FACE_OUTER_BOUND('',#1083,.T.);
#622=FACE_OUTER_BOUND('',#1084,.T.);
#623=FACE_OUTER_BOUND('',#1085,.T.);
#624=FACE_OUTER_BOUND('',#1086,.T.);
#625=FACE_OUTER_BOUND('',#1087,.T.);
#626=FACE_OUTER_BOUND('',#1088,.T.);
#627=FACE_OUTER_BOUND('',#1089,.T.);
#628=FACE_OUTER_BOUND('',#1090,.T.);
#629=FACE_OUTER_BOUND('',#1091,.T.);
#630=FACE_OUTER_BOUND('',#1092,.T.);
#631=FACE_OUTER_BOUND('',#1093,.T.);
#632=FACE_OUTER_BOUND('',#1094,.T.);
#633=FACE_OUTER_BOUND('',#1095,.T.);
#634=FACE_OUTER_BOUND('',#1096,.T.);
#635=FACE_OUTER_BOUND('',#1097,.T.);
#636=FACE_OUTER_BOUND('',#1098,.T.);
#637=FACE_OUTER_BOUND('',#1099,.T.);
#638=FACE_OUTER_BOUND('',#1100,.T.);
#639=FACE_OUTER_BOUND('',#1101,.T.);
#640=FACE_OUTER_BOUND('',#1102,.T.);
#641=FACE_OUTER_BOUND('',#1103,.T.);
#642=FACE_OUTER_BOUND('',#1104,.T.);
#643=FACE_OUTER_BOUND('',#1105,.T.);
#644=FACE_OUTER_BOUND('',#1106,.T.);
#645=FACE_OUTER_BOUND('',#1107,.T.);
#646=FACE_OUTER_BOUND('',#1108,.T.);
#647=FACE_OUTER_BOUND('',#1109,.T.);
#648=FACE_OUTER_BOUND('',#1110,.T.);
#649=FACE_OUTER_BOUND('',#1111,.T.);
#650=FACE_OUTER_BOUND('',#1112,.T.);
#651=FACE_OUTER_BOUND('',#1113,.T.);
#652=FACE_OUTER_BOUND('',#1114,.T.);
#653=FACE_OUTER_BOUND('',#1115,.T.);
#654=FACE_OUTER_BOUND('',#1116,.T.);
#655=FACE_OUTER_BOUND('',#1117,.T.);
#656=FACE_OUTER_BOUND('',#1118,.T.);
#657=FACE_OUTER_BOUND('',#1119,.T.);
#658=FACE_OUTER_BOUND('',#1120,.T.);
#659=FACE_OUTER_BOUND('',#1121,.T.);
#660=FACE_OUTER_BOUND('',#1122,.T.);
#661=FACE_OUTER_BOUND('',#1123,.T.);
#662=FACE_OUTER_BOUND('',#1124,.T.);
#663=FACE_OUTER_BOUND('',#1125,.T.);
#664=FACE_OUTER_BOUND('',#1126,.T.);
#665=FACE_OUTER_BOUND('',#1127,.T.);
#666=FACE_OUTER_BOUND('',#1128,.T.);
#667=FACE_OUTER_BOUND('',#1129,.T.);
#668=FACE_OUTER_BOUND('',#1130,.T.);
#669=FACE_OUTER_BOUND('',#1131,.T.);
#670=FACE_OUTER_BOUND('',#1132,.T.);
#671=FACE_OUTER_BOUND('',#1133,.T.);
#672=FACE_OUTER_BOUND('',#1134,.T.);
#673=FACE_OUTER_BOUND('',#1135,.T.);
#674=FACE_OUTER_BOUND('',#1136,.T.);
#675=FACE_OUTER_BOUND('',#1137,.T.);
#676=FACE_OUTER_BOUND('',#1138,.T.);
#677=FACE_OUTER_BOUND('',#1139,.T.);
#678=FACE_OUTER_BOUND('',#1140,.T.);
#679=FACE_OUTER_BOUND('',#1141,.T.);
#680=FACE_OUTER_BOUND('',#1142,.T.);
#681=FACE_OUTER_BOUND('',#1143,.T.);
#682=FACE_OUTER_BOUND('',#1144,.T.);
#683=FACE_OUTER_BOUND('',#1145,.T.);
#684=FACE_OUTER_BOUND('',#1146,.T.);
#685=FACE_OUTER_BOUND('',#1147,.T.);
#686=FACE_OUTER_BOUND('',#1148,.T.);
#687=FACE_OUTER_BOUND('',#1149,.T.);
#688=FACE_OUTER_BOUND('',#1150,.T.);
#689=FACE_OUTER_BOUND('',#1151,.T.);
#690=FACE_OUTER_BOUND('',#1152,.T.);
#691=FACE_OUTER_BOUND('',#1153,.T.);
#692=FACE_OUTER_BOUND('',#1154,.T.);
#693=FACE_OUTER_BOUND('',#1155,.T.);
#694=FACE_OUTER_BOUND('',#1156,.T.);
#695=FACE_OUTER_BOUND('',#1157,.T.);
#696=FACE_OUTER_BOUND('',#1158,.T.);
#697=FACE_OUTER_BOUND('',#1159,.T.);
#698=FACE_OUTER_BOUND('',#1160,.T.);
#699=FACE_OUTER_BOUND('',#1161,.T.);
#700=FACE_OUTER_BOUND('',#1162,.T.);
#701=FACE_OUTER_BOUND('',#1163,.T.);
#702=FACE_OUTER_BOUND('',#1164,.T.);
#703=FACE_OUTER_BOUND('',#1165,.T.);
#704=FACE_OUTER_BOUND('',#1166,.T.);
#705=FACE_OUTER_BOUND('',#1167,.T.);
#706=FACE_OUTER_BOUND('',#1168,.T.);
#707=EDGE_LOOP('',(#5157,#5158,#5159,#5160));
#708=EDGE_LOOP('',(#5161,#5162,#5163,#5164,#5165));
#709=EDGE_LOOP('',(#5166,#5167,#5168,#5169));
#710=EDGE_LOOP('',(#5170,#5171,#5172,#5173,#5174));
#711=EDGE_LOOP('',(#5175,#5176,#5177,#5178));
#712=EDGE_LOOP('',(#5179,#5180,#5181,#5182,#5183));
#713=EDGE_LOOP('',(#5184,#5185,#5186,#5187));
#714=EDGE_LOOP('',(#5188,#5189,#5190,#5191,#5192));
#715=EDGE_LOOP('',(#5193,#5194,#5195,#5196,#5197));
#716=EDGE_LOOP('',(#5198,#5199,#5200,#5201));
#717=EDGE_LOOP('',(#5202,#5203,#5204,#5205,#5206));
#718=EDGE_LOOP('',(#5207,#5208,#5209,#5210));
#719=EDGE_LOOP('',(#5211,#5212,#5213,#5214,#5215));
#720=EDGE_LOOP('',(#5216,#5217,#5218,#5219));
#721=EDGE_LOOP('',(#5220,#5221,#5222,#5223,#5224));
#722=EDGE_LOOP('',(#5225,#5226,#5227,#5228));
#723=EDGE_LOOP('',(#5229,#5230,#5231,#5232));
#724=EDGE_LOOP('',(#5233,#5234,#5235,#5236,#5237));
#725=EDGE_LOOP('',(#5238,#5239,#5240,#5241));
#726=EDGE_LOOP('',(#5242,#5243,#5244,#5245,#5246));
#727=EDGE_LOOP('',(#5247,#5248,#5249,#5250));
#728=EDGE_LOOP('',(#5251,#5252,#5253,#5254,#5255));
#729=EDGE_LOOP('',(#5256,#5257,#5258,#5259));
#730=EDGE_LOOP('',(#5260,#5261,#5262,#5263,#5264));
#731=EDGE_LOOP('',(#5265,#5266,#5267,#5268));
#732=EDGE_LOOP('',(#5269,#5270,#5271,#5272,#5273));
#733=EDGE_LOOP('',(#5274,#5275,#5276,#5277));
#734=EDGE_LOOP('',(#5278,#5279,#5280,#5281,#5282));
#735=EDGE_LOOP('',(#5283,#5284,#5285,#5286));
#736=EDGE_LOOP('',(#5287,#5288,#5289,#5290,#5291));
#737=EDGE_LOOP('',(#5292,#5293,#5294,#5295));
#738=EDGE_LOOP('',(#5296,#5297,#5298,#5299,#5300));
#739=EDGE_LOOP('',(#5301,#5302,#5303,#5304,#5305));
#740=EDGE_LOOP('',(#5306,#5307,#5308,#5309));
#741=EDGE_LOOP('',(#5310,#5311,#5312,#5313,#5314));
#742=EDGE_LOOP('',(#5315,#5316,#5317,#5318));
#743=EDGE_LOOP('',(#5319,#5320,#5321,#5322,#5323));
#744=EDGE_LOOP('',(#5324,#5325,#5326,#5327));
#745=EDGE_LOOP('',(#5328,#5329,#5330,#5331,#5332));
#746=EDGE_LOOP('',(#5333,#5334,#5335,#5336));
#747=EDGE_LOOP('',(#5337,#5338,#5339,#5340,#5341));
#748=EDGE_LOOP('',(#5342,#5343,#5344,#5345));
#749=EDGE_LOOP('',(#5346,#5347,#5348,#5349,#5350));
#750=EDGE_LOOP('',(#5351,#5352,#5353,#5354));
#751=EDGE_LOOP('',(#5355,#5356,#5357,#5358,#5359));
#752=EDGE_LOOP('',(#5360,#5361,#5362,#5363));
#753=EDGE_LOOP('',(#5364,#5365,#5366,#5367,#5368));
#754=EDGE_LOOP('',(#5369,#5370,#5371,#5372));
#755=EDGE_LOOP('',(#5373,#5374,#5375,#5376));
#756=EDGE_LOOP('',(#5377,#5378,#5379,#5380,#5381));
#757=EDGE_LOOP('',(#5382,#5383,#5384,#5385));
#758=EDGE_LOOP('',(#5386,#5387,#5388,#5389,#5390));
#759=EDGE_LOOP('',(#5391,#5392,#5393,#5394,#5395));
#760=EDGE_LOOP('',(#5396,#5397,#5398,#5399));
#761=EDGE_LOOP('',(#5400,#5401,#5402,#5403,#5404));
#762=EDGE_LOOP('',(#5405,#5406,#5407,#5408));
#763=EDGE_LOOP('',(#5409,#5410,#5411,#5412));
#764=EDGE_LOOP('',(#5413,#5414,#5415,#5416));
#765=EDGE_LOOP('',(#5417,#5418,#5419,#5420));
#766=EDGE_LOOP('',(#5421,#5422,#5423,#5424));
#767=EDGE_LOOP('',(#5425,#5426,#5427,#5428));
#768=EDGE_LOOP('',(#5429,#5430,#5431,#5432));
#769=EDGE_LOOP('',(#5433,#5434,#5435,#5436));
#770=EDGE_LOOP('',(#5437,#5438,#5439,#5440));
#771=EDGE_LOOP('',(#5441,#5442,#5443,#5444));
#772=EDGE_LOOP('',(#5445,#5446,#5447,#5448));
#773=EDGE_LOOP('',(#5449,#5450,#5451,#5452));
#774=EDGE_LOOP('',(#5453,#5454,#5455,#5456));
#775=EDGE_LOOP('',(#5457,#5458,#5459,#5460));
#776=EDGE_LOOP('',(#5461,#5462,#5463,#5464));
#777=EDGE_LOOP('',(#5465,#5466,#5467,#5468));
#778=EDGE_LOOP('',(#5469,#5470,#5471,#5472));
#779=EDGE_LOOP('',(#5473,#5474,#5475,#5476));
#780=EDGE_LOOP('',(#5477,#5478,#5479,#5480));
#781=EDGE_LOOP('',(#5481,#5482,#5483,#5484));
#782=EDGE_LOOP('',(#5485,#5486,#5487,#5488));
#783=EDGE_LOOP('',(#5489,#5490,#5491,#5492));
#784=EDGE_LOOP('',(#5493,#5494,#5495,#5496));
#785=EDGE_LOOP('',(#5497,#5498,#5499,#5500));
#786=EDGE_LOOP('',(#5501,#5502,#5503,#5504));
#787=EDGE_LOOP('',(#5505,#5506,#5507,#5508));
#788=EDGE_LOOP('',(#5509,#5510,#5511,#5512));
#789=EDGE_LOOP('',(#5513,#5514,#5515,#5516));
#790=EDGE_LOOP('',(#5517,#5518,#5519,#5520));
#791=EDGE_LOOP('',(#5521,#5522,#5523,#5524));
#792=EDGE_LOOP('',(#5525,#5526,#5527,#5528));
#793=EDGE_LOOP('',(#5529,#5530,#5531,#5532));
#794=EDGE_LOOP('',(#5533,#5534,#5535,#5536));
#795=EDGE_LOOP('',(#5537,#5538,#5539,#5540));
#796=EDGE_LOOP('',(#5541,#5542,#5543,#5544));
#797=EDGE_LOOP('',(#5545,#5546,#5547,#5548));
#798=EDGE_LOOP('',(#5549,#5550,#5551,#5552));
#799=EDGE_LOOP('',(#5553,#5554,#5555,#5556));
#800=EDGE_LOOP('',(#5557,#5558,#5559,#5560));
#801=EDGE_LOOP('',(#5561,#5562,#5563,#5564));
#802=EDGE_LOOP('',(#5565,#5566,#5567,#5568));
#803=EDGE_LOOP('',(#5569,#5570,#5571,#5572));
#804=EDGE_LOOP('',(#5573,#5574,#5575,#5576));
#805=EDGE_LOOP('',(#5577,#5578,#5579,#5580));
#806=EDGE_LOOP('',(#5581,#5582,#5583,#5584));
#807=EDGE_LOOP('',(#5585,#5586,#5587,#5588));
#808=EDGE_LOOP('',(#5589,#5590,#5591,#5592));
#809=EDGE_LOOP('',(#5593,#5594,#5595,#5596));
#810=EDGE_LOOP('',(#5597,#5598,#5599,#5600));
#811=EDGE_LOOP('',(#5601,#5602,#5603,#5604));
#812=EDGE_LOOP('',(#5605,#5606,#5607,#5608));
#813=EDGE_LOOP('',(#5609,#5610,#5611,#5612));
#814=EDGE_LOOP('',(#5613,#5614,#5615,#5616));
#815=EDGE_LOOP('',(#5617,#5618,#5619,#5620,#5621,#5622,#5623,#5624,#5625));
#816=EDGE_LOOP('',(#5626,#5627,#5628,#5629,#5630,#5631,#5632,#5633,#5634));
#817=EDGE_LOOP('',(#5635,#5636,#5637,#5638,#5639,#5640,#5641,#5642,#5643));
#818=EDGE_LOOP('',(#5644,#5645,#5646,#5647,#5648,#5649,#5650,#5651,#5652));
#819=EDGE_LOOP('',(#5653,#5654,#5655,#5656));
#820=EDGE_LOOP('',(#5657,#5658,#5659,#5660));
#821=EDGE_LOOP('',(#5661,#5662,#5663,#5664,#5665,#5666,#5667,#5668,#5669));
#822=EDGE_LOOP('',(#5670,#5671,#5672,#5673,#5674,#5675,#5676,#5677,#5678));
#823=EDGE_LOOP('',(#5679,#5680,#5681,#5682,#5683,#5684,#5685,#5686,#5687));
#824=EDGE_LOOP('',(#5688,#5689,#5690,#5691,#5692,#5693,#5694,#5695,#5696));
#825=EDGE_LOOP('',(#5697,#5698,#5699,#5700));
#826=EDGE_LOOP('',(#5701,#5702,#5703,#5704));
#827=EDGE_LOOP('',(#5705,#5706,#5707,#5708,#5709,#5710,#5711,#5712,#5713));
#828=EDGE_LOOP('',(#5714,#5715,#5716,#5717,#5718,#5719,#5720,#5721,#5722));
#829=EDGE_LOOP('',(#5723,#5724,#5725,#5726,#5727,#5728,#5729,#5730,#5731));
#830=EDGE_LOOP('',(#5732,#5733,#5734,#5735,#5736,#5737,#5738,#5739,#5740));
#831=EDGE_LOOP('',(#5741,#5742,#5743,#5744));
#832=EDGE_LOOP('',(#5745,#5746,#5747,#5748));
#833=EDGE_LOOP('',(#5749,#5750,#5751,#5752,#5753,#5754,#5755,#5756,#5757));
#834=EDGE_LOOP('',(#5758,#5759,#5760,#5761,#5762,#5763,#5764,#5765,#5766));
#835=EDGE_LOOP('',(#5767,#5768,#5769,#5770,#5771,#5772,#5773,#5774,#5775));
#836=EDGE_LOOP('',(#5776,#5777,#5778,#5779,#5780,#5781,#5782,#5783,#5784));
#837=EDGE_LOOP('',(#5785,#5786,#5787,#5788));
#838=EDGE_LOOP('',(#5789,#5790,#5791,#5792));
#839=EDGE_LOOP('',(#5793,#5794,#5795,#5796,#5797,#5798,#5799,#5800,#5801));
#840=EDGE_LOOP('',(#5802,#5803,#5804,#5805,#5806,#5807,#5808,#5809,#5810));
#841=EDGE_LOOP('',(#5811,#5812,#5813,#5814,#5815,#5816,#5817,#5818,#5819));
#842=EDGE_LOOP('',(#5820,#5821,#5822,#5823,#5824,#5825,#5826,#5827,#5828));
#843=EDGE_LOOP('',(#5829,#5830,#5831,#5832));
#844=EDGE_LOOP('',(#5833,#5834,#5835,#5836));
#845=EDGE_LOOP('',(#5837,#5838,#5839,#5840,#5841,#5842,#5843,#5844,#5845));
#846=EDGE_LOOP('',(#5846,#5847,#5848,#5849,#5850,#5851,#5852,#5853,#5854));
#847=EDGE_LOOP('',(#5855,#5856,#5857,#5858,#5859,#5860,#5861,#5862,#5863));
#848=EDGE_LOOP('',(#5864,#5865,#5866,#5867,#5868,#5869,#5870,#5871,#5872));
#849=EDGE_LOOP('',(#5873,#5874,#5875,#5876));
#850=EDGE_LOOP('',(#5877,#5878,#5879,#5880));
#851=EDGE_LOOP('',(#5881,#5882,#5883,#5884,#5885,#5886,#5887,#5888,#5889));
#852=EDGE_LOOP('',(#5890,#5891,#5892,#5893,#5894,#5895,#5896,#5897,#5898));
#853=EDGE_LOOP('',(#5899,#5900,#5901,#5902));
#854=EDGE_LOOP('',(#5903,#5904,#5905,#5906));
#855=EDGE_LOOP('',(#5907,#5908,#5909,#5910));
#856=EDGE_LOOP('',(#5911,#5912,#5913,#5914));
#857=EDGE_LOOP('',(#5915,#5916,#5917,#5918));
#858=EDGE_LOOP('',(#5919,#5920,#5921,#5922));
#859=EDGE_LOOP('',(#5923,#5924,#5925,#5926));
#860=EDGE_LOOP('',(#5927,#5928,#5929,#5930));
#861=EDGE_LOOP('',(#5931,#5932,#5933,#5934));
#862=EDGE_LOOP('',(#5935,#5936,#5937,#5938));
#863=EDGE_LOOP('',(#5939,#5940,#5941,#5942));
#864=EDGE_LOOP('',(#5943,#5944,#5945,#5946));
#865=EDGE_LOOP('',(#5947,#5948,#5949,#5950));
#866=EDGE_LOOP('',(#5951,#5952,#5953,#5954));
#867=EDGE_LOOP('',(#5955,#5956,#5957,#5958));
#868=EDGE_LOOP('',(#5959,#5960,#5961,#5962));
#869=EDGE_LOOP('',(#5963,#5964,#5965,#5966));
#870=EDGE_LOOP('',(#5967,#5968,#5969,#5970));
#871=EDGE_LOOP('',(#5971,#5972,#5973,#5974));
#872=EDGE_LOOP('',(#5975,#5976,#5977,#5978));
#873=EDGE_LOOP('',(#5979,#5980,#5981,#5982));
#874=EDGE_LOOP('',(#5983,#5984,#5985,#5986));
#875=EDGE_LOOP('',(#5987,#5988,#5989,#5990));
#876=EDGE_LOOP('',(#5991,#5992,#5993,#5994));
#877=EDGE_LOOP('',(#5995,#5996,#5997,#5998));
#878=EDGE_LOOP('',(#5999,#6000,#6001,#6002));
#879=EDGE_LOOP('',(#6003,#6004,#6005,#6006));
#880=EDGE_LOOP('',(#6007,#6008,#6009,#6010));
#881=EDGE_LOOP('',(#6011,#6012,#6013,#6014));
#882=EDGE_LOOP('',(#6015,#6016,#6017,#6018));
#883=EDGE_LOOP('',(#6019,#6020,#6021,#6022,#6023,#6024,#6025,#6026));
#884=EDGE_LOOP('',(#6027,#6028,#6029,#6030));
#885=EDGE_LOOP('',(#6031,#6032,#6033,#6034,#6035,#6036));
#886=EDGE_LOOP('',(#6037,#6038,#6039,#6040));
#887=EDGE_LOOP('',(#6041,#6042,#6043,#6044,#6045,#6046,#6047,#6048));
#888=EDGE_LOOP('',(#6049,#6050,#6051,#6052));
#889=EDGE_LOOP('',(#6053,#6054,#6055,#6056));
#890=EDGE_LOOP('',(#6057,#6058,#6059,#6060));
#891=EDGE_LOOP('',(#6061,#6062,#6063,#6064,#6065,#6066));
#892=EDGE_LOOP('',(#6067,#6068,#6069,#6070));
#893=EDGE_LOOP('',(#6071,#6072,#6073,#6074,#6075,#6076,#6077,#6078));
#894=EDGE_LOOP('',(#6079,#6080,#6081,#6082));
#895=EDGE_LOOP('',(#6083,#6084,#6085,#6086,#6087,#6088));
#896=EDGE_LOOP('',(#6089,#6090,#6091,#6092));
#897=EDGE_LOOP('',(#6093,#6094,#6095,#6096));
#898=EDGE_LOOP('',(#6097,#6098,#6099,#6100,#6101,#6102,#6103,#6104));
#899=EDGE_LOOP('',(#6105,#6106,#6107,#6108));
#900=EDGE_LOOP('',(#6109,#6110,#6111,#6112,#6113,#6114));
#901=EDGE_LOOP('',(#6115,#6116,#6117,#6118));
#902=EDGE_LOOP('',(#6119,#6120,#6121,#6122));
#903=EDGE_LOOP('',(#6123,#6124,#6125,#6126,#6127,#6128,#6129,#6130));
#904=EDGE_LOOP('',(#6131,#6132,#6133,#6134));
#905=EDGE_LOOP('',(#6135,#6136,#6137,#6138,#6139,#6140));
#906=EDGE_LOOP('',(#6141,#6142,#6143,#6144));
#907=EDGE_LOOP('',(#6145,#6146,#6147,#6148));
#908=EDGE_LOOP('',(#6149,#6150,#6151,#6152,#6153,#6154,#6155,#6156));
#909=EDGE_LOOP('',(#6157,#6158,#6159,#6160));
#910=EDGE_LOOP('',(#6161,#6162,#6163,#6164,#6165,#6166));
#911=EDGE_LOOP('',(#6167,#6168,#6169,#6170));
#912=EDGE_LOOP('',(#6171,#6172,#6173,#6174,#6175,#6176,#6177,#6178));
#913=EDGE_LOOP('',(#6179,#6180,#6181,#6182));
#914=EDGE_LOOP('',(#6183,#6184,#6185,#6186));
#915=EDGE_LOOP('',(#6187,#6188,#6189,#6190));
#916=EDGE_LOOP('',(#6191,#6192,#6193,#6194,#6195,#6196));
#917=EDGE_LOOP('',(#6197,#6198,#6199,#6200,#6201,#6202,#6203,#6204));
#918=EDGE_LOOP('',(#6205,#6206,#6207,#6208));
#919=EDGE_LOOP('',(#6209,#6210,#6211,#6212));
#920=EDGE_LOOP('',(#6213,#6214,#6215,#6216));
#921=EDGE_LOOP('',(#6217,#6218,#6219,#6220,#6221,#6222));
#922=EDGE_LOOP('',(#6223,#6224,#6225,#6226,#6227,#6228,#6229,#6230));
#923=EDGE_LOOP('',(#6231,#6232,#6233,#6234));
#924=EDGE_LOOP('',(#6235,#6236,#6237,#6238));
#925=EDGE_LOOP('',(#6239,#6240,#6241,#6242));
#926=EDGE_LOOP('',(#6243,#6244,#6245,#6246,#6247,#6248));
#927=EDGE_LOOP('',(#6249,#6250,#6251,#6252,#6253,#6254,#6255,#6256));
#928=EDGE_LOOP('',(#6257,#6258,#6259,#6260));
#929=EDGE_LOOP('',(#6261,#6262,#6263,#6264));
#930=EDGE_LOOP('',(#6265,#6266,#6267,#6268));
#931=EDGE_LOOP('',(#6269,#6270,#6271,#6272,#6273,#6274));
#932=EDGE_LOOP('',(#6275,#6276,#6277,#6278));
#933=EDGE_LOOP('',(#6279,#6280,#6281,#6282,#6283,#6284,#6285,#6286));
#934=EDGE_LOOP('',(#6287,#6288,#6289,#6290));
#935=EDGE_LOOP('',(#6291,#6292,#6293,#6294,#6295,#6296));
#936=EDGE_LOOP('',(#6297,#6298,#6299,#6300));
#937=EDGE_LOOP('',(#6301,#6302,#6303,#6304));
#938=EDGE_LOOP('',(#6305,#6306,#6307,#6308,#6309,#6310,#6311,#6312));
#939=EDGE_LOOP('',(#6313,#6314,#6315,#6316));
#940=EDGE_LOOP('',(#6317,#6318,#6319,#6320,#6321,#6322));
#941=EDGE_LOOP('',(#6323,#6324,#6325,#6326));
#942=EDGE_LOOP('',(#6327,#6328,#6329,#6330,#6331,#6332,#6333,#6334));
#943=EDGE_LOOP('',(#6335,#6336,#6337,#6338));
#944=EDGE_LOOP('',(#6339,#6340,#6341,#6342));
#945=EDGE_LOOP('',(#6343,#6344,#6345,#6346));
#946=EDGE_LOOP('',(#6347,#6348,#6349,#6350,#6351,#6352));
#947=EDGE_LOOP('',(#6353,#6354,#6355,#6356,#6357,#6358,#6359,#6360));
#948=EDGE_LOOP('',(#6361,#6362,#6363,#6364));
#949=EDGE_LOOP('',(#6365,#6366,#6367,#6368));
#950=EDGE_LOOP('',(#6369,#6370,#6371,#6372));
#951=EDGE_LOOP('',(#6373,#6374,#6375,#6376,#6377,#6378));
#952=EDGE_LOOP('',(#6379,#6380,#6381,#6382,#6383,#6384,#6385,#6386,#6387));
#953=EDGE_LOOP('',(#6388,#6389,#6390,#6391,#6392,#6393,#6394,#6395,#6396));
#954=EDGE_LOOP('',(#6397,#6398,#6399,#6400,#6401,#6402));
#955=EDGE_LOOP('',(#6403,#6404,#6405,#6406));
#956=EDGE_LOOP('',(#6407,#6408,#6409,#6410));
#957=EDGE_LOOP('',(#6411,#6412,#6413,#6414));
#958=EDGE_LOOP('',(#6415,#6416,#6417,#6418,#6419,#6420,#6421,#6422));
#959=EDGE_LOOP('',(#6423,#6424,#6425,#6426));
#960=EDGE_LOOP('',(#6427,#6428,#6429,#6430,#6431,#6432));
#961=EDGE_LOOP('',(#6433,#6434,#6435,#6436));
#962=EDGE_LOOP('',(#6437,#6438,#6439,#6440,#6441,#6442,#6443,#6444));
#963=EDGE_LOOP('',(#6445,#6446,#6447,#6448));
#964=EDGE_LOOP('',(#6449,#6450,#6451,#6452));
#965=EDGE_LOOP('',(#6453,#6454,#6455,#6456));
#966=EDGE_LOOP('',(#6457,#6458,#6459,#6460));
#967=EDGE_LOOP('',(#6461,#6462,#6463,#6464));
#968=EDGE_LOOP('',(#6465,#6466,#6467,#6468));
#969=EDGE_LOOP('',(#6469,#6470,#6471,#6472));
#970=EDGE_LOOP('',(#6473,#6474,#6475,#6476));
#971=EDGE_LOOP('',(#6477,#6478,#6479,#6480));
#972=EDGE_LOOP('',(#6481,#6482,#6483,#6484));
#973=EDGE_LOOP('',(#6485,#6486,#6487,#6488));
#974=EDGE_LOOP('',(#6489,#6490,#6491,#6492));
#975=EDGE_LOOP('',(#6493,#6494,#6495,#6496));
#976=EDGE_LOOP('',(#6497,#6498,#6499,#6500));
#977=EDGE_LOOP('',(#6501,#6502,#6503,#6504));
#978=EDGE_LOOP('',(#6505,#6506,#6507,#6508,#6509,#6510,#6511,#6512,#6513));
#979=EDGE_LOOP('',(#6514,#6515,#6516,#6517,#6518,#6519,#6520,#6521,#6522));
#980=EDGE_LOOP('',(#6523,#6524,#6525,#6526));
#981=EDGE_LOOP('',(#6527,#6528,#6529,#6530,#6531,#6532,#6533,#6534,#6535));
#982=EDGE_LOOP('',(#6536,#6537,#6538,#6539,#6540,#6541,#6542,#6543,#6544));
#983=EDGE_LOOP('',(#6545,#6546,#6547,#6548));
#984=EDGE_LOOP('',(#6549,#6550,#6551,#6552));
#985=EDGE_LOOP('',(#6553,#6554,#6555,#6556));
#986=EDGE_LOOP('',(#6557,#6558,#6559,#6560));
#987=EDGE_LOOP('',(#6561,#6562,#6563,#6564));
#988=EDGE_LOOP('',(#6565,#6566,#6567,#6568));
#989=EDGE_LOOP('',(#6569,#6570,#6571,#6572));
#990=EDGE_LOOP('',(#6573,#6574,#6575,#6576));
#991=EDGE_LOOP('',(#6577,#6578,#6579,#6580));
#992=EDGE_LOOP('',(#6581,#6582,#6583,#6584));
#993=EDGE_LOOP('',(#6585,#6586,#6587,#6588));
#994=EDGE_LOOP('',(#6589,#6590,#6591,#6592));
#995=EDGE_LOOP('',(#6593,#6594,#6595,#6596));
#996=EDGE_LOOP('',(#6597,#6598,#6599,#6600));
#997=EDGE_LOOP('',(#6601,#6602,#6603,#6604));
#998=EDGE_LOOP('',(#6605,#6606,#6607,#6608));
#999=EDGE_LOOP('',(#6609,#6610,#6611,#6612));
#1000=EDGE_LOOP('',(#6613,#6614,#6615,#6616));
#1001=EDGE_LOOP('',(#6617,#6618,#6619,#6620));
#1002=EDGE_LOOP('',(#6621,#6622,#6623,#6624));
#1003=EDGE_LOOP('',(#6625,#6626,#6627,#6628,#6629,#6630,#6631,#6632));
#1004=EDGE_LOOP('',(#6633,#6634,#6635,#6636));
#1005=EDGE_LOOP('',(#6637,#6638,#6639,#6640));
#1006=EDGE_LOOP('',(#6641,#6642,#6643,#6644));
#1007=EDGE_LOOP('',(#6645,#6646,#6647,#6648));
#1008=EDGE_LOOP('',(#6649,#6650,#6651,#6652));
#1009=EDGE_LOOP('',(#6653,#6654,#6655,#6656));
#1010=EDGE_LOOP('',(#6657,#6658,#6659,#6660));
#1011=EDGE_LOOP('',(#6661,#6662,#6663,#6664));
#1012=EDGE_LOOP('',(#6665,#6666,#6667,#6668));
#1013=EDGE_LOOP('',(#6669,#6670,#6671,#6672));
#1014=EDGE_LOOP('',(#6673,#6674,#6675,#6676));
#1015=EDGE_LOOP('',(#6677,#6678,#6679,#6680));
#1016=EDGE_LOOP('',(#6681,#6682,#6683,#6684));
#1017=EDGE_LOOP('',(#6685,#6686,#6687,#6688));
#1018=EDGE_LOOP('',(#6689,#6690,#6691,#6692));
#1019=EDGE_LOOP('',(#6693,#6694,#6695,#6696));
#1020=EDGE_LOOP('',(#6697,#6698,#6699,#6700));
#1021=EDGE_LOOP('',(#6701,#6702,#6703,#6704));
#1022=EDGE_LOOP('',(#6705,#6706,#6707,#6708));
#1023=EDGE_LOOP('',(#6709,#6710,#6711,#6712));
#1024=EDGE_LOOP('',(#6713,#6714,#6715,#6716));
#1025=EDGE_LOOP('',(#6717,#6718,#6719,#6720));
#1026=EDGE_LOOP('',(#6721,#6722,#6723,#6724));
#1027=EDGE_LOOP('',(#6725,#6726,#6727,#6728));
#1028=EDGE_LOOP('',(#6729,#6730,#6731,#6732));
#1029=EDGE_LOOP('',(#6733,#6734,#6735,#6736));
#1030=EDGE_LOOP('',(#6737,#6738,#6739,#6740));
#1031=EDGE_LOOP('',(#6741,#6742,#6743,#6744));
#1032=EDGE_LOOP('',(#6745,#6746,#6747,#6748));
#1033=EDGE_LOOP('',(#6749,#6750,#6751,#6752));
#1034=EDGE_LOOP('',(#6753,#6754,#6755,#6756,#6757));
#1035=EDGE_LOOP('',(#6758,#6759,#6760,#6761));
#1036=EDGE_LOOP('',(#6762,#6763,#6764,#6765,#6766));
#1037=EDGE_LOOP('',(#6767,#6768,#6769,#6770));
#1038=EDGE_LOOP('',(#6771,#6772,#6773,#6774,#6775));
#1039=EDGE_LOOP('',(#6776,#6777,#6778,#6779));
#1040=EDGE_LOOP('',(#6780,#6781,#6782,#6783,#6784));
#1041=EDGE_LOOP('',(#6785,#6786,#6787,#6788,#6789,#6790,#6791,#6792,#6793,
#6794,#6795,#6796,#6797,#6798,#6799,#6800,#6801,#6802,#6803,#6804,#6805,
#6806,#6807,#6808,#6809,#6810,#6811,#6812,#6813,#6814,#6815,#6816,#6817,
#6818,#6819,#6820,#6821,#6822,#6823,#6824,#6825,#6826,#6827,#6828,#6829,
#6830,#6831,#6832,#6833,#6834,#6835,#6836,#6837,#6838,#6839,#6840,#6841,
#6842,#6843,#6844,#6845,#6846,#6847,#6848,#6849,#6850,#6851,#6852));
#1042=EDGE_LOOP('',(#6853,#6854,#6855,#6856,#6857,#6858,#6859,#6860));
#1043=EDGE_LOOP('',(#6861,#6862,#6863,#6864,#6865,#6866,#6867,#6868,#6869,
#6870,#6871,#6872,#6873,#6874,#6875,#6876,#6877,#6878,#6879,#6880,#6881,
#6882,#6883,#6884,#6885,#6886,#6887,#6888,#6889,#6890,#6891,#6892,#6893,
#6894,#6895,#6896,#6897,#6898,#6899,#6900,#6901,#6902,#6903,#6904,#6905,
#6906,#6907,#6908,#6909,#6910,#6911,#6912,#6913,#6914,#6915,#6916,#6917,
#6918,#6919,#6920,#6921,#6922,#6923,#6924,#6925,#6926,#6927,#6928));
#1044=EDGE_LOOP('',(#6929,#6930,#6931,#6932));
#1045=EDGE_LOOP('',(#6933,#6934,#6935,#6936));
#1046=EDGE_LOOP('',(#6937,#6938,#6939,#6940));
#1047=EDGE_LOOP('',(#6941,#6942,#6943,#6944));
#1048=EDGE_LOOP('',(#6945,#6946,#6947,#6948));
#1049=EDGE_LOOP('',(#6949,#6950,#6951,#6952));
#1050=EDGE_LOOP('',(#6953,#6954,#6955,#6956,#6957,#6958,#6959,#6960,#6961,
#6962));
#1051=EDGE_LOOP('',(#6963,#6964,#6965,#6966,#6967,#6968,#6969,#6970,#6971,
#6972,#6973,#6974));
#1052=EDGE_LOOP('',(#6975,#6976,#6977,#6978));
#1053=EDGE_LOOP('',(#6979,#6980,#6981,#6982));
#1054=EDGE_LOOP('',(#6983,#6984,#6985,#6986));
#1055=EDGE_LOOP('',(#6987,#6988,#6989,#6990));
#1056=EDGE_LOOP('',(#6991,#6992,#6993,#6994));
#1057=EDGE_LOOP('',(#6995,#6996,#6997,#6998));
#1058=EDGE_LOOP('',(#6999,#7000,#7001,#7002));
#1059=EDGE_LOOP('',(#7003,#7004,#7005,#7006));
#1060=EDGE_LOOP('',(#7007,#7008,#7009,#7010));
#1061=EDGE_LOOP('',(#7011,#7012,#7013,#7014));
#1062=EDGE_LOOP('',(#7015,#7016,#7017,#7018));
#1063=EDGE_LOOP('',(#7019,#7020,#7021,#7022));
#1064=EDGE_LOOP('',(#7023,#7024,#7025,#7026));
#1065=EDGE_LOOP('',(#7027,#7028,#7029,#7030));
#1066=EDGE_LOOP('',(#7031,#7032,#7033,#7034));
#1067=EDGE_LOOP('',(#7035,#7036,#7037,#7038));
#1068=EDGE_LOOP('',(#7039,#7040,#7041,#7042));
#1069=EDGE_LOOP('',(#7043,#7044,#7045,#7046,#7047,#7048,#7049,#7050,#7051,
#7052));
#1070=EDGE_LOOP('',(#7053,#7054,#7055,#7056,#7057,#7058,#7059,#7060));
#1071=EDGE_LOOP('',(#7061,#7062,#7063,#7064,#7065));
#1072=EDGE_LOOP('',(#7066,#7067,#7068,#7069,#7070));
#1073=EDGE_LOOP('',(#7071,#7072,#7073,#7074));
#1074=EDGE_LOOP('',(#7075,#7076,#7077,#7078));
#1075=EDGE_LOOP('',(#7079,#7080,#7081,#7082,#7083));
#1076=EDGE_LOOP('',(#7084,#7085,#7086,#7087,#7088));
#1077=EDGE_LOOP('',(#7089,#7090,#7091,#7092));
#1078=EDGE_LOOP('',(#7093,#7094,#7095,#7096));
#1079=EDGE_LOOP('',(#7097,#7098,#7099,#7100));
#1080=EDGE_LOOP('',(#7101,#7102,#7103,#7104));
#1081=EDGE_LOOP('',(#7105,#7106,#7107,#7108));
#1082=EDGE_LOOP('',(#7109,#7110,#7111,#7112));
#1083=EDGE_LOOP('',(#7113,#7114,#7115,#7116,#7117,#7118));
#1084=EDGE_LOOP('',(#7119,#7120,#7121,#7122));
#1085=EDGE_LOOP('',(#7123,#7124,#7125,#7126,#7127,#7128));
#1086=EDGE_LOOP('',(#7129,#7130,#7131,#7132));
#1087=EDGE_LOOP('',(#7133,#7134,#7135,#7136));
#1088=EDGE_LOOP('',(#7137,#7138,#7139,#7140));
#1089=EDGE_LOOP('',(#7141,#7142,#7143,#7144));
#1090=EDGE_LOOP('',(#7145,#7146,#7147,#7148));
#1091=EDGE_LOOP('',(#7149,#7150,#7151,#7152));
#1092=EDGE_LOOP('',(#7153,#7154,#7155,#7156));
#1093=EDGE_LOOP('',(#7157,#7158,#7159,#7160));
#1094=EDGE_LOOP('',(#7161,#7162,#7163,#7164));
#1095=EDGE_LOOP('',(#7165,#7166,#7167,#7168));
#1096=EDGE_LOOP('',(#7169,#7170,#7171,#7172));
#1097=EDGE_LOOP('',(#7173,#7174,#7175,#7176));
#1098=EDGE_LOOP('',(#7177,#7178,#7179,#7180));
#1099=EDGE_LOOP('',(#7181,#7182,#7183,#7184));
#1100=EDGE_LOOP('',(#7185,#7186,#7187,#7188));
#1101=EDGE_LOOP('',(#7189,#7190,#7191,#7192));
#1102=EDGE_LOOP('',(#7193,#7194,#7195,#7196));
#1103=EDGE_LOOP('',(#7197,#7198,#7199,#7200));
#1104=EDGE_LOOP('',(#7201,#7202,#7203,#7204));
#1105=EDGE_LOOP('',(#7205,#7206,#7207,#7208));
#1106=EDGE_LOOP('',(#7209,#7210,#7211,#7212));
#1107=EDGE_LOOP('',(#7213,#7214,#7215,#7216));
#1108=EDGE_LOOP('',(#7217,#7218,#7219,#7220));
#1109=EDGE_LOOP('',(#7221,#7222,#7223,#7224));
#1110=EDGE_LOOP('',(#7225,#7226,#7227,#7228));
#1111=EDGE_LOOP('',(#7229,#7230,#7231,#7232));
#1112=EDGE_LOOP('',(#7233,#7234,#7235,#7236));
#1113=EDGE_LOOP('',(#7237,#7238,#7239,#7240));
#1114=EDGE_LOOP('',(#7241,#7242,#7243,#7244));
#1115=EDGE_LOOP('',(#7245,#7246,#7247,#7248));
#1116=EDGE_LOOP('',(#7249,#7250,#7251,#7252,#7253,#7254));
#1117=EDGE_LOOP('',(#7255,#7256,#7257,#7258));
#1118=EDGE_LOOP('',(#7259,#7260,#7261,#7262,#7263,#7264));
#1119=EDGE_LOOP('',(#7265,#7266,#7267,#7268));
#1120=EDGE_LOOP('',(#7269,#7270,#7271,#7272));
#1121=EDGE_LOOP('',(#7273,#7274,#7275,#7276));
#1122=EDGE_LOOP('',(#7277,#7278,#7279,#7280));
#1123=EDGE_LOOP('',(#7281,#7282,#7283,#7284));
#1124=EDGE_LOOP('',(#7285,#7286,#7287,#7288));
#1125=EDGE_LOOP('',(#7289,#7290,#7291,#7292));
#1126=EDGE_LOOP('',(#7293,#7294,#7295,#7296));
#1127=EDGE_LOOP('',(#7297,#7298,#7299,#7300,#7301,#7302));
#1128=EDGE_LOOP('',(#7303,#7304,#7305,#7306));
#1129=EDGE_LOOP('',(#7307,#7308,#7309,#7310,#7311,#7312));
#1130=EDGE_LOOP('',(#7313,#7314,#7315,#7316));
#1131=EDGE_LOOP('',(#7317,#7318,#7319,#7320,#7321,#7322));
#1132=EDGE_LOOP('',(#7323,#7324,#7325,#7326));
#1133=EDGE_LOOP('',(#7327,#7328,#7329,#7330,#7331,#7332));
#1134=EDGE_LOOP('',(#7333,#7334,#7335,#7336));
#1135=EDGE_LOOP('',(#7337,#7338,#7339,#7340));
#1136=EDGE_LOOP('',(#7341,#7342,#7343,#7344));
#1137=EDGE_LOOP('',(#7345,#7346,#7347,#7348));
#1138=EDGE_LOOP('',(#7349,#7350,#7351,#7352));
#1139=EDGE_LOOP('',(#7353,#7354,#7355));
#1140=EDGE_LOOP('',(#7356,#7357,#7358,#7359));
#1141=EDGE_LOOP('',(#7360,#7361,#7362,#7363));
#1142=EDGE_LOOP('',(#7364,#7365,#7366,#7367));
#1143=EDGE_LOOP('',(#7368,#7369,#7370));
#1144=EDGE_LOOP('',(#7371,#7372,#7373));
#1145=EDGE_LOOP('',(#7374,#7375,#7376,#7377));
#1146=EDGE_LOOP('',(#7378,#7379,#7380,#7381));
#1147=EDGE_LOOP('',(#7382,#7383,#7384,#7385));
#1148=EDGE_LOOP('',(#7386,#7387,#7388));
#1149=EDGE_LOOP('',(#7389,#7390,#7391,#7392));
#1150=EDGE_LOOP('',(#7393,#7394,#7395,#7396));
#1151=EDGE_LOOP('',(#7397,#7398,#7399,#7400));
#1152=EDGE_LOOP('',(#7401,#7402,#7403,#7404));
#1153=EDGE_LOOP('',(#7405,#7406,#7407,#7408));
#1154=EDGE_LOOP('',(#7409,#7410,#7411));
#1155=EDGE_LOOP('',(#7412,#7413,#7414,#7415));
#1156=EDGE_LOOP('',(#7416,#7417,#7418));
#1157=EDGE_LOOP('',(#7419,#7420,#7421,#7422));
#1158=EDGE_LOOP('',(#7423,#7424,#7425,#7426));
#1159=EDGE_LOOP('',(#7427,#7428,#7429,#7430));
#1160=EDGE_LOOP('',(#7431,#7432,#7433,#7434));
#1161=EDGE_LOOP('',(#7435,#7436,#7437,#7438));
#1162=EDGE_LOOP('',(#7439,#7440,#7441,#7442));
#1163=EDGE_LOOP('',(#7443,#7444,#7445));
#1164=EDGE_LOOP('',(#7446,#7447,#7448,#7449));
#1165=EDGE_LOOP('',(#7450,#7451,#7452));
#1166=EDGE_LOOP('',(#7453,#7454,#7455,#7456));
#1167=EDGE_LOOP('',(#7457,#7458,#7459,#7460));
#1168=EDGE_LOOP('',(#7461,#7462,#7463,#7464));
#1169=LINE('',#10935,#2223);
#1170=LINE('',#10937,#2224);
#1171=LINE('',#10939,#2225);
#1172=LINE('',#10940,#2226);
#1173=LINE('',#10944,#2227);
#1174=LINE('',#10945,#2228);
#1175=LINE('',#10947,#2229);
#1176=LINE('',#10948,#2230);
#1177=LINE('',#10951,#2231);
#1178=LINE('',#10953,#2232);
#1179=LINE('',#10954,#2233);
#1180=LINE('',#10957,#2234);
#1181=LINE('',#10958,#2235);
#1182=LINE('',#10959,#2236);
#1183=LINE('',#10963,#2237);
#1184=LINE('',#10965,#2238);
#1185=LINE('',#10967,#2239);
#1186=LINE('',#10968,#2240);
#1187=LINE('',#10972,#2241);
#1188=LINE('',#10973,#2242);
#1189=LINE('',#10975,#2243);
#1190=LINE('',#10976,#2244);
#1191=LINE('',#10979,#2245);
#1192=LINE('',#10981,#2246);
#1193=LINE('',#10982,#2247);
#1194=LINE('',#10985,#2248);
#1195=LINE('',#10986,#2249);
#1196=LINE('',#10987,#2250);
#1197=LINE('',#10991,#2251);
#1198=LINE('',#10993,#2252);
#1199=LINE('',#10995,#2253);
#1200=LINE('',#10997,#2254);
#1201=LINE('',#10998,#2255);
#1202=LINE('',#11001,#2256);
#1203=LINE('',#11003,#2257);
#1204=LINE('',#11004,#2258);
#1205=LINE('',#11007,#2259);
#1206=LINE('',#11009,#2260);
#1207=LINE('',#11011,#2261);
#1208=LINE('',#11012,#2262);
#1209=LINE('',#11014,#2263);
#1210=LINE('',#11015,#2264);
#1211=LINE('',#11019,#2265);
#1212=LINE('',#11021,#2266);
#1213=LINE('',#11023,#2267);
#1214=LINE('',#11025,#2268);
#1215=LINE('',#11026,#2269);
#1216=LINE('',#11029,#2270);
#1217=LINE('',#11031,#2271);
#1218=LINE('',#11032,#2272);
#1219=LINE('',#11035,#2273);
#1220=LINE('',#11037,#2274);
#1221=LINE('',#11039,#2275);
#1222=LINE('',#11040,#2276);
#1223=LINE('',#11042,#2277);
#1224=LINE('',#11043,#2278);
#1225=LINE('',#11047,#2279);
#1226=LINE('',#11049,#2280);
#1227=LINE('',#11051,#2281);
#1228=LINE('',#11052,#2282);
#1229=LINE('',#11056,#2283);
#1230=LINE('',#11057,#2284);
#1231=LINE('',#11059,#2285);
#1232=LINE('',#11060,#2286);
#1233=LINE('',#11063,#2287);
#1234=LINE('',#11065,#2288);
#1235=LINE('',#11066,#2289);
#1236=LINE('',#11069,#2290);
#1237=LINE('',#11070,#2291);
#1238=LINE('',#11071,#2292);
#1239=LINE('',#11075,#2293);
#1240=LINE('',#11077,#2294);
#1241=LINE('',#11079,#2295);
#1242=LINE('',#11080,#2296);
#1243=LINE('',#11084,#2297);
#1244=LINE('',#11085,#2298);
#1245=LINE('',#11087,#2299);
#1246=LINE('',#11088,#2300);
#1247=LINE('',#11091,#2301);
#1248=LINE('',#11093,#2302);
#1249=LINE('',#11094,#2303);
#1250=LINE('',#11097,#2304);
#1251=LINE('',#11098,#2305);
#1252=LINE('',#11099,#2306);
#1253=LINE('',#11103,#2307);
#1254=LINE('',#11105,#2308);
#1255=LINE('',#11107,#2309);
#1256=LINE('',#11108,#2310);
#1257=LINE('',#11112,#2311);
#1258=LINE('',#11113,#2312);
#1259=LINE('',#11115,#2313);
#1260=LINE('',#11116,#2314);
#1261=LINE('',#11119,#2315);
#1262=LINE('',#11121,#2316);
#1263=LINE('',#11122,#2317);
#1264=LINE('',#11125,#2318);
#1265=LINE('',#11126,#2319);
#1266=LINE('',#11127,#2320);
#1267=LINE('',#11131,#2321);
#1268=LINE('',#11133,#2322);
#1269=LINE('',#11135,#2323);
#1270=LINE('',#11136,#2324);
#1271=LINE('',#11140,#2325);
#1272=LINE('',#11141,#2326);
#1273=LINE('',#11143,#2327);
#1274=LINE('',#11144,#2328);
#1275=LINE('',#11147,#2329);
#1276=LINE('',#11149,#2330);
#1277=LINE('',#11150,#2331);
#1278=LINE('',#11153,#2332);
#1279=LINE('',#11154,#2333);
#1280=LINE('',#11155,#2334);
#1281=LINE('',#11159,#2335);
#1282=LINE('',#11161,#2336);
#1283=LINE('',#11163,#2337);
#1284=LINE('',#11165,#2338);
#1285=LINE('',#11166,#2339);
#1286=LINE('',#11169,#2340);
#1287=LINE('',#11171,#2341);
#1288=LINE('',#11172,#2342);
#1289=LINE('',#11175,#2343);
#1290=LINE('',#11177,#2344);
#1291=LINE('',#11179,#2345);
#1292=LINE('',#11180,#2346);
#1293=LINE('',#11182,#2347);
#1294=LINE('',#11183,#2348);
#1295=LINE('',#11187,#2349);
#1296=LINE('',#11189,#2350);
#1297=LINE('',#11191,#2351);
#1298=LINE('',#11193,#2352);
#1299=LINE('',#11194,#2353);
#1300=LINE('',#11197,#2354);
#1301=LINE('',#11199,#2355);
#1302=LINE('',#11200,#2356);
#1303=LINE('',#11203,#2357);
#1304=LINE('',#11205,#2358);
#1305=LINE('',#11207,#2359);
#1306=LINE('',#11208,#2360);
#1307=LINE('',#11210,#2361);
#1308=LINE('',#11211,#2362);
#1309=LINE('',#11215,#2363);
#1310=LINE('',#11217,#2364);
#1311=LINE('',#11219,#2365);
#1312=LINE('',#11221,#2366);
#1313=LINE('',#11222,#2367);
#1314=LINE('',#11225,#2368);
#1315=LINE('',#11227,#2369);
#1316=LINE('',#11228,#2370);
#1317=LINE('',#11231,#2371);
#1318=LINE('',#11233,#2372);
#1319=LINE('',#11235,#2373);
#1320=LINE('',#11236,#2374);
#1321=LINE('',#11238,#2375);
#1322=LINE('',#11239,#2376);
#1323=LINE('',#11243,#2377);
#1324=LINE('',#11245,#2378);
#1325=LINE('',#11247,#2379);
#1326=LINE('',#11249,#2380);
#1327=LINE('',#11250,#2381);
#1328=LINE('',#11253,#2382);
#1329=LINE('',#11255,#2383);
#1330=LINE('',#11256,#2384);
#1331=LINE('',#11259,#2385);
#1332=LINE('',#11261,#2386);
#1333=LINE('',#11263,#2387);
#1334=LINE('',#11264,#2388);
#1335=LINE('',#11266,#2389);
#1336=LINE('',#11267,#2390);
#1337=LINE('',#11271,#2391);
#1338=LINE('',#11273,#2392);
#1339=LINE('',#11275,#2393);
#1340=LINE('',#11276,#2394);
#1341=LINE('',#11280,#2395);
#1342=LINE('',#11281,#2396);
#1343=LINE('',#11283,#2397);
#1344=LINE('',#11284,#2398);
#1345=LINE('',#11287,#2399);
#1346=LINE('',#11289,#2400);
#1347=LINE('',#11290,#2401);
#1348=LINE('',#11293,#2402);
#1349=LINE('',#11294,#2403);
#1350=LINE('',#11295,#2404);
#1351=LINE('',#11299,#2405);
#1352=LINE('',#11301,#2406);
#1353=LINE('',#11303,#2407);
#1354=LINE('',#11305,#2408);
#1355=LINE('',#11306,#2409);
#1356=LINE('',#11309,#2410);
#1357=LINE('',#11311,#2411);
#1358=LINE('',#11312,#2412);
#1359=LINE('',#11315,#2413);
#1360=LINE('',#11317,#2414);
#1361=LINE('',#11319,#2415);
#1362=LINE('',#11320,#2416);
#1363=LINE('',#11322,#2417);
#1364=LINE('',#11323,#2418);
#1365=LINE('',#11327,#2419);
#1366=LINE('',#11329,#2420);
#1367=LINE('',#11331,#2421);
#1368=LINE('',#11332,#2422);
#1369=LINE('',#11336,#2423);
#1370=LINE('',#11338,#2424);
#1371=LINE('',#11340,#2425);
#1372=LINE('',#11341,#2426);
#1373=LINE('',#11343,#2427);
#1374=LINE('',#11344,#2428);
#1375=LINE('',#11348,#2429);
#1376=LINE('',#11350,#2430);
#1377=LINE('',#11352,#2431);
#1378=LINE('',#11353,#2432);
#1379=LINE('',#11357,#2433);
#1380=LINE('',#11359,#2434);
#1381=LINE('',#11361,#2435);
#1382=LINE('',#11362,#2436);
#1383=LINE('',#11364,#2437);
#1384=LINE('',#11365,#2438);
#1385=LINE('',#11369,#2439);
#1386=LINE('',#11371,#2440);
#1387=LINE('',#11373,#2441);
#1388=LINE('',#11374,#2442);
#1389=LINE('',#11378,#2443);
#1390=LINE('',#11380,#2444);
#1391=LINE('',#11382,#2445);
#1392=LINE('',#11383,#2446);
#1393=LINE('',#11385,#2447);
#1394=LINE('',#11386,#2448);
#1395=LINE('',#11390,#2449);
#1396=LINE('',#11392,#2450);
#1397=LINE('',#11394,#2451);
#1398=LINE('',#11395,#2452);
#1399=LINE('',#11399,#2453);
#1400=LINE('',#11401,#2454);
#1401=LINE('',#11403,#2455);
#1402=LINE('',#11404,#2456);
#1403=LINE('',#11406,#2457);
#1404=LINE('',#11407,#2458);
#1405=LINE('',#11411,#2459);
#1406=LINE('',#11413,#2460);
#1407=LINE('',#11415,#2461);
#1408=LINE('',#11416,#2462);
#1409=LINE('',#11420,#2463);
#1410=LINE('',#11422,#2464);
#1411=LINE('',#11424,#2465);
#1412=LINE('',#11425,#2466);
#1413=LINE('',#11427,#2467);
#1414=LINE('',#11428,#2468);
#1415=LINE('',#11432,#2469);
#1416=LINE('',#11434,#2470);
#1417=LINE('',#11436,#2471);
#1418=LINE('',#11437,#2472);
#1419=LINE('',#11441,#2473);
#1420=LINE('',#11443,#2474);
#1421=LINE('',#11445,#2475);
#1422=LINE('',#11446,#2476);
#1423=LINE('',#11448,#2477);
#1424=LINE('',#11449,#2478);
#1425=LINE('',#11453,#2479);
#1426=LINE('',#11455,#2480);
#1427=LINE('',#11457,#2481);
#1428=LINE('',#11458,#2482);
#1429=LINE('',#11462,#2483);
#1430=LINE('',#11464,#2484);
#1431=LINE('',#11466,#2485);
#1432=LINE('',#11467,#2486);
#1433=LINE('',#11471,#2487);
#1434=LINE('',#11473,#2488);
#1435=LINE('',#11475,#2489);
#1436=LINE('',#11476,#2490);
#1437=LINE('',#11480,#2491);
#1438=LINE('',#11482,#2492);
#1439=LINE('',#11484,#2493);
#1440=LINE('',#11485,#2494);
#1441=LINE('',#11489,#2495);
#1442=LINE('',#11491,#2496);
#1443=LINE('',#11493,#2497);
#1444=LINE('',#11494,#2498);
#1445=LINE('',#11498,#2499);
#1446=LINE('',#11500,#2500);
#1447=LINE('',#11502,#2501);
#1448=LINE('',#11503,#2502);
#1449=LINE('',#11507,#2503);
#1450=LINE('',#11509,#2504);
#1451=LINE('',#11511,#2505);
#1452=LINE('',#11512,#2506);
#1453=LINE('',#11516,#2507);
#1454=LINE('',#11518,#2508);
#1455=LINE('',#11520,#2509);
#1456=LINE('',#11521,#2510);
#1457=LINE('',#11525,#2511);
#1458=LINE('',#11527,#2512);
#1459=LINE('',#11529,#2513);
#1460=LINE('',#11530,#2514);
#1461=LINE('',#11534,#2515);
#1462=LINE('',#11536,#2516);
#1463=LINE('',#11538,#2517);
#1464=LINE('',#11539,#2518);
#1465=LINE('',#11543,#2519);
#1466=LINE('',#11545,#2520);
#1467=LINE('',#11547,#2521);
#1468=LINE('',#11548,#2522);
#1469=LINE('',#11552,#2523);
#1470=LINE('',#11554,#2524);
#1471=LINE('',#11556,#2525);
#1472=LINE('',#11557,#2526);
#1473=LINE('',#11561,#2527);
#1474=LINE('',#11563,#2528);
#1475=LINE('',#11565,#2529);
#1476=LINE('',#11566,#2530);
#1477=LINE('',#11570,#2531);
#1478=LINE('',#11572,#2532);
#1479=LINE('',#11574,#2533);
#1480=LINE('',#11575,#2534);
#1481=LINE('',#11578,#2535);
#1482=LINE('',#11580,#2536);
#1483=LINE('',#11581,#2537);
#1484=LINE('',#11584,#2538);
#1485=LINE('',#11586,#2539);
#1486=LINE('',#11587,#2540);
#1487=LINE('',#11590,#2541);
#1488=LINE('',#11592,#2542);
#1489=LINE('',#11593,#2543);
#1490=LINE('',#11596,#2544);
#1491=LINE('',#11598,#2545);
#1492=LINE('',#11599,#2546);
#1493=LINE('',#11602,#2547);
#1494=LINE('',#11604,#2548);
#1495=LINE('',#11605,#2549);
#1496=LINE('',#11608,#2550);
#1497=LINE('',#11610,#2551);
#1498=LINE('',#11611,#2552);
#1499=LINE('',#11614,#2553);
#1500=LINE('',#11616,#2554);
#1501=LINE('',#11617,#2555);
#1502=LINE('',#11620,#2556);
#1503=LINE('',#11622,#2557);
#1504=LINE('',#11623,#2558);
#1505=LINE('',#11626,#2559);
#1506=LINE('',#11628,#2560);
#1507=LINE('',#11629,#2561);
#1508=LINE('',#11632,#2562);
#1509=LINE('',#11634,#2563);
#1510=LINE('',#11635,#2564);
#1511=LINE('',#11638,#2565);
#1512=LINE('',#11640,#2566);
#1513=LINE('',#11641,#2567);
#1514=LINE('',#11644,#2568);
#1515=LINE('',#11646,#2569);
#1516=LINE('',#11647,#2570);
#1517=LINE('',#11650,#2571);
#1518=LINE('',#11652,#2572);
#1519=LINE('',#11653,#2573);
#1520=LINE('',#11656,#2574);
#1521=LINE('',#11658,#2575);
#1522=LINE('',#11659,#2576);
#1523=LINE('',#11665,#2577);
#1524=LINE('',#11668,#2578);
#1525=LINE('',#11674,#2579);
#1526=LINE('',#11677,#2580);
#1527=LINE('',#11679,#2581);
#1528=LINE('',#11680,#2582);
#1529=LINE('',#11682,#2583);
#1530=LINE('',#11683,#2584);
#1531=LINE('',#11685,#2585);
#1532=LINE('',#11689,#2586);
#1533=LINE('',#11691,#2587);
#1534=LINE('',#11693,#2588);
#1535=LINE('',#11694,#2589);
#1536=LINE('',#11697,#2590);
#1537=LINE('',#11699,#2591);
#1538=LINE('',#11701,#2592);
#1539=LINE('',#11703,#2593);
#1540=LINE('',#11704,#2594);
#1541=LINE('',#11705,#2595);
#1542=LINE('',#11707,#2596);
#1543=LINE('',#11709,#2597);
#1544=LINE('',#11711,#2598);
#1545=LINE('',#11713,#2599);
#1546=LINE('',#11715,#2600);
#1547=LINE('',#11716,#2601);
#1548=LINE('',#11719,#2602);
#1549=LINE('',#11721,#2603);
#1550=LINE('',#11723,#2604);
#1551=LINE('',#11725,#2605);
#1552=LINE('',#11727,#2606);
#1553=LINE('',#11729,#2607);
#1554=LINE('',#11730,#2608);
#1555=LINE('',#11733,#2609);
#1556=LINE('',#11735,#2610);
#1557=LINE('',#11737,#2611);
#1558=LINE('',#11739,#2612);
#1559=LINE('',#11741,#2613);
#1560=LINE('',#11743,#2614);
#1561=LINE('',#11744,#2615);
#1562=LINE('',#11746,#2616);
#1563=LINE('',#11747,#2617);
#1564=LINE('',#11751,#2618);
#1565=LINE('',#11753,#2619);
#1566=LINE('',#11755,#2620);
#1567=LINE('',#11756,#2621);
#1568=LINE('',#11759,#2622);
#1569=LINE('',#11761,#2623);
#1570=LINE('',#11763,#2624);
#1571=LINE('',#11765,#2625);
#1572=LINE('',#11766,#2626);
#1573=LINE('',#11767,#2627);
#1574=LINE('',#11769,#2628);
#1575=LINE('',#11771,#2629);
#1576=LINE('',#11773,#2630);
#1577=LINE('',#11775,#2631);
#1578=LINE('',#11777,#2632);
#1579=LINE('',#11778,#2633);
#1580=LINE('',#11781,#2634);
#1581=LINE('',#11783,#2635);
#1582=LINE('',#11785,#2636);
#1583=LINE('',#11787,#2637);
#1584=LINE('',#11789,#2638);
#1585=LINE('',#11791,#2639);
#1586=LINE('',#11792,#2640);
#1587=LINE('',#11795,#2641);
#1588=LINE('',#11797,#2642);
#1589=LINE('',#11799,#2643);
#1590=LINE('',#11801,#2644);
#1591=LINE('',#11803,#2645);
#1592=LINE('',#11805,#2646);
#1593=LINE('',#11806,#2647);
#1594=LINE('',#11808,#2648);
#1595=LINE('',#11809,#2649);
#1596=LINE('',#11813,#2650);
#1597=LINE('',#11815,#2651);
#1598=LINE('',#11817,#2652);
#1599=LINE('',#11818,#2653);
#1600=LINE('',#11821,#2654);
#1601=LINE('',#11823,#2655);
#1602=LINE('',#11825,#2656);
#1603=LINE('',#11827,#2657);
#1604=LINE('',#11828,#2658);
#1605=LINE('',#11829,#2659);
#1606=LINE('',#11831,#2660);
#1607=LINE('',#11833,#2661);
#1608=LINE('',#11835,#2662);
#1609=LINE('',#11837,#2663);
#1610=LINE('',#11839,#2664);
#1611=LINE('',#11840,#2665);
#1612=LINE('',#11843,#2666);
#1613=LINE('',#11845,#2667);
#1614=LINE('',#11847,#2668);
#1615=LINE('',#11849,#2669);
#1616=LINE('',#11851,#2670);
#1617=LINE('',#11853,#2671);
#1618=LINE('',#11854,#2672);
#1619=LINE('',#11857,#2673);
#1620=LINE('',#11859,#2674);
#1621=LINE('',#11861,#2675);
#1622=LINE('',#11863,#2676);
#1623=LINE('',#11865,#2677);
#1624=LINE('',#11867,#2678);
#1625=LINE('',#11868,#2679);
#1626=LINE('',#11870,#2680);
#1627=LINE('',#11871,#2681);
#1628=LINE('',#11875,#2682);
#1629=LINE('',#11877,#2683);
#1630=LINE('',#11879,#2684);
#1631=LINE('',#11880,#2685);
#1632=LINE('',#11883,#2686);
#1633=LINE('',#11885,#2687);
#1634=LINE('',#11887,#2688);
#1635=LINE('',#11889,#2689);
#1636=LINE('',#11890,#2690);
#1637=LINE('',#11891,#2691);
#1638=LINE('',#11893,#2692);
#1639=LINE('',#11895,#2693);
#1640=LINE('',#11897,#2694);
#1641=LINE('',#11899,#2695);
#1642=LINE('',#11901,#2696);
#1643=LINE('',#11902,#2697);
#1644=LINE('',#11905,#2698);
#1645=LINE('',#11907,#2699);
#1646=LINE('',#11909,#2700);
#1647=LINE('',#11911,#2701);
#1648=LINE('',#11913,#2702);
#1649=LINE('',#11915,#2703);
#1650=LINE('',#11916,#2704);
#1651=LINE('',#11919,#2705);
#1652=LINE('',#11921,#2706);
#1653=LINE('',#11923,#2707);
#1654=LINE('',#11925,#2708);
#1655=LINE('',#11927,#2709);
#1656=LINE('',#11929,#2710);
#1657=LINE('',#11930,#2711);
#1658=LINE('',#11932,#2712);
#1659=LINE('',#11933,#2713);
#1660=LINE('',#11937,#2714);
#1661=LINE('',#11939,#2715);
#1662=LINE('',#11941,#2716);
#1663=LINE('',#11942,#2717);
#1664=LINE('',#11945,#2718);
#1665=LINE('',#11947,#2719);
#1666=LINE('',#11949,#2720);
#1667=LINE('',#11951,#2721);
#1668=LINE('',#11952,#2722);
#1669=LINE('',#11953,#2723);
#1670=LINE('',#11955,#2724);
#1671=LINE('',#11957,#2725);
#1672=LINE('',#11959,#2726);
#1673=LINE('',#11961,#2727);
#1674=LINE('',#11963,#2728);
#1675=LINE('',#11964,#2729);
#1676=LINE('',#11967,#2730);
#1677=LINE('',#11969,#2731);
#1678=LINE('',#11971,#2732);
#1679=LINE('',#11973,#2733);
#1680=LINE('',#11975,#2734);
#1681=LINE('',#11977,#2735);
#1682=LINE('',#11978,#2736);
#1683=LINE('',#11981,#2737);
#1684=LINE('',#11983,#2738);
#1685=LINE('',#11985,#2739);
#1686=LINE('',#11987,#2740);
#1687=LINE('',#11989,#2741);
#1688=LINE('',#11991,#2742);
#1689=LINE('',#11992,#2743);
#1690=LINE('',#11994,#2744);
#1691=LINE('',#11995,#2745);
#1692=LINE('',#11999,#2746);
#1693=LINE('',#12001,#2747);
#1694=LINE('',#12003,#2748);
#1695=LINE('',#12004,#2749);
#1696=LINE('',#12007,#2750);
#1697=LINE('',#12009,#2751);
#1698=LINE('',#12011,#2752);
#1699=LINE('',#12013,#2753);
#1700=LINE('',#12014,#2754);
#1701=LINE('',#12015,#2755);
#1702=LINE('',#12017,#2756);
#1703=LINE('',#12019,#2757);
#1704=LINE('',#12021,#2758);
#1705=LINE('',#12023,#2759);
#1706=LINE('',#12025,#2760);
#1707=LINE('',#12026,#2761);
#1708=LINE('',#12029,#2762);
#1709=LINE('',#12031,#2763);
#1710=LINE('',#12033,#2764);
#1711=LINE('',#12035,#2765);
#1712=LINE('',#12037,#2766);
#1713=LINE('',#12039,#2767);
#1714=LINE('',#12040,#2768);
#1715=LINE('',#12043,#2769);
#1716=LINE('',#12045,#2770);
#1717=LINE('',#12047,#2771);
#1718=LINE('',#12049,#2772);
#1719=LINE('',#12051,#2773);
#1720=LINE('',#12053,#2774);
#1721=LINE('',#12054,#2775);
#1722=LINE('',#12056,#2776);
#1723=LINE('',#12057,#2777);
#1724=LINE('',#12061,#2778);
#1725=LINE('',#12063,#2779);
#1726=LINE('',#12065,#2780);
#1727=LINE('',#12066,#2781);
#1728=LINE('',#12068,#2782);
#1729=LINE('',#12070,#2783);
#1730=LINE('',#12072,#2784);
#1731=LINE('',#12074,#2785);
#1732=LINE('',#12076,#2786);
#1733=LINE('',#12077,#2787);
#1734=LINE('',#12080,#2788);
#1735=LINE('',#12082,#2789);
#1736=LINE('',#12084,#2790);
#1737=LINE('',#12086,#2791);
#1738=LINE('',#12088,#2792);
#1739=LINE('',#12090,#2793);
#1740=LINE('',#12091,#2794);
#1741=LINE('',#12094,#2795);
#1742=LINE('',#12096,#2796);
#1743=LINE('',#12097,#2797);
#1744=LINE('',#12101,#2798);
#1745=LINE('',#12103,#2799);
#1746=LINE('',#12105,#2800);
#1747=LINE('',#12106,#2801);
#1748=LINE('',#12109,#2802);
#1749=LINE('',#12111,#2803);
#1750=LINE('',#12112,#2804);
#1751=LINE('',#12115,#2805);
#1752=LINE('',#12117,#2806);
#1753=LINE('',#12118,#2807);
#1754=LINE('',#12120,#2808);
#1755=LINE('',#12121,#2809);
#1756=LINE('',#12126,#2810);
#1757=LINE('',#12128,#2811);
#1758=LINE('',#12130,#2812);
#1759=LINE('',#12131,#2813);
#1760=LINE('',#12134,#2814);
#1761=LINE('',#12136,#2815);
#1762=LINE('',#12137,#2816);
#1763=LINE('',#12140,#2817);
#1764=LINE('',#12142,#2818);
#1765=LINE('',#12143,#2819);
#1766=LINE('',#12145,#2820);
#1767=LINE('',#12146,#2821);
#1768=LINE('',#12151,#2822);
#1769=LINE('',#12153,#2823);
#1770=LINE('',#12155,#2824);
#1771=LINE('',#12156,#2825);
#1772=LINE('',#12159,#2826);
#1773=LINE('',#12161,#2827);
#1774=LINE('',#12162,#2828);
#1775=LINE('',#12165,#2829);
#1776=LINE('',#12167,#2830);
#1777=LINE('',#12168,#2831);
#1778=LINE('',#12170,#2832);
#1779=LINE('',#12174,#2833);
#1780=LINE('',#12176,#2834);
#1781=LINE('',#12178,#2835);
#1782=LINE('',#12179,#2836);
#1783=LINE('',#12181,#2837);
#1784=LINE('',#12183,#2838);
#1785=LINE('',#12185,#2839);
#1786=LINE('',#12187,#2840);
#1787=LINE('',#12189,#2841);
#1788=LINE('',#12191,#2842);
#1789=LINE('',#12193,#2843);
#1790=LINE('',#12195,#2844);
#1791=LINE('',#12197,#2845);
#1792=LINE('',#12199,#2846);
#1793=LINE('',#12201,#2847);
#1794=LINE('',#12203,#2848);
#1795=LINE('',#12205,#2849);
#1796=LINE('',#12207,#2850);
#1797=LINE('',#12208,#2851);
#1798=LINE('',#12210,#2852);
#1799=LINE('',#12212,#2853);
#1800=LINE('',#12214,#2854);
#1801=LINE('',#12216,#2855);
#1802=LINE('',#12218,#2856);
#1803=LINE('',#12219,#2857);
#1804=LINE('',#12221,#2858);
#1805=LINE('',#12223,#2859);
#1806=LINE('',#12225,#2860);
#1807=LINE('',#12226,#2861);
#1808=LINE('',#12230,#2862);
#1809=LINE('',#12232,#2863);
#1810=LINE('',#12233,#2864);
#1811=LINE('',#12235,#2865);
#1812=LINE('',#12236,#2866);
#1813=LINE('',#12238,#2867);
#1814=LINE('',#12241,#2868);
#1815=LINE('',#12242,#2869);
#1816=LINE('',#12245,#2870);
#1817=LINE('',#12246,#2871);
#1818=LINE('',#12248,#2872);
#1819=LINE('',#12249,#2873);
#1820=LINE('',#12251,#2874);
#1821=LINE('',#12253,#2875);
#1822=LINE('',#12255,#2876);
#1823=LINE('',#12257,#2877);
#1824=LINE('',#12259,#2878);
#1825=LINE('',#12260,#2879);
#1826=LINE('',#12262,#2880);
#1827=LINE('',#12264,#2881);
#1828=LINE('',#12266,#2882);
#1829=LINE('',#12268,#2883);
#1830=LINE('',#12270,#2884);
#1831=LINE('',#12271,#2885);
#1832=LINE('',#12273,#2886);
#1833=LINE('',#12275,#2887);
#1834=LINE('',#12277,#2888);
#1835=LINE('',#12279,#2889);
#1836=LINE('',#12282,#2890);
#1837=LINE('',#12283,#2891);
#1838=LINE('',#12284,#2892);
#1839=LINE('',#12286,#2893);
#1840=LINE('',#12289,#2894);
#1841=LINE('',#12290,#2895);
#1842=LINE('',#12293,#2896);
#1843=LINE('',#12295,#2897);
#1844=LINE('',#12296,#2898);
#1845=LINE('',#12298,#2899);
#1846=LINE('',#12300,#2900);
#1847=LINE('',#12301,#2901);
#1848=LINE('',#12303,#2902);
#1849=LINE('',#12305,#2903);
#1850=LINE('',#12307,#2904);
#1851=LINE('',#12308,#2905);
#1852=LINE('',#12311,#2906);
#1853=LINE('',#12312,#2907);
#1854=LINE('',#12314,#2908);
#1855=LINE('',#12316,#2909);
#1856=LINE('',#12318,#2910);
#1857=LINE('',#12319,#2911);
#1858=LINE('',#12322,#2912);
#1859=LINE('',#12323,#2913);
#1860=LINE('',#12325,#2914);
#1861=LINE('',#12327,#2915);
#1862=LINE('',#12329,#2916);
#1863=LINE('',#12330,#2917);
#1864=LINE('',#12333,#2918);
#1865=LINE('',#12334,#2919);
#1866=LINE('',#12336,#2920);
#1867=LINE('',#12338,#2921);
#1868=LINE('',#12340,#2922);
#1869=LINE('',#12342,#2923);
#1870=LINE('',#12344,#2924);
#1871=LINE('',#12345,#2925);
#1872=LINE('',#12347,#2926);
#1873=LINE('',#12349,#2927);
#1874=LINE('',#12351,#2928);
#1875=LINE('',#12353,#2929);
#1876=LINE('',#12355,#2930);
#1877=LINE('',#12356,#2931);
#1878=LINE('',#12358,#2932);
#1879=LINE('',#12360,#2933);
#1880=LINE('',#12362,#2934);
#1881=LINE('',#12363,#2935);
#1882=LINE('',#12366,#2936);
#1883=LINE('',#12367,#2937);
#1884=LINE('',#12369,#2938);
#1885=LINE('',#12371,#2939);
#1886=LINE('',#12373,#2940);
#1887=LINE('',#12374,#2941);
#1888=LINE('',#12378,#2942);
#1889=LINE('',#12380,#2943);
#1890=LINE('',#12382,#2944);
#1891=LINE('',#12383,#2945);
#1892=LINE('',#12386,#2946);
#1893=LINE('',#12388,#2947);
#1894=LINE('',#12390,#2948);
#1895=LINE('',#12391,#2949);
#1896=LINE('',#12395,#2950);
#1897=LINE('',#12397,#2951);
#1898=LINE('',#12399,#2952);
#1899=LINE('',#12401,#2953);
#1900=LINE('',#12403,#2954);
#1901=LINE('',#12404,#2955);
#1902=LINE('',#12407,#2956);
#1903=LINE('',#12409,#2957);
#1904=LINE('',#12410,#2958);
#1905=LINE('',#12413,#2959);
#1906=LINE('',#12415,#2960);
#1907=LINE('',#12416,#2961);
#1908=LINE('',#12419,#2962);
#1909=LINE('',#12421,#2963);
#1910=LINE('',#12422,#2964);
#1911=LINE('',#12425,#2965);
#1912=LINE('',#12427,#2966);
#1913=LINE('',#12429,#2967);
#1914=LINE('',#12430,#2968);
#1915=LINE('',#12432,#2969);
#1916=LINE('',#12433,#2970);
#1917=LINE('',#12437,#2971);
#1918=LINE('',#12439,#2972);
#1919=LINE('',#12441,#2973);
#1920=LINE('',#12442,#2974);
#1921=LINE('',#12445,#2975);
#1922=LINE('',#12447,#2976);
#1923=LINE('',#12449,#2977);
#1924=LINE('',#12451,#2978);
#1925=LINE('',#12452,#2979);
#1926=LINE('',#12455,#2980);
#1927=LINE('',#12457,#2981);
#1928=LINE('',#12458,#2982);
#1929=LINE('',#12462,#2983);
#1930=LINE('',#12463,#2984);
#1931=LINE('',#12465,#2985);
#1932=LINE('',#12467,#2986);
#1933=LINE('',#12469,#2987);
#1934=LINE('',#12471,#2988);
#1935=LINE('',#12472,#2989);
#1936=LINE('',#12474,#2990);
#1937=LINE('',#12475,#2991);
#1938=LINE('',#12479,#2992);
#1939=LINE('',#12481,#2993);
#1940=LINE('',#12483,#2994);
#1941=LINE('',#12484,#2995);
#1942=LINE('',#12488,#2996);
#1943=LINE('',#12490,#2997);
#1944=LINE('',#12492,#2998);
#1945=LINE('',#12493,#2999);
#1946=LINE('',#12497,#3000);
#1947=LINE('',#12499,#3001);
#1948=LINE('',#12501,#3002);
#1949=LINE('',#12502,#3003);
#1950=LINE('',#12506,#3004);
#1951=LINE('',#12508,#3005);
#1952=LINE('',#12510,#3006);
#1953=LINE('',#12511,#3007);
#1954=LINE('',#12515,#3008);
#1955=LINE('',#12516,#3009);
#1956=LINE('',#12517,#3010);
#1957=LINE('',#12520,#3011);
#1958=LINE('',#12521,#3012);
#1959=LINE('',#12524,#3013);
#1960=LINE('',#12525,#3014);
#1961=LINE('',#12527,#3015);
#1962=LINE('',#12531,#3016);
#1963=LINE('',#12533,#3017);
#1964=LINE('',#12535,#3018);
#1965=LINE('',#12536,#3019);
#1966=LINE('',#12540,#3020);
#1967=LINE('',#12541,#3021);
#1968=LINE('',#12542,#3022);
#1969=LINE('',#12545,#3023);
#1970=LINE('',#12546,#3024);
#1971=LINE('',#12549,#3025);
#1972=LINE('',#12550,#3026);
#1973=LINE('',#12552,#3027);
#1974=LINE('',#12556,#3028);
#1975=LINE('',#12557,#3029);
#1976=LINE('',#12558,#3030);
#1977=LINE('',#12562,#3031);
#1978=LINE('',#12563,#3032);
#1979=LINE('',#12565,#3033);
#1980=LINE('',#12566,#3034);
#1981=LINE('',#12570,#3035);
#1982=LINE('',#12571,#3036);
#1983=LINE('',#12573,#3037);
#1984=LINE('',#12574,#3038);
#1985=LINE('',#12578,#3039);
#1986=LINE('',#12579,#3040);
#1987=LINE('',#12580,#3041);
#1988=LINE('',#12584,#3042);
#1989=LINE('',#12585,#3043);
#1990=LINE('',#12587,#3044);
#1991=LINE('',#12588,#3045);
#1992=LINE('',#12592,#3046);
#1993=LINE('',#12593,#3047);
#1994=LINE('',#12595,#3048);
#1995=LINE('',#12596,#3049);
#1996=LINE('',#12599,#3050);
#1997=LINE('',#12601,#3051);
#1998=LINE('',#12602,#3052);
#1999=LINE('',#12605,#3053);
#2000=LINE('',#12607,#3054);
#2001=LINE('',#12608,#3055);
#2002=LINE('',#12610,#3056);
#2003=LINE('',#12611,#3057);
#2004=LINE('',#12614,#3058);
#2005=LINE('',#12615,#3059);
#2006=LINE('',#12618,#3060);
#2007=LINE('',#12619,#3061);
#2008=LINE('',#12621,#3062);
#2009=LINE('',#12627,#3063);
#2010=LINE('',#12630,#3064);
#2011=LINE('',#12633,#3065);
#2012=LINE('',#12635,#3066);
#2013=LINE('',#12636,#3067);
#2014=LINE('',#12642,#3068);
#2015=LINE('',#12644,#3069);
#2016=LINE('',#12645,#3070);
#2017=LINE('',#12647,#3071);
#2018=LINE('',#12648,#3072);
#2019=LINE('',#12650,#3073);
#2020=LINE('',#12651,#3074);
#2021=LINE('',#12653,#3075);
#2022=LINE('',#12655,#3076);
#2023=LINE('',#12657,#3077);
#2024=LINE('',#12658,#3078);
#2025=LINE('',#12660,#3079);
#2026=LINE('',#12662,#3080);
#2027=LINE('',#12664,#3081);
#2028=LINE('',#12665,#3082);
#2029=LINE('',#12667,#3083);
#2030=LINE('',#12669,#3084);
#2031=LINE('',#12671,#3085);
#2032=LINE('',#12674,#3086);
#2033=LINE('',#12676,#3087);
#2034=LINE('',#12678,#3088);
#2035=LINE('',#12679,#3089);
#2036=LINE('',#12682,#3090);
#2037=LINE('',#12684,#3091);
#2038=LINE('',#12686,#3092);
#2039=LINE('',#12687,#3093);
#2040=LINE('',#12689,#3094);
#2041=LINE('',#12690,#3095);
#2042=LINE('',#12692,#3096);
#2043=LINE('',#12694,#3097);
#2044=LINE('',#12697,#3098);
#2045=LINE('',#12698,#3099);
#2046=LINE('',#12700,#3100);
#2047=LINE('',#12702,#3101);
#2048=LINE('',#12706,#3102);
#2049=LINE('',#12714,#3103);
#2050=LINE('',#12717,#3104);
#2051=LINE('',#12723,#3105);
#2052=LINE('',#12726,#3106);
#2053=LINE('',#12732,#3107);
#2054=LINE('',#12735,#3108);
#2055=LINE('',#12741,#3109);
#2056=LINE('',#12744,#3110);
#2057=LINE('',#12750,#3111);
#2058=LINE('',#12753,#3112);
#2059=LINE('',#12757,#3113);
#2060=LINE('',#12759,#3114);
#2061=LINE('',#12761,#3115);
#2062=LINE('',#12763,#3116);
#2063=LINE('',#12765,#3117);
#2064=LINE('',#12767,#3118);
#2065=LINE('',#12769,#3119);
#2066=LINE('',#12771,#3120);
#2067=LINE('',#12773,#3121);
#2068=LINE('',#12774,#3122);
#2069=LINE('',#12779,#3123);
#2070=LINE('',#12785,#3124);
#2071=LINE('',#12791,#3125);
#2072=LINE('',#12797,#3126);
#2073=LINE('',#12801,#3127);
#2074=LINE('',#12803,#3128);
#2075=LINE('',#12804,#3129);
#2076=LINE('',#12807,#3130);
#2077=LINE('',#12809,#3131);
#2078=LINE('',#12810,#3132);
#2079=LINE('',#12812,#3133);
#2080=LINE('',#12814,#3134);
#2081=LINE('',#12816,#3135);
#2082=LINE('',#12817,#3136);
#2083=LINE('',#12819,#3137);
#2084=LINE('',#12820,#3138);
#2085=LINE('',#12823,#3139);
#2086=LINE('',#12824,#3140);
#2087=LINE('',#12827,#3141);
#2088=LINE('',#12828,#3142);
#2089=LINE('',#12830,#3143);
#2090=LINE('',#12831,#3144);
#2091=LINE('',#12833,#3145);
#2092=LINE('',#12834,#3146);
#2093=LINE('',#12837,#3147);
#2094=LINE('',#12839,#3148);
#2095=LINE('',#12840,#3149);
#2096=LINE('',#12843,#3150);
#2097=LINE('',#12844,#3151);
#2098=LINE('',#12847,#3152);
#2099=LINE('',#12848,#3153);
#2100=LINE('',#12851,#3154);
#2101=LINE('',#12852,#3155);
#2102=LINE('',#12855,#3156);
#2103=LINE('',#12856,#3157);
#2104=LINE('',#12859,#3158);
#2105=LINE('',#12860,#3159);
#2106=LINE('',#12863,#3160);
#2107=LINE('',#12864,#3161);
#2108=LINE('',#12867,#3162);
#2109=LINE('',#12868,#3163);
#2110=LINE('',#12871,#3164);
#2111=LINE('',#12872,#3165);
#2112=LINE('',#12874,#3166);
#2113=LINE('',#12877,#3167);
#2114=LINE('',#12929,#3168);
#2115=LINE('',#12981,#3169);
#2116=LINE('',#13033,#3170);
#2117=LINE('',#13093,#3171);
#2118=LINE('',#13109,#3172);
#2119=LINE('',#13130,#3173);
#2120=LINE('',#13132,#3174);
#2121=LINE('',#13138,#3175);
#2122=LINE('',#13140,#3176);
#2123=LINE('',#13143,#3177);
#2124=LINE('',#13145,#3178);
#2125=LINE('',#13146,#3179);
#2126=LINE('',#13149,#3180);
#2127=LINE('',#13151,#3181);
#2128=LINE('',#13152,#3182);
#2129=LINE('',#13154,#3183);
#2130=LINE('',#13156,#3184);
#2131=LINE('',#13160,#3185);
#2132=LINE('',#13167,#3186);
#2133=LINE('',#13170,#3187);
#2134=LINE('',#13172,#3188);
#2135=LINE('',#13175,#3189);
#2136=LINE('',#13176,#3190);
#2137=LINE('',#13178,#3191);
#2138=LINE('',#13180,#3192);
#2139=LINE('',#13182,#3193);
#2140=LINE('',#13183,#3194);
#2141=LINE('',#13185,#3195);
#2142=LINE('',#13187,#3196);
#2143=LINE('',#13195,#3197);
#2144=LINE('',#13202,#3198);
#2145=LINE('',#13205,#3199);
#2146=LINE('',#13207,#3200);
#2147=LINE('',#13212,#3201);
#2148=LINE('',#13217,#3202);
#2149=LINE('',#13221,#3203);
#2150=LINE('',#13223,#3204);
#2151=LINE('',#13226,#3205);
#2152=LINE('',#13228,#3206);
#2153=LINE('',#13229,#3207);
#2154=LINE('',#13232,#3208);
#2155=LINE('',#13233,#3209);
#2156=LINE('',#13236,#3210);
#2157=LINE('',#13237,#3211);
#2158=LINE('',#13239,#3212);
#2159=LINE('',#13242,#3213);
#2160=LINE('',#13244,#3214);
#2161=LINE('',#13245,#3215);
#2162=LINE('',#13248,#3216);
#2163=LINE('',#13249,#3217);
#2164=LINE('',#13252,#3218);
#2165=LINE('',#13253,#3219);
#2166=LINE('',#13255,#3220);
#2167=LINE('',#13262,#3221);
#2168=LINE('',#13266,#3222);
#2169=LINE('',#13268,#3223);
#2170=LINE('',#13276,#3224);
#2171=LINE('',#13279,#3225);
#2172=LINE('',#13281,#3226);
#2173=LINE('',#13284,#3227);
#2174=LINE('',#13286,#3228);
#2175=LINE('',#13287,#3229);
#2176=LINE('',#13290,#3230);
#2177=LINE('',#13291,#3231);
#2178=LINE('',#13294,#3232);
#2179=LINE('',#13295,#3233);
#2180=LINE('',#13297,#3234);
#2181=LINE('',#13301,#3235);
#2182=LINE('',#13308,#3236);
#2183=LINE('',#13311,#3237);
#2184=LINE('',#13313,#3238);
#2185=LINE('',#13319,#3239);
#2186=LINE('',#13322,#3240);
#2187=LINE('',#13328,#3241);
#2188=LINE('',#13331,#3242);
#2189=LINE('',#13333,#3243);
#2190=LINE('',#13334,#3244);
#2191=LINE('',#13336,#3245);
#2192=LINE('',#13337,#3246);
#2193=LINE('',#13339,#3247);
#2194=LINE('',#13341,#3248);
#2195=LINE('',#13356,#3249);
#2196=LINE('',#13358,#3250);
#2197=LINE('',#13360,#3251);
#2198=LINE('',#13374,#3252);
#2199=LINE('',#13376,#3253);
#2200=LINE('',#13378,#3254);
#2201=LINE('',#13379,#3255);
#2202=LINE('',#13383,#3256);
#2203=LINE('',#13385,#3257);
#2204=LINE('',#13387,#3258);
#2205=LINE('',#13411,#3259);
#2206=LINE('',#13413,#3260);
#2207=LINE('',#13415,#3261);
#2208=LINE('',#13416,#3262);
#2209=LINE('',#13564,#3263);
#2210=LINE('',#13569,#3264);
#2211=LINE('',#13577,#3265);
#2212=LINE('',#13581,#3266);
#2213=LINE('',#13726,#3267);
#2214=LINE('',#13735,#3268);
#2215=LINE('',#13739,#3269);
#2216=LINE('',#13744,#3270);
#2217=LINE('',#13745,#3271);
#2218=LINE('',#13755,#3272);
#2219=LINE('',#13756,#3273);
#2220=LINE('',#13759,#3274);
#2221=LINE('',#13761,#3275);
#2222=LINE('',#13765,#3276);
#2223=VECTOR('',#8826,1000.);
#2224=VECTOR('',#8827,1000.);
#2225=VECTOR('',#8828,1000.);
#2226=VECTOR('',#8829,1000.);
#2227=VECTOR('',#8832,1000.);
#2228=VECTOR('',#8833,1000.);
#2229=VECTOR('',#8834,1000.);
#2230=VECTOR('',#8835,1000.);
#2231=VECTOR('',#8838,1000.);
#2232=VECTOR('',#8839,1000.);
#2233=VECTOR('',#8840,1000.);
#2234=VECTOR('',#8843,1000.);
#2235=VECTOR('',#8844,1000.);
#2236=VECTOR('',#8845,1000.);
#2237=VECTOR('',#8848,1000.);
#2238=VECTOR('',#8849,1000.);
#2239=VECTOR('',#8850,1000.);
#2240=VECTOR('',#8851,1000.);
#2241=VECTOR('',#8854,1000.);
#2242=VECTOR('',#8855,1000.);
#2243=VECTOR('',#8856,1000.);
#2244=VECTOR('',#8857,1000.);
#2245=VECTOR('',#8860,1000.);
#2246=VECTOR('',#8861,1000.);
#2247=VECTOR('',#8862,1000.);
#2248=VECTOR('',#8865,1000.);
#2249=VECTOR('',#8866,1000.);
#2250=VECTOR('',#8867,1000.);
#2251=VECTOR('',#8870,1000.);
#2252=VECTOR('',#8871,1000.);
#2253=VECTOR('',#8872,1000.);
#2254=VECTOR('',#8873,1000.);
#2255=VECTOR('',#8874,1000.);
#2256=VECTOR('',#8877,1000.);
#2257=VECTOR('',#8878,1000.);
#2258=VECTOR('',#8879,1000.);
#2259=VECTOR('',#8882,1000.);
#2260=VECTOR('',#8883,1000.);
#2261=VECTOR('',#8884,1000.);
#2262=VECTOR('',#8885,1000.);
#2263=VECTOR('',#8888,1000.);
#2264=VECTOR('',#8889,1000.);
#2265=VECTOR('',#8892,1000.);
#2266=VECTOR('',#8893,1000.);
#2267=VECTOR('',#8894,1000.);
#2268=VECTOR('',#8895,1000.);
#2269=VECTOR('',#8896,1000.);
#2270=VECTOR('',#8899,1000.);
#2271=VECTOR('',#8900,1000.);
#2272=VECTOR('',#8901,1000.);
#2273=VECTOR('',#8904,1000.);
#2274=VECTOR('',#8905,1000.);
#2275=VECTOR('',#8906,1000.);
#2276=VECTOR('',#8907,1000.);
#2277=VECTOR('',#8910,1000.);
#2278=VECTOR('',#8911,1000.);
#2279=VECTOR('',#8914,1000.);
#2280=VECTOR('',#8915,1000.);
#2281=VECTOR('',#8916,1000.);
#2282=VECTOR('',#8917,1000.);
#2283=VECTOR('',#8920,1000.);
#2284=VECTOR('',#8921,1000.);
#2285=VECTOR('',#8922,1000.);
#2286=VECTOR('',#8923,1000.);
#2287=VECTOR('',#8926,1000.);
#2288=VECTOR('',#8927,1000.);
#2289=VECTOR('',#8928,1000.);
#2290=VECTOR('',#8931,1000.);
#2291=VECTOR('',#8932,1000.);
#2292=VECTOR('',#8933,1000.);
#2293=VECTOR('',#8936,1000.);
#2294=VECTOR('',#8937,1000.);
#2295=VECTOR('',#8938,1000.);
#2296=VECTOR('',#8939,1000.);
#2297=VECTOR('',#8942,1000.);
#2298=VECTOR('',#8943,1000.);
#2299=VECTOR('',#8944,1000.);
#2300=VECTOR('',#8945,1000.);
#2301=VECTOR('',#8948,1000.);
#2302=VECTOR('',#8949,1000.);
#2303=VECTOR('',#8950,1000.);
#2304=VECTOR('',#8953,1000.);
#2305=VECTOR('',#8954,1000.);
#2306=VECTOR('',#8955,1000.);
#2307=VECTOR('',#8958,1000.);
#2308=VECTOR('',#8959,1000.);
#2309=VECTOR('',#8960,1000.);
#2310=VECTOR('',#8961,1000.);
#2311=VECTOR('',#8964,1000.);
#2312=VECTOR('',#8965,1000.);
#2313=VECTOR('',#8966,1000.);
#2314=VECTOR('',#8967,1000.);
#2315=VECTOR('',#8970,1000.);
#2316=VECTOR('',#8971,1000.);
#2317=VECTOR('',#8972,1000.);
#2318=VECTOR('',#8975,1000.);
#2319=VECTOR('',#8976,1000.);
#2320=VECTOR('',#8977,1000.);
#2321=VECTOR('',#8980,1000.);
#2322=VECTOR('',#8981,1000.);
#2323=VECTOR('',#8982,1000.);
#2324=VECTOR('',#8983,1000.);
#2325=VECTOR('',#8986,1000.);
#2326=VECTOR('',#8987,1000.);
#2327=VECTOR('',#8988,1000.);
#2328=VECTOR('',#8989,1000.);
#2329=VECTOR('',#8992,1000.);
#2330=VECTOR('',#8993,1000.);
#2331=VECTOR('',#8994,1000.);
#2332=VECTOR('',#8997,1000.);
#2333=VECTOR('',#8998,1000.);
#2334=VECTOR('',#8999,1000.);
#2335=VECTOR('',#9002,1000.);
#2336=VECTOR('',#9003,1000.);
#2337=VECTOR('',#9004,1000.);
#2338=VECTOR('',#9005,1000.);
#2339=VECTOR('',#9006,1000.);
#2340=VECTOR('',#9009,1000.);
#2341=VECTOR('',#9010,1000.);
#2342=VECTOR('',#9011,1000.);
#2343=VECTOR('',#9014,1000.);
#2344=VECTOR('',#9015,1000.);
#2345=VECTOR('',#9016,1000.);
#2346=VECTOR('',#9017,1000.);
#2347=VECTOR('',#9020,1000.);
#2348=VECTOR('',#9021,1000.);
#2349=VECTOR('',#9024,1000.);
#2350=VECTOR('',#9025,1000.);
#2351=VECTOR('',#9026,1000.);
#2352=VECTOR('',#9027,1000.);
#2353=VECTOR('',#9028,1000.);
#2354=VECTOR('',#9031,1000.);
#2355=VECTOR('',#9032,1000.);
#2356=VECTOR('',#9033,1000.);
#2357=VECTOR('',#9036,1000.);
#2358=VECTOR('',#9037,1000.);
#2359=VECTOR('',#9038,1000.);
#2360=VECTOR('',#9039,1000.);
#2361=VECTOR('',#9042,1000.);
#2362=VECTOR('',#9043,1000.);
#2363=VECTOR('',#9046,1000.);
#2364=VECTOR('',#9047,1000.);
#2365=VECTOR('',#9048,1000.);
#2366=VECTOR('',#9049,1000.);
#2367=VECTOR('',#9050,1000.);
#2368=VECTOR('',#9053,1000.);
#2369=VECTOR('',#9054,1000.);
#2370=VECTOR('',#9055,1000.);
#2371=VECTOR('',#9058,1000.);
#2372=VECTOR('',#9059,1000.);
#2373=VECTOR('',#9060,1000.);
#2374=VECTOR('',#9061,1000.);
#2375=VECTOR('',#9064,1000.);
#2376=VECTOR('',#9065,1000.);
#2377=VECTOR('',#9068,1000.);
#2378=VECTOR('',#9069,1000.);
#2379=VECTOR('',#9070,1000.);
#2380=VECTOR('',#9071,1000.);
#2381=VECTOR('',#9072,1000.);
#2382=VECTOR('',#9075,1000.);
#2383=VECTOR('',#9076,1000.);
#2384=VECTOR('',#9077,1000.);
#2385=VECTOR('',#9080,1000.);
#2386=VECTOR('',#9081,1000.);
#2387=VECTOR('',#9082,1000.);
#2388=VECTOR('',#9083,1000.);
#2389=VECTOR('',#9086,1000.);
#2390=VECTOR('',#9087,1000.);
#2391=VECTOR('',#9090,1000.);
#2392=VECTOR('',#9091,1000.);
#2393=VECTOR('',#9092,1000.);
#2394=VECTOR('',#9093,1000.);
#2395=VECTOR('',#9096,1000.);
#2396=VECTOR('',#9097,1000.);
#2397=VECTOR('',#9098,1000.);
#2398=VECTOR('',#9099,1000.);
#2399=VECTOR('',#9102,1000.);
#2400=VECTOR('',#9103,1000.);
#2401=VECTOR('',#9104,1000.);
#2402=VECTOR('',#9107,1000.);
#2403=VECTOR('',#9108,1000.);
#2404=VECTOR('',#9109,1000.);
#2405=VECTOR('',#9112,1000.);
#2406=VECTOR('',#9113,1000.);
#2407=VECTOR('',#9114,1000.);
#2408=VECTOR('',#9115,1000.);
#2409=VECTOR('',#9116,1000.);
#2410=VECTOR('',#9119,1000.);
#2411=VECTOR('',#9120,1000.);
#2412=VECTOR('',#9121,1000.);
#2413=VECTOR('',#9124,1000.);
#2414=VECTOR('',#9125,1000.);
#2415=VECTOR('',#9126,1000.);
#2416=VECTOR('',#9127,1000.);
#2417=VECTOR('',#9130,1000.);
#2418=VECTOR('',#9131,1000.);
#2419=VECTOR('',#9134,1000.);
#2420=VECTOR('',#9135,1000.);
#2421=VECTOR('',#9136,1000.);
#2422=VECTOR('',#9137,1000.);
#2423=VECTOR('',#9140,1000.);
#2424=VECTOR('',#9141,1000.);
#2425=VECTOR('',#9142,1000.);
#2426=VECTOR('',#9143,1000.);
#2427=VECTOR('',#9146,1000.);
#2428=VECTOR('',#9147,1000.);
#2429=VECTOR('',#9150,1000.);
#2430=VECTOR('',#9151,1000.);
#2431=VECTOR('',#9152,1000.);
#2432=VECTOR('',#9153,1000.);
#2433=VECTOR('',#9156,1000.);
#2434=VECTOR('',#9157,1000.);
#2435=VECTOR('',#9158,1000.);
#2436=VECTOR('',#9159,1000.);
#2437=VECTOR('',#9162,1000.);
#2438=VECTOR('',#9163,1000.);
#2439=VECTOR('',#9166,1000.);
#2440=VECTOR('',#9167,1000.);
#2441=VECTOR('',#9168,1000.);
#2442=VECTOR('',#9169,1000.);
#2443=VECTOR('',#9172,1000.);
#2444=VECTOR('',#9173,1000.);
#2445=VECTOR('',#9174,1000.);
#2446=VECTOR('',#9175,1000.);
#2447=VECTOR('',#9178,1000.);
#2448=VECTOR('',#9179,1000.);
#2449=VECTOR('',#9182,1000.);
#2450=VECTOR('',#9183,1000.);
#2451=VECTOR('',#9184,1000.);
#2452=VECTOR('',#9185,1000.);
#2453=VECTOR('',#9188,1000.);
#2454=VECTOR('',#9189,1000.);
#2455=VECTOR('',#9190,1000.);
#2456=VECTOR('',#9191,1000.);
#2457=VECTOR('',#9194,1000.);
#2458=VECTOR('',#9195,1000.);
#2459=VECTOR('',#9198,1000.);
#2460=VECTOR('',#9199,1000.);
#2461=VECTOR('',#9200,1000.);
#2462=VECTOR('',#9201,1000.);
#2463=VECTOR('',#9204,1000.);
#2464=VECTOR('',#9205,1000.);
#2465=VECTOR('',#9206,1000.);
#2466=VECTOR('',#9207,1000.);
#2467=VECTOR('',#9210,1000.);
#2468=VECTOR('',#9211,1000.);
#2469=VECTOR('',#9214,1000.);
#2470=VECTOR('',#9215,1000.);
#2471=VECTOR('',#9216,1000.);
#2472=VECTOR('',#9217,1000.);
#2473=VECTOR('',#9220,1000.);
#2474=VECTOR('',#9221,1000.);
#2475=VECTOR('',#9222,1000.);
#2476=VECTOR('',#9223,1000.);
#2477=VECTOR('',#9226,1000.);
#2478=VECTOR('',#9227,1000.);
#2479=VECTOR('',#9230,1000.);
#2480=VECTOR('',#9231,1000.);
#2481=VECTOR('',#9232,1000.);
#2482=VECTOR('',#9233,1000.);
#2483=VECTOR('',#9236,1000.);
#2484=VECTOR('',#9237,1000.);
#2485=VECTOR('',#9238,1000.);
#2486=VECTOR('',#9239,1000.);
#2487=VECTOR('',#9242,1000.);
#2488=VECTOR('',#9243,1000.);
#2489=VECTOR('',#9244,1000.);
#2490=VECTOR('',#9245,1000.);
#2491=VECTOR('',#9248,1000.);
#2492=VECTOR('',#9249,1000.);
#2493=VECTOR('',#9250,1000.);
#2494=VECTOR('',#9251,1000.);
#2495=VECTOR('',#9254,1000.);
#2496=VECTOR('',#9255,1000.);
#2497=VECTOR('',#9256,1000.);
#2498=VECTOR('',#9257,1000.);
#2499=VECTOR('',#9260,1000.);
#2500=VECTOR('',#9261,1000.);
#2501=VECTOR('',#9262,1000.);
#2502=VECTOR('',#9263,1000.);
#2503=VECTOR('',#9266,1000.);
#2504=VECTOR('',#9267,1000.);
#2505=VECTOR('',#9268,1000.);
#2506=VECTOR('',#9269,1000.);
#2507=VECTOR('',#9272,1000.);
#2508=VECTOR('',#9273,1000.);
#2509=VECTOR('',#9274,1000.);
#2510=VECTOR('',#9275,1000.);
#2511=VECTOR('',#9278,1000.);
#2512=VECTOR('',#9279,1000.);
#2513=VECTOR('',#9280,1000.);
#2514=VECTOR('',#9281,1000.);
#2515=VECTOR('',#9284,1000.);
#2516=VECTOR('',#9285,1000.);
#2517=VECTOR('',#9286,1000.);
#2518=VECTOR('',#9287,1000.);
#2519=VECTOR('',#9290,1000.);
#2520=VECTOR('',#9291,1000.);
#2521=VECTOR('',#9292,1000.);
#2522=VECTOR('',#9293,1000.);
#2523=VECTOR('',#9296,1000.);
#2524=VECTOR('',#9297,1000.);
#2525=VECTOR('',#9298,1000.);
#2526=VECTOR('',#9299,1000.);
#2527=VECTOR('',#9302,1000.);
#2528=VECTOR('',#9303,1000.);
#2529=VECTOR('',#9304,1000.);
#2530=VECTOR('',#9305,1000.);
#2531=VECTOR('',#9308,1000.);
#2532=VECTOR('',#9309,1000.);
#2533=VECTOR('',#9310,1000.);
#2534=VECTOR('',#9311,1000.);
#2535=VECTOR('',#9314,1000.);
#2536=VECTOR('',#9315,1000.);
#2537=VECTOR('',#9316,1000.);
#2538=VECTOR('',#9319,1000.);
#2539=VECTOR('',#9320,1000.);
#2540=VECTOR('',#9321,1000.);
#2541=VECTOR('',#9324,1000.);
#2542=VECTOR('',#9325,1000.);
#2543=VECTOR('',#9326,1000.);
#2544=VECTOR('',#9329,1000.);
#2545=VECTOR('',#9330,1000.);
#2546=VECTOR('',#9331,1000.);
#2547=VECTOR('',#9334,1000.);
#2548=VECTOR('',#9335,1000.);
#2549=VECTOR('',#9336,1000.);
#2550=VECTOR('',#9339,1000.);
#2551=VECTOR('',#9340,1000.);
#2552=VECTOR('',#9341,1000.);
#2553=VECTOR('',#9344,1000.);
#2554=VECTOR('',#9345,1000.);
#2555=VECTOR('',#9346,1000.);
#2556=VECTOR('',#9349,1000.);
#2557=VECTOR('',#9350,1000.);
#2558=VECTOR('',#9351,1000.);
#2559=VECTOR('',#9354,1000.);
#2560=VECTOR('',#9355,1000.);
#2561=VECTOR('',#9356,1000.);
#2562=VECTOR('',#9359,1000.);
#2563=VECTOR('',#9360,1000.);
#2564=VECTOR('',#9361,1000.);
#2565=VECTOR('',#9364,1000.);
#2566=VECTOR('',#9365,1000.);
#2567=VECTOR('',#9366,1000.);
#2568=VECTOR('',#9369,1000.);
#2569=VECTOR('',#9370,1000.);
#2570=VECTOR('',#9371,1000.);
#2571=VECTOR('',#9374,1000.);
#2572=VECTOR('',#9375,1000.);
#2573=VECTOR('',#9376,1000.);
#2574=VECTOR('',#9379,1000.);
#2575=VECTOR('',#9380,1000.);
#2576=VECTOR('',#9381,1000.);
#2577=VECTOR('',#9386,1000.);
#2578=VECTOR('',#9389,1000.);
#2579=VECTOR('',#9394,1000.);
#2580=VECTOR('',#9397,1000.);
#2581=VECTOR('',#9400,1000.);
#2582=VECTOR('',#9401,1000.);
#2583=VECTOR('',#9404,1000.);
#2584=VECTOR('',#9405,1000.);
#2585=VECTOR('',#9408,1000.);
#2586=VECTOR('',#9411,1000.);
#2587=VECTOR('',#9412,1000.);
#2588=VECTOR('',#9413,1000.);
#2589=VECTOR('',#9414,1000.);
#2590=VECTOR('',#9417,1000.);
#2591=VECTOR('',#9418,1000.);
#2592=VECTOR('',#9419,1000.);
#2593=VECTOR('',#9420,1000.);
#2594=VECTOR('',#9421,1000.);
#2595=VECTOR('',#9422,1000.);
#2596=VECTOR('',#9425,1000.);
#2597=VECTOR('',#9426,1000.);
#2598=VECTOR('',#9427,1000.);
#2599=VECTOR('',#9428,1000.);
#2600=VECTOR('',#9429,1000.);
#2601=VECTOR('',#9430,1000.);
#2602=VECTOR('',#9433,1000.);
#2603=VECTOR('',#9434,1000.);
#2604=VECTOR('',#9435,1000.);
#2605=VECTOR('',#9436,1000.);
#2606=VECTOR('',#9437,1000.);
#2607=VECTOR('',#9438,1000.);
#2608=VECTOR('',#9439,1000.);
#2609=VECTOR('',#9442,1000.);
#2610=VECTOR('',#9443,1000.);
#2611=VECTOR('',#9444,1000.);
#2612=VECTOR('',#9445,1000.);
#2613=VECTOR('',#9446,1000.);
#2614=VECTOR('',#9447,1000.);
#2615=VECTOR('',#9448,1000.);
#2616=VECTOR('',#9451,1000.);
#2617=VECTOR('',#9452,1000.);
#2618=VECTOR('',#9455,1000.);
#2619=VECTOR('',#9456,1000.);
#2620=VECTOR('',#9457,1000.);
#2621=VECTOR('',#9458,1000.);
#2622=VECTOR('',#9461,1000.);
#2623=VECTOR('',#9462,1000.);
#2624=VECTOR('',#9463,1000.);
#2625=VECTOR('',#9464,1000.);
#2626=VECTOR('',#9465,1000.);
#2627=VECTOR('',#9466,1000.);
#2628=VECTOR('',#9469,1000.);
#2629=VECTOR('',#9470,1000.);
#2630=VECTOR('',#9471,1000.);
#2631=VECTOR('',#9472,1000.);
#2632=VECTOR('',#9473,1000.);
#2633=VECTOR('',#9474,1000.);
#2634=VECTOR('',#9477,1000.);
#2635=VECTOR('',#9478,1000.);
#2636=VECTOR('',#9479,1000.);
#2637=VECTOR('',#9480,1000.);
#2638=VECTOR('',#9481,1000.);
#2639=VECTOR('',#9482,1000.);
#2640=VECTOR('',#9483,1000.);
#2641=VECTOR('',#9486,1000.);
#2642=VECTOR('',#9487,1000.);
#2643=VECTOR('',#9488,1000.);
#2644=VECTOR('',#9489,1000.);
#2645=VECTOR('',#9490,1000.);
#2646=VECTOR('',#9491,1000.);
#2647=VECTOR('',#9492,1000.);
#2648=VECTOR('',#9495,1000.);
#2649=VECTOR('',#9496,1000.);
#2650=VECTOR('',#9499,1000.);
#2651=VECTOR('',#9500,1000.);
#2652=VECTOR('',#9501,1000.);
#2653=VECTOR('',#9502,1000.);
#2654=VECTOR('',#9505,1000.);
#2655=VECTOR('',#9506,1000.);
#2656=VECTOR('',#9507,1000.);
#2657=VECTOR('',#9508,1000.);
#2658=VECTOR('',#9509,1000.);
#2659=VECTOR('',#9510,1000.);
#2660=VECTOR('',#9513,1000.);
#2661=VECTOR('',#9514,1000.);
#2662=VECTOR('',#9515,1000.);
#2663=VECTOR('',#9516,1000.);
#2664=VECTOR('',#9517,1000.);
#2665=VECTOR('',#9518,1000.);
#2666=VECTOR('',#9521,1000.);
#2667=VECTOR('',#9522,1000.);
#2668=VECTOR('',#9523,1000.);
#2669=VECTOR('',#9524,1000.);
#2670=VECTOR('',#9525,1000.);
#2671=VECTOR('',#9526,1000.);
#2672=VECTOR('',#9527,1000.);
#2673=VECTOR('',#9530,1000.);
#2674=VECTOR('',#9531,1000.);
#2675=VECTOR('',#9532,1000.);
#2676=VECTOR('',#9533,1000.);
#2677=VECTOR('',#9534,1000.);
#2678=VECTOR('',#9535,1000.);
#2679=VECTOR('',#9536,1000.);
#2680=VECTOR('',#9539,1000.);
#2681=VECTOR('',#9540,1000.);
#2682=VECTOR('',#9543,1000.);
#2683=VECTOR('',#9544,1000.);
#2684=VECTOR('',#9545,1000.);
#2685=VECTOR('',#9546,1000.);
#2686=VECTOR('',#9549,1000.);
#2687=VECTOR('',#9550,1000.);
#2688=VECTOR('',#9551,1000.);
#2689=VECTOR('',#9552,1000.);
#2690=VECTOR('',#9553,1000.);
#2691=VECTOR('',#9554,1000.);
#2692=VECTOR('',#9557,1000.);
#2693=VECTOR('',#9558,1000.);
#2694=VECTOR('',#9559,1000.);
#2695=VECTOR('',#9560,1000.);
#2696=VECTOR('',#9561,1000.);
#2697=VECTOR('',#9562,1000.);
#2698=VECTOR('',#9565,1000.);
#2699=VECTOR('',#9566,1000.);
#2700=VECTOR('',#9567,1000.);
#2701=VECTOR('',#9568,1000.);
#2702=VECTOR('',#9569,1000.);
#2703=VECTOR('',#9570,1000.);
#2704=VECTOR('',#9571,1000.);
#2705=VECTOR('',#9574,1000.);
#2706=VECTOR('',#9575,1000.);
#2707=VECTOR('',#9576,1000.);
#2708=VECTOR('',#9577,1000.);
#2709=VECTOR('',#9578,1000.);
#2710=VECTOR('',#9579,1000.);
#2711=VECTOR('',#9580,1000.);
#2712=VECTOR('',#9583,1000.);
#2713=VECTOR('',#9584,1000.);
#2714=VECTOR('',#9587,1000.);
#2715=VECTOR('',#9588,1000.);
#2716=VECTOR('',#9589,1000.);
#2717=VECTOR('',#9590,1000.);
#2718=VECTOR('',#9593,1000.);
#2719=VECTOR('',#9594,1000.);
#2720=VECTOR('',#9595,1000.);
#2721=VECTOR('',#9596,1000.);
#2722=VECTOR('',#9597,1000.);
#2723=VECTOR('',#9598,1000.);
#2724=VECTOR('',#9601,1000.);
#2725=VECTOR('',#9602,1000.);
#2726=VECTOR('',#9603,1000.);
#2727=VECTOR('',#9604,1000.);
#2728=VECTOR('',#9605,1000.);
#2729=VECTOR('',#9606,1000.);
#2730=VECTOR('',#9609,1000.);
#2731=VECTOR('',#9610,1000.);
#2732=VECTOR('',#9611,1000.);
#2733=VECTOR('',#9612,1000.);
#2734=VECTOR('',#9613,1000.);
#2735=VECTOR('',#9614,1000.);
#2736=VECTOR('',#9615,1000.);
#2737=VECTOR('',#9618,1000.);
#2738=VECTOR('',#9619,1000.);
#2739=VECTOR('',#9620,1000.);
#2740=VECTOR('',#9621,1000.);
#2741=VECTOR('',#9622,1000.);
#2742=VECTOR('',#9623,1000.);
#2743=VECTOR('',#9624,1000.);
#2744=VECTOR('',#9627,1000.);
#2745=VECTOR('',#9628,1000.);
#2746=VECTOR('',#9631,1000.);
#2747=VECTOR('',#9632,1000.);
#2748=VECTOR('',#9633,1000.);
#2749=VECTOR('',#9634,1000.);
#2750=VECTOR('',#9637,1000.);
#2751=VECTOR('',#9638,1000.);
#2752=VECTOR('',#9639,1000.);
#2753=VECTOR('',#9640,1000.);
#2754=VECTOR('',#9641,1000.);
#2755=VECTOR('',#9642,1000.);
#2756=VECTOR('',#9645,1000.);
#2757=VECTOR('',#9646,1000.);
#2758=VECTOR('',#9647,1000.);
#2759=VECTOR('',#9648,1000.);
#2760=VECTOR('',#9649,1000.);
#2761=VECTOR('',#9650,1000.);
#2762=VECTOR('',#9653,1000.);
#2763=VECTOR('',#9654,1000.);
#2764=VECTOR('',#9655,1000.);
#2765=VECTOR('',#9656,1000.);
#2766=VECTOR('',#9657,1000.);
#2767=VECTOR('',#9658,1000.);
#2768=VECTOR('',#9659,1000.);
#2769=VECTOR('',#9662,1000.);
#2770=VECTOR('',#9663,1000.);
#2771=VECTOR('',#9664,1000.);
#2772=VECTOR('',#9665,1000.);
#2773=VECTOR('',#9666,1000.);
#2774=VECTOR('',#9667,1000.);
#2775=VECTOR('',#9668,1000.);
#2776=VECTOR('',#9671,1000.);
#2777=VECTOR('',#9672,1000.);
#2778=VECTOR('',#9675,1000.);
#2779=VECTOR('',#9676,10.);
#2780=VECTOR('',#9677,1000.);
#2781=VECTOR('',#9678,1000.);
#2782=VECTOR('',#9681,1000.);
#2783=VECTOR('',#9682,1000.);
#2784=VECTOR('',#9683,1000.);
#2785=VECTOR('',#9684,1000.);
#2786=VECTOR('',#9685,1000.);
#2787=VECTOR('',#9686,1000.);
#2788=VECTOR('',#9689,1000.);
#2789=VECTOR('',#9690,1000.);
#2790=VECTOR('',#9691,1000.);
#2791=VECTOR('',#9692,1000.);
#2792=VECTOR('',#9693,1000.);
#2793=VECTOR('',#9694,1000.);
#2794=VECTOR('',#9695,1000.);
#2795=VECTOR('',#9698,1000.);
#2796=VECTOR('',#9699,1000.);
#2797=VECTOR('',#9700,10.);
#2798=VECTOR('',#9703,1000.);
#2799=VECTOR('',#9704,1000.);
#2800=VECTOR('',#9705,1000.);
#2801=VECTOR('',#9706,1000.);
#2802=VECTOR('',#9709,1000.);
#2803=VECTOR('',#9710,1000.);
#2804=VECTOR('',#9711,1000.);
#2805=VECTOR('',#9714,1000.);
#2806=VECTOR('',#9715,1000.);
#2807=VECTOR('',#9716,1000.);
#2808=VECTOR('',#9719,1000.);
#2809=VECTOR('',#9720,1000.);
#2810=VECTOR('',#9725,1000.);
#2811=VECTOR('',#9726,1000.);
#2812=VECTOR('',#9727,1000.);
#2813=VECTOR('',#9728,1000.);
#2814=VECTOR('',#9731,1000.);
#2815=VECTOR('',#9732,1000.);
#2816=VECTOR('',#9733,1000.);
#2817=VECTOR('',#9736,1000.);
#2818=VECTOR('',#9737,1000.);
#2819=VECTOR('',#9738,1000.);
#2820=VECTOR('',#9741,1000.);
#2821=VECTOR('',#9742,1000.);
#2822=VECTOR('',#9747,1000.);
#2823=VECTOR('',#9748,1000.);
#2824=VECTOR('',#9749,1000.);
#2825=VECTOR('',#9750,1000.);
#2826=VECTOR('',#9753,1000.);
#2827=VECTOR('',#9754,1000.);
#2828=VECTOR('',#9755,1000.);
#2829=VECTOR('',#9758,1000.);
#2830=VECTOR('',#9759,1000.);
#2831=VECTOR('',#9760,1000.);
#2832=VECTOR('',#9763,1000.);
#2833=VECTOR('',#9766,1000.);
#2834=VECTOR('',#9767,1000.);
#2835=VECTOR('',#9768,1000.);
#2836=VECTOR('',#9769,1000.);
#2837=VECTOR('',#9772,1000.);
#2838=VECTOR('',#9775,1000.);
#2839=VECTOR('',#9778,1000.);
#2840=VECTOR('',#9781,1000.);
#2841=VECTOR('',#9784,1000.);
#2842=VECTOR('',#9787,1000.);
#2843=VECTOR('',#9790,1000.);
#2844=VECTOR('',#9793,1000.);
#2845=VECTOR('',#9796,1000.);
#2846=VECTOR('',#9799,1000.);
#2847=VECTOR('',#9802,1000.);
#2848=VECTOR('',#9805,1000.);
#2849=VECTOR('',#9808,1000.);
#2850=VECTOR('',#9811,1000.);
#2851=VECTOR('',#9812,1000.);
#2852=VECTOR('',#9815,1000.);
#2853=VECTOR('',#9818,1000.);
#2854=VECTOR('',#9821,1000.);
#2855=VECTOR('',#9824,1000.);
#2856=VECTOR('',#9827,1000.);
#2857=VECTOR('',#9828,1000.);
#2858=VECTOR('',#9831,1000.);
#2859=VECTOR('',#9834,1000.);
#2860=VECTOR('',#9837,1000.);
#2861=VECTOR('',#9838,1000.);
#2862=VECTOR('',#9843,1000.);
#2863=VECTOR('',#9844,10.);
#2864=VECTOR('',#9845,1000.);
#2865=VECTOR('',#9848,1000.);
#2866=VECTOR('',#9849,10.);
#2867=VECTOR('',#9852,1000.);
#2868=VECTOR('',#9855,10.);
#2869=VECTOR('',#9856,1000.);
#2870=VECTOR('',#9859,10.);
#2871=VECTOR('',#9860,1000.);
#2872=VECTOR('',#9863,1000.);
#2873=VECTOR('',#9864,1000.);
#2874=VECTOR('',#9867,1000.);
#2875=VECTOR('',#9870,1000.);
#2876=VECTOR('',#9873,1000.);
#2877=VECTOR('',#9876,1000.);
#2878=VECTOR('',#9879,1000.);
#2879=VECTOR('',#9880,1000.);
#2880=VECTOR('',#9883,1000.);
#2881=VECTOR('',#9886,1000.);
#2882=VECTOR('',#9889,1000.);
#2883=VECTOR('',#9892,1000.);
#2884=VECTOR('',#9895,1000.);
#2885=VECTOR('',#9896,1000.);
#2886=VECTOR('',#9899,1000.);
#2887=VECTOR('',#9902,1000.);
#2888=VECTOR('',#9905,1000.);
#2889=VECTOR('',#9908,1000.);
#2890=VECTOR('',#9911,1000.);
#2891=VECTOR('',#9912,10.);
#2892=VECTOR('',#9913,1000.);
#2893=VECTOR('',#9916,1000.);
#2894=VECTOR('',#9919,1000.);
#2895=VECTOR('',#9920,10.);
#2896=VECTOR('',#9923,1000.);
#2897=VECTOR('',#9924,10.);
#2898=VECTOR('',#9925,1000.);
#2899=VECTOR('',#9928,10.);
#2900=VECTOR('',#9931,1000.);
#2901=VECTOR('',#9932,1000.);
#2902=VECTOR('',#9935,1000.);
#2903=VECTOR('',#9938,1000.);
#2904=VECTOR('',#9941,1000.);
#2905=VECTOR('',#9942,1000.);
#2906=VECTOR('',#9947,1000.);
#2907=VECTOR('',#9948,1000.);
#2908=VECTOR('',#9951,1000.);
#2909=VECTOR('',#9954,1000.);
#2910=VECTOR('',#9957,1000.);
#2911=VECTOR('',#9958,1000.);
#2912=VECTOR('',#9963,1000.);
#2913=VECTOR('',#9964,1000.);
#2914=VECTOR('',#9967,1000.);
#2915=VECTOR('',#9970,1000.);
#2916=VECTOR('',#9973,1000.);
#2917=VECTOR('',#9974,1000.);
#2918=VECTOR('',#9979,1000.);
#2919=VECTOR('',#9980,1000.);
#2920=VECTOR('',#9983,1000.);
#2921=VECTOR('',#9986,1000.);
#2922=VECTOR('',#9989,1000.);
#2923=VECTOR('',#9992,1000.);
#2924=VECTOR('',#9995,1000.);
#2925=VECTOR('',#9996,1000.);
#2926=VECTOR('',#9999,1000.);
#2927=VECTOR('',#10002,1000.);
#2928=VECTOR('',#10005,1000.);
#2929=VECTOR('',#10008,1000.);
#2930=VECTOR('',#10011,1000.);
#2931=VECTOR('',#10012,1000.);
#2932=VECTOR('',#10015,1000.);
#2933=VECTOR('',#10018,1000.);
#2934=VECTOR('',#10021,1000.);
#2935=VECTOR('',#10022,1000.);
#2936=VECTOR('',#10027,1000.);
#2937=VECTOR('',#10028,1000.);
#2938=VECTOR('',#10031,1000.);
#2939=VECTOR('',#10034,1000.);
#2940=VECTOR('',#10037,1000.);
#2941=VECTOR('',#10038,1000.);
#2942=VECTOR('',#10043,10.);
#2943=VECTOR('',#10044,1000.);
#2944=VECTOR('',#10045,1000.);
#2945=VECTOR('',#10046,10.);
#2946=VECTOR('',#10049,10.);
#2947=VECTOR('',#10050,1000.);
#2948=VECTOR('',#10051,1000.);
#2949=VECTOR('',#10052,10.);
#2950=VECTOR('',#10055,1000.);
#2951=VECTOR('',#10056,1000.);
#2952=VECTOR('',#10057,1000.);
#2953=VECTOR('',#10058,1000.);
#2954=VECTOR('',#10059,1000.);
#2955=VECTOR('',#10060,1000.);
#2956=VECTOR('',#10063,1000.);
#2957=VECTOR('',#10064,1000.);
#2958=VECTOR('',#10065,1000.);
#2959=VECTOR('',#10068,1000.);
#2960=VECTOR('',#10069,1000.);
#2961=VECTOR('',#10070,1000.);
#2962=VECTOR('',#10073,1000.);
#2963=VECTOR('',#10074,1000.);
#2964=VECTOR('',#10075,1000.);
#2965=VECTOR('',#10078,1000.);
#2966=VECTOR('',#10079,1000.);
#2967=VECTOR('',#10080,1000.);
#2968=VECTOR('',#10081,1000.);
#2969=VECTOR('',#10082,1000.);
#2970=VECTOR('',#10083,1000.);
#2971=VECTOR('',#10086,1000.);
#2972=VECTOR('',#10087,1000.);
#2973=VECTOR('',#10088,1000.);
#2974=VECTOR('',#10089,1000.);
#2975=VECTOR('',#10092,1000.);
#2976=VECTOR('',#10093,1000.);
#2977=VECTOR('',#10094,1000.);
#2978=VECTOR('',#10095,1000.);
#2979=VECTOR('',#10096,1000.);
#2980=VECTOR('',#10099,1000.);
#2981=VECTOR('',#10100,1000.);
#2982=VECTOR('',#10101,1000.);
#2983=VECTOR('',#10104,1000.);
#2984=VECTOR('',#10105,1000.);
#2985=VECTOR('',#10106,1000.);
#2986=VECTOR('',#10107,1000.);
#2987=VECTOR('',#10108,1000.);
#2988=VECTOR('',#10109,1000.);
#2989=VECTOR('',#10110,1000.);
#2990=VECTOR('',#10113,1000.);
#2991=VECTOR('',#10114,1000.);
#2992=VECTOR('',#10117,1000.);
#2993=VECTOR('',#10118,1000.);
#2994=VECTOR('',#10119,1000.);
#2995=VECTOR('',#10120,1000.);
#2996=VECTOR('',#10123,1000.);
#2997=VECTOR('',#10124,1000.);
#2998=VECTOR('',#10125,1000.);
#2999=VECTOR('',#10126,1000.);
#3000=VECTOR('',#10129,1000.);
#3001=VECTOR('',#10130,1000.);
#3002=VECTOR('',#10131,1000.);
#3003=VECTOR('',#10132,1000.);
#3004=VECTOR('',#10135,1000.);
#3005=VECTOR('',#10136,1000.);
#3006=VECTOR('',#10137,1000.);
#3007=VECTOR('',#10138,1000.);
#3008=VECTOR('',#10141,1000.);
#3009=VECTOR('',#10142,1000.);
#3010=VECTOR('',#10143,1000.);
#3011=VECTOR('',#10146,1000.);
#3012=VECTOR('',#10147,1000.);
#3013=VECTOR('',#10150,1000.);
#3014=VECTOR('',#10151,1000.);
#3015=VECTOR('',#10154,1000.);
#3016=VECTOR('',#10157,1000.);
#3017=VECTOR('',#10158,1000.);
#3018=VECTOR('',#10159,1000.);
#3019=VECTOR('',#10160,1000.);
#3020=VECTOR('',#10163,1000.);
#3021=VECTOR('',#10164,1000.);
#3022=VECTOR('',#10165,1000.);
#3023=VECTOR('',#10168,1000.);
#3024=VECTOR('',#10169,1000.);
#3025=VECTOR('',#10172,1000.);
#3026=VECTOR('',#10173,1000.);
#3027=VECTOR('',#10176,1000.);
#3028=VECTOR('',#10179,1000.);
#3029=VECTOR('',#10180,1000.);
#3030=VECTOR('',#10181,1000.);
#3031=VECTOR('',#10184,1000.);
#3032=VECTOR('',#10185,1000.);
#3033=VECTOR('',#10186,1000.);
#3034=VECTOR('',#10187,1000.);
#3035=VECTOR('',#10190,1000.);
#3036=VECTOR('',#10191,1000.);
#3037=VECTOR('',#10192,1000.);
#3038=VECTOR('',#10193,1000.);
#3039=VECTOR('',#10196,1000.);
#3040=VECTOR('',#10197,1000.);
#3041=VECTOR('',#10198,1000.);
#3042=VECTOR('',#10201,1000.);
#3043=VECTOR('',#10202,1000.);
#3044=VECTOR('',#10203,1000.);
#3045=VECTOR('',#10204,1000.);
#3046=VECTOR('',#10207,1000.);
#3047=VECTOR('',#10208,1000.);
#3048=VECTOR('',#10209,1000.);
#3049=VECTOR('',#10210,1000.);
#3050=VECTOR('',#10213,1000.);
#3051=VECTOR('',#10214,1000.);
#3052=VECTOR('',#10215,1000.);
#3053=VECTOR('',#10218,1000.);
#3054=VECTOR('',#10219,1000.);
#3055=VECTOR('',#10220,1000.);
#3056=VECTOR('',#10223,1000.);
#3057=VECTOR('',#10224,1000.);
#3058=VECTOR('',#10227,1000.);
#3059=VECTOR('',#10228,1000.);
#3060=VECTOR('',#10231,1000.);
#3061=VECTOR('',#10232,1000.);
#3062=VECTOR('',#10235,1000.);
#3063=VECTOR('',#10240,1000.);
#3064=VECTOR('',#10243,1000.);
#3065=VECTOR('',#10246,1000.);
#3066=VECTOR('',#10247,1000.);
#3067=VECTOR('',#10248,1000.);
#3068=VECTOR('',#10255,1000.);
#3069=VECTOR('',#10258,1000.);
#3070=VECTOR('',#10259,1000.);
#3071=VECTOR('',#10262,1000.);
#3072=VECTOR('',#10263,1000.);
#3073=VECTOR('',#10266,1000.);
#3074=VECTOR('',#10267,1000.);
#3075=VECTOR('',#10270,1000.);
#3076=VECTOR('',#10273,1000.);
#3077=VECTOR('',#10276,1000.);
#3078=VECTOR('',#10277,1000.);
#3079=VECTOR('',#10280,1000.);
#3080=VECTOR('',#10283,1000.);
#3081=VECTOR('',#10286,1000.);
#3082=VECTOR('',#10287,1000.);
#3083=VECTOR('',#10290,1000.);
#3084=VECTOR('',#10293,1000.);
#3085=VECTOR('',#10296,1000.);
#3086=VECTOR('',#10297,1000.);
#3087=VECTOR('',#10298,1000.);
#3088=VECTOR('',#10299,1000.);
#3089=VECTOR('',#10300,1000.);
#3090=VECTOR('',#10301,1000.);
#3091=VECTOR('',#10302,1000.);
#3092=VECTOR('',#10303,1000.);
#3093=VECTOR('',#10304,1000.);
#3094=VECTOR('',#10307,1000.);
#3095=VECTOR('',#10308,1000.);
#3096=VECTOR('',#10311,1000.);
#3097=VECTOR('',#10314,1000.);
#3098=VECTOR('',#10319,1000.);
#3099=VECTOR('',#10320,1000.);
#3100=VECTOR('',#10323,1000.);
#3101=VECTOR('',#10326,1000.);
#3102=VECTOR('',#10333,1000.);
#3103=VECTOR('',#10342,1000.);
#3104=VECTOR('',#10345,1000.);
#3105=VECTOR('',#10350,1000.);
#3106=VECTOR('',#10353,1000.);
#3107=VECTOR('',#10358,1000.);
#3108=VECTOR('',#10361,1000.);
#3109=VECTOR('',#10366,1000.);
#3110=VECTOR('',#10369,1000.);
#3111=VECTOR('',#10374,1000.);
#3112=VECTOR('',#10377,1000.);
#3113=VECTOR('',#10380,1000.);
#3114=VECTOR('',#10381,1000.);
#3115=VECTOR('',#10382,1000.);
#3116=VECTOR('',#10383,1000.);
#3117=VECTOR('',#10384,1000.);
#3118=VECTOR('',#10385,1000.);
#3119=VECTOR('',#10386,1000.);
#3120=VECTOR('',#10387,1000.);
#3121=VECTOR('',#10388,1000.);
#3122=VECTOR('',#10389,1000.);
#3123=VECTOR('',#10392,1000.);
#3124=VECTOR('',#10397,1000.);
#3125=VECTOR('',#10402,1000.);
#3126=VECTOR('',#10407,1000.);
#3127=VECTOR('',#10412,1000.);
#3128=VECTOR('',#10413,1000.);
#3129=VECTOR('',#10414,1000.);
#3130=VECTOR('',#10417,1000.);
#3131=VECTOR('',#10418,1000.);
#3132=VECTOR('',#10419,1000.);
#3133=VECTOR('',#10422,1000.);
#3134=VECTOR('',#10423,1000.);
#3135=VECTOR('',#10424,1000.);
#3136=VECTOR('',#10425,1000.);
#3137=VECTOR('',#10428,1000.);
#3138=VECTOR('',#10429,1000.);
#3139=VECTOR('',#10432,1000.);
#3140=VECTOR('',#10433,1000.);
#3141=VECTOR('',#10436,1000.);
#3142=VECTOR('',#10437,1000.);
#3143=VECTOR('',#10440,1000.);
#3144=VECTOR('',#10441,1000.);
#3145=VECTOR('',#10444,1000.);
#3146=VECTOR('',#10445,1000.);
#3147=VECTOR('',#10448,1000.);
#3148=VECTOR('',#10449,1000.);
#3149=VECTOR('',#10450,1000.);
#3150=VECTOR('',#10453,1000.);
#3151=VECTOR('',#10454,1000.);
#3152=VECTOR('',#10457,1000.);
#3153=VECTOR('',#10458,1000.);
#3154=VECTOR('',#10461,1000.);
#3155=VECTOR('',#10462,1000.);
#3156=VECTOR('',#10465,1000.);
#3157=VECTOR('',#10466,1000.);
#3158=VECTOR('',#10469,1000.);
#3159=VECTOR('',#10470,1000.);
#3160=VECTOR('',#10473,1000.);
#3161=VECTOR('',#10474,1000.);
#3162=VECTOR('',#10477,1000.);
#3163=VECTOR('',#10478,10.);
#3164=VECTOR('',#10481,10.);
#3165=VECTOR('',#10482,1000.);
#3166=VECTOR('',#10485,1000.);
#3167=VECTOR('',#10486,1000.);
#3168=VECTOR('',#10487,1000.);
#3169=VECTOR('',#10488,1000.);
#3170=VECTOR('',#10489,1000.);
#3171=VECTOR('',#10490,10.);
#3172=VECTOR('',#10491,10.);
#3173=VECTOR('',#10492,10.);
#3174=VECTOR('',#10493,10.);
#3175=VECTOR('',#10496,1000.);
#3176=VECTOR('',#10499,1000.);
#3177=VECTOR('',#10502,1000.);
#3178=VECTOR('',#10503,1000.);
#3179=VECTOR('',#10504,1000.);
#3180=VECTOR('',#10507,1000.);
#3181=VECTOR('',#10508,1000.);
#3182=VECTOR('',#10509,1000.);
#3183=VECTOR('',#10512,1000.);
#3184=VECTOR('',#10515,1000.);
#3185=VECTOR('',#10518,1000.);
#3186=VECTOR('',#10527,1000.);
#3187=VECTOR('',#10532,1000.);
#3188=VECTOR('',#10535,1000.);
#3189=VECTOR('',#10540,1000.);
#3190=VECTOR('',#10541,1000.);
#3191=VECTOR('',#10544,1000.);
#3192=VECTOR('',#10547,1000.);
#3193=VECTOR('',#10550,1000.);
#3194=VECTOR('',#10551,1000.);
#3195=VECTOR('',#10554,1000.);
#3196=VECTOR('',#10557,1000.);
#3197=VECTOR('',#10568,1000.);
#3198=VECTOR('',#10577,1000.);
#3199=VECTOR('',#10582,1000.);
#3200=VECTOR('',#10585,1000.);
#3201=VECTOR('',#10590,1000.);
#3202=VECTOR('',#10595,1000.);
#3203=VECTOR('',#10602,1000.);
#3204=VECTOR('',#10605,1000.);
#3205=VECTOR('',#10608,1000.);
#3206=VECTOR('',#10609,1000.);
#3207=VECTOR('',#10610,1000.);
#3208=VECTOR('',#10613,1000.);
#3209=VECTOR('',#10614,1000.);
#3210=VECTOR('',#10617,1000.);
#3211=VECTOR('',#10618,1000.);
#3212=VECTOR('',#10621,1000.);
#3213=VECTOR('',#10624,1000.);
#3214=VECTOR('',#10625,1000.);
#3215=VECTOR('',#10626,1000.);
#3216=VECTOR('',#10629,1000.);
#3217=VECTOR('',#10630,1000.);
#3218=VECTOR('',#10633,1000.);
#3219=VECTOR('',#10634,1000.);
#3220=VECTOR('',#10637,1000.);
#3221=VECTOR('',#10646,1000.);
#3222=VECTOR('',#10653,1000.);
#3223=VECTOR('',#10656,1000.);
#3224=VECTOR('',#10667,1000.);
#3225=VECTOR('',#10672,1000.);
#3226=VECTOR('',#10675,1000.);
#3227=VECTOR('',#10678,1000.);
#3228=VECTOR('',#10679,1000.);
#3229=VECTOR('',#10680,1000.);
#3230=VECTOR('',#10683,1000.);
#3231=VECTOR('',#10684,1000.);
#3232=VECTOR('',#10687,1000.);
#3233=VECTOR('',#10688,1000.);
#3234=VECTOR('',#10691,1000.);
#3235=VECTOR('',#10694,1000.);
#3236=VECTOR('',#10703,1000.);
#3237=VECTOR('',#10708,1000.);
#3238=VECTOR('',#10711,1000.);
#3239=VECTOR('',#10716,1000.);
#3240=VECTOR('',#10719,1000.);
#3241=VECTOR('',#10724,1000.);
#3242=VECTOR('',#10727,1000.);
#3243=VECTOR('',#10730,1000.);
#3244=VECTOR('',#10731,1000.);
#3245=VECTOR('',#10734,1000.);
#3246=VECTOR('',#10735,1000.);
#3247=VECTOR('',#10738,1000.);
#3248=VECTOR('',#10741,1000.);
#3249=VECTOR('',#10746,1000.);
#3250=VECTOR('',#10747,1000.);
#3251=VECTOR('',#10748,1000.);
#3252=VECTOR('',#10751,1000.);
#3253=VECTOR('',#10752,1000.);
#3254=VECTOR('',#10753,1000.);
#3255=VECTOR('',#10754,1000.);
#3256=VECTOR('',#10757,1000.);
#3257=VECTOR('',#10758,1000.);
#3258=VECTOR('',#10759,1000.);
#3259=VECTOR('',#10762,1000.);
#3260=VECTOR('',#10763,1000.);
#3261=VECTOR('',#10764,1000.);
#3262=VECTOR('',#10765,1000.);
#3263=VECTOR('',#10788,1000.);
#3264=VECTOR('',#10795,1000.);
#3265=VECTOR('',#10808,1000.);
#3266=VECTOR('',#10815,1000.);
#3267=VECTOR('',#10834,1000.);
#3268=VECTOR('',#10847,1000.);
#3269=VECTOR('',#10852,1000.);
#3270=VECTOR('',#10857,1000.);
#3271=VECTOR('',#10858,1000.);
#3272=VECTOR('',#10873,1000.);
#3273=VECTOR('',#10874,1000.);
#3274=VECTOR('',#10879,1000.);
#3275=VECTOR('',#10882,1000.);
#3276=VECTOR('',#10889,1000.);
#3277=VERTEX_POINT('',#10933);
#3278=VERTEX_POINT('',#10934);
#3279=VERTEX_POINT('',#10936);
#3280=VERTEX_POINT('',#10938);
#3281=VERTEX_POINT('',#10942);
#3282=VERTEX_POINT('',#10943);
#3283=VERTEX_POINT('',#10946);
#3284=VERTEX_POINT('',#10950);
#3285=VERTEX_POINT('',#10952);
#3286=VERTEX_POINT('',#10956);
#3287=VERTEX_POINT('',#10961);
#3288=VERTEX_POINT('',#10962);
#3289=VERTEX_POINT('',#10964);
#3290=VERTEX_POINT('',#10966);
#3291=VERTEX_POINT('',#10970);
#3292=VERTEX_POINT('',#10971);
#3293=VERTEX_POINT('',#10974);
#3294=VERTEX_POINT('',#10978);
#3295=VERTEX_POINT('',#10980);
#3296=VERTEX_POINT('',#10984);
#3297=VERTEX_POINT('',#10989);
#3298=VERTEX_POINT('',#10990);
#3299=VERTEX_POINT('',#10992);
#3300=VERTEX_POINT('',#10994);
#3301=VERTEX_POINT('',#10996);
#3302=VERTEX_POINT('',#11000);
#3303=VERTEX_POINT('',#11002);
#3304=VERTEX_POINT('',#11006);
#3305=VERTEX_POINT('',#11008);
#3306=VERTEX_POINT('',#11010);
#3307=VERTEX_POINT('',#11017);
#3308=VERTEX_POINT('',#11018);
#3309=VERTEX_POINT('',#11020);
#3310=VERTEX_POINT('',#11022);
#3311=VERTEX_POINT('',#11024);
#3312=VERTEX_POINT('',#11028);
#3313=VERTEX_POINT('',#11030);
#3314=VERTEX_POINT('',#11034);
#3315=VERTEX_POINT('',#11036);
#3316=VERTEX_POINT('',#11038);
#3317=VERTEX_POINT('',#11045);
#3318=VERTEX_POINT('',#11046);
#3319=VERTEX_POINT('',#11048);
#3320=VERTEX_POINT('',#11050);
#3321=VERTEX_POINT('',#11054);
#3322=VERTEX_POINT('',#11055);
#3323=VERTEX_POINT('',#11058);
#3324=VERTEX_POINT('',#11062);
#3325=VERTEX_POINT('',#11064);
#3326=VERTEX_POINT('',#11068);
#3327=VERTEX_POINT('',#11073);
#3328=VERTEX_POINT('',#11074);
#3329=VERTEX_POINT('',#11076);
#3330=VERTEX_POINT('',#11078);
#3331=VERTEX_POINT('',#11082);
#3332=VERTEX_POINT('',#11083);
#3333=VERTEX_POINT('',#11086);
#3334=VERTEX_POINT('',#11090);
#3335=VERTEX_POINT('',#11092);
#3336=VERTEX_POINT('',#11096);
#3337=VERTEX_POINT('',#11101);
#3338=VERTEX_POINT('',#11102);
#3339=VERTEX_POINT('',#11104);
#3340=VERTEX_POINT('',#11106);
#3341=VERTEX_POINT('',#11110);
#3342=VERTEX_POINT('',#11111);
#3343=VERTEX_POINT('',#11114);
#3344=VERTEX_POINT('',#11118);
#3345=VERTEX_POINT('',#11120);
#3346=VERTEX_POINT('',#11124);
#3347=VERTEX_POINT('',#11129);
#3348=VERTEX_POINT('',#11130);
#3349=VERTEX_POINT('',#11132);
#3350=VERTEX_POINT('',#11134);
#3351=VERTEX_POINT('',#11138);
#3352=VERTEX_POINT('',#11139);
#3353=VERTEX_POINT('',#11142);
#3354=VERTEX_POINT('',#11146);
#3355=VERTEX_POINT('',#11148);
#3356=VERTEX_POINT('',#11152);
#3357=VERTEX_POINT('',#11157);
#3358=VERTEX_POINT('',#11158);
#3359=VERTEX_POINT('',#11160);
#3360=VERTEX_POINT('',#11162);
#3361=VERTEX_POINT('',#11164);
#3362=VERTEX_POINT('',#11168);
#3363=VERTEX_POINT('',#11170);
#3364=VERTEX_POINT('',#11174);
#3365=VERTEX_POINT('',#11176);
#3366=VERTEX_POINT('',#11178);
#3367=VERTEX_POINT('',#11185);
#3368=VERTEX_POINT('',#11186);
#3369=VERTEX_POINT('',#11188);
#3370=VERTEX_POINT('',#11190);
#3371=VERTEX_POINT('',#11192);
#3372=VERTEX_POINT('',#11196);
#3373=VERTEX_POINT('',#11198);
#3374=VERTEX_POINT('',#11202);
#3375=VERTEX_POINT('',#11204);
#3376=VERTEX_POINT('',#11206);
#3377=VERTEX_POINT('',#11213);
#3378=VERTEX_POINT('',#11214);
#3379=VERTEX_POINT('',#11216);
#3380=VERTEX_POINT('',#11218);
#3381=VERTEX_POINT('',#11220);
#3382=VERTEX_POINT('',#11224);
#3383=VERTEX_POINT('',#11226);
#3384=VERTEX_POINT('',#11230);
#3385=VERTEX_POINT('',#11232);
#3386=VERTEX_POINT('',#11234);
#3387=VERTEX_POINT('',#11241);
#3388=VERTEX_POINT('',#11242);
#3389=VERTEX_POINT('',#11244);
#3390=VERTEX_POINT('',#11246);
#3391=VERTEX_POINT('',#11248);
#3392=VERTEX_POINT('',#11252);
#3393=VERTEX_POINT('',#11254);
#3394=VERTEX_POINT('',#11258);
#3395=VERTEX_POINT('',#11260);
#3396=VERTEX_POINT('',#11262);
#3397=VERTEX_POINT('',#11269);
#3398=VERTEX_POINT('',#11270);
#3399=VERTEX_POINT('',#11272);
#3400=VERTEX_POINT('',#11274);
#3401=VERTEX_POINT('',#11278);
#3402=VERTEX_POINT('',#11279);
#3403=VERTEX_POINT('',#11282);
#3404=VERTEX_POINT('',#11286);
#3405=VERTEX_POINT('',#11288);
#3406=VERTEX_POINT('',#11292);
#3407=VERTEX_POINT('',#11297);
#3408=VERTEX_POINT('',#11298);
#3409=VERTEX_POINT('',#11300);
#3410=VERTEX_POINT('',#11302);
#3411=VERTEX_POINT('',#11304);
#3412=VERTEX_POINT('',#11308);
#3413=VERTEX_POINT('',#11310);
#3414=VERTEX_POINT('',#11314);
#3415=VERTEX_POINT('',#11316);
#3416=VERTEX_POINT('',#11318);
#3417=VERTEX_POINT('',#11325);
#3418=VERTEX_POINT('',#11326);
#3419=VERTEX_POINT('',#11328);
#3420=VERTEX_POINT('',#11330);
#3421=VERTEX_POINT('',#11334);
#3422=VERTEX_POINT('',#11335);
#3423=VERTEX_POINT('',#11337);
#3424=VERTEX_POINT('',#11339);
#3425=VERTEX_POINT('',#11346);
#3426=VERTEX_POINT('',#11347);
#3427=VERTEX_POINT('',#11349);
#3428=VERTEX_POINT('',#11351);
#3429=VERTEX_POINT('',#11355);
#3430=VERTEX_POINT('',#11356);
#3431=VERTEX_POINT('',#11358);
#3432=VERTEX_POINT('',#11360);
#3433=VERTEX_POINT('',#11367);
#3434=VERTEX_POINT('',#11368);
#3435=VERTEX_POINT('',#11370);
#3436=VERTEX_POINT('',#11372);
#3437=VERTEX_POINT('',#11376);
#3438=VERTEX_POINT('',#11377);
#3439=VERTEX_POINT('',#11379);
#3440=VERTEX_POINT('',#11381);
#3441=VERTEX_POINT('',#11388);
#3442=VERTEX_POINT('',#11389);
#3443=VERTEX_POINT('',#11391);
#3444=VERTEX_POINT('',#11393);
#3445=VERTEX_POINT('',#11397);
#3446=VERTEX_POINT('',#11398);
#3447=VERTEX_POINT('',#11400);
#3448=VERTEX_POINT('',#11402);
#3449=VERTEX_POINT('',#11409);
#3450=VERTEX_POINT('',#11410);
#3451=VERTEX_POINT('',#11412);
#3452=VERTEX_POINT('',#11414);
#3453=VERTEX_POINT('',#11418);
#3454=VERTEX_POINT('',#11419);
#3455=VERTEX_POINT('',#11421);
#3456=VERTEX_POINT('',#11423);
#3457=VERTEX_POINT('',#11430);
#3458=VERTEX_POINT('',#11431);
#3459=VERTEX_POINT('',#11433);
#3460=VERTEX_POINT('',#11435);
#3461=VERTEX_POINT('',#11439);
#3462=VERTEX_POINT('',#11440);
#3463=VERTEX_POINT('',#11442);
#3464=VERTEX_POINT('',#11444);
#3465=VERTEX_POINT('',#11451);
#3466=VERTEX_POINT('',#11452);
#3467=VERTEX_POINT('',#11454);
#3468=VERTEX_POINT('',#11456);
#3469=VERTEX_POINT('',#11460);
#3470=VERTEX_POINT('',#11461);
#3471=VERTEX_POINT('',#11463);
#3472=VERTEX_POINT('',#11465);
#3473=VERTEX_POINT('',#11469);
#3474=VERTEX_POINT('',#11470);
#3475=VERTEX_POINT('',#11472);
#3476=VERTEX_POINT('',#11474);
#3477=VERTEX_POINT('',#11478);
#3478=VERTEX_POINT('',#11479);
#3479=VERTEX_POINT('',#11481);
#3480=VERTEX_POINT('',#11483);
#3481=VERTEX_POINT('',#11487);
#3482=VERTEX_POINT('',#11488);
#3483=VERTEX_POINT('',#11490);
#3484=VERTEX_POINT('',#11492);
#3485=VERTEX_POINT('',#11496);
#3486=VERTEX_POINT('',#11497);
#3487=VERTEX_POINT('',#11499);
#3488=VERTEX_POINT('',#11501);
#3489=VERTEX_POINT('',#11505);
#3490=VERTEX_POINT('',#11506);
#3491=VERTEX_POINT('',#11508);
#3492=VERTEX_POINT('',#11510);
#3493=VERTEX_POINT('',#11514);
#3494=VERTEX_POINT('',#11515);
#3495=VERTEX_POINT('',#11517);
#3496=VERTEX_POINT('',#11519);
#3497=VERTEX_POINT('',#11523);
#3498=VERTEX_POINT('',#11524);
#3499=VERTEX_POINT('',#11526);
#3500=VERTEX_POINT('',#11528);
#3501=VERTEX_POINT('',#11532);
#3502=VERTEX_POINT('',#11533);
#3503=VERTEX_POINT('',#11535);
#3504=VERTEX_POINT('',#11537);
#3505=VERTEX_POINT('',#11541);
#3506=VERTEX_POINT('',#11542);
#3507=VERTEX_POINT('',#11544);
#3508=VERTEX_POINT('',#11546);
#3509=VERTEX_POINT('',#11550);
#3510=VERTEX_POINT('',#11551);
#3511=VERTEX_POINT('',#11553);
#3512=VERTEX_POINT('',#11555);
#3513=VERTEX_POINT('',#11559);
#3514=VERTEX_POINT('',#11560);
#3515=VERTEX_POINT('',#11562);
#3516=VERTEX_POINT('',#11564);
#3517=VERTEX_POINT('',#11568);
#3518=VERTEX_POINT('',#11569);
#3519=VERTEX_POINT('',#11571);
#3520=VERTEX_POINT('',#11573);
#3521=VERTEX_POINT('',#11577);
#3522=VERTEX_POINT('',#11579);
#3523=VERTEX_POINT('',#11583);
#3524=VERTEX_POINT('',#11585);
#3525=VERTEX_POINT('',#11589);
#3526=VERTEX_POINT('',#11591);
#3527=VERTEX_POINT('',#11595);
#3528=VERTEX_POINT('',#11597);
#3529=VERTEX_POINT('',#11601);
#3530=VERTEX_POINT('',#11603);
#3531=VERTEX_POINT('',#11607);
#3532=VERTEX_POINT('',#11609);
#3533=VERTEX_POINT('',#11613);
#3534=VERTEX_POINT('',#11615);
#3535=VERTEX_POINT('',#11619);
#3536=VERTEX_POINT('',#11621);
#3537=VERTEX_POINT('',#11625);
#3538=VERTEX_POINT('',#11627);
#3539=VERTEX_POINT('',#11631);
#3540=VERTEX_POINT('',#11633);
#3541=VERTEX_POINT('',#11637);
#3542=VERTEX_POINT('',#11639);
#3543=VERTEX_POINT('',#11643);
#3544=VERTEX_POINT('',#11645);
#3545=VERTEX_POINT('',#11649);
#3546=VERTEX_POINT('',#11651);
#3547=VERTEX_POINT('',#11655);
#3548=VERTEX_POINT('',#11657);
#3549=VERTEX_POINT('',#11661);
#3550=VERTEX_POINT('',#11662);
#3551=VERTEX_POINT('',#11664);
#3552=VERTEX_POINT('',#11666);
#3553=VERTEX_POINT('',#11670);
#3554=VERTEX_POINT('',#11671);
#3555=VERTEX_POINT('',#11673);
#3556=VERTEX_POINT('',#11675);
#3557=VERTEX_POINT('',#11687);
#3558=VERTEX_POINT('',#11688);
#3559=VERTEX_POINT('',#11690);
#3560=VERTEX_POINT('',#11692);
#3561=VERTEX_POINT('',#11696);
#3562=VERTEX_POINT('',#11698);
#3563=VERTEX_POINT('',#11700);
#3564=VERTEX_POINT('',#11702);
#3565=VERTEX_POINT('',#11708);
#3566=VERTEX_POINT('',#11710);
#3567=VERTEX_POINT('',#11712);
#3568=VERTEX_POINT('',#11714);
#3569=VERTEX_POINT('',#11718);
#3570=VERTEX_POINT('',#11720);
#3571=VERTEX_POINT('',#11722);
#3572=VERTEX_POINT('',#11724);
#3573=VERTEX_POINT('',#11726);
#3574=VERTEX_POINT('',#11728);
#3575=VERTEX_POINT('',#11732);
#3576=VERTEX_POINT('',#11734);
#3577=VERTEX_POINT('',#11736);
#3578=VERTEX_POINT('',#11738);
#3579=VERTEX_POINT('',#11740);
#3580=VERTEX_POINT('',#11742);
#3581=VERTEX_POINT('',#11749);
#3582=VERTEX_POINT('',#11750);
#3583=VERTEX_POINT('',#11752);
#3584=VERTEX_POINT('',#11754);
#3585=VERTEX_POINT('',#11758);
#3586=VERTEX_POINT('',#11760);
#3587=VERTEX_POINT('',#11762);
#3588=VERTEX_POINT('',#11764);
#3589=VERTEX_POINT('',#11770);
#3590=VERTEX_POINT('',#11772);
#3591=VERTEX_POINT('',#11774);
#3592=VERTEX_POINT('',#11776);
#3593=VERTEX_POINT('',#11780);
#3594=VERTEX_POINT('',#11782);
#3595=VERTEX_POINT('',#11784);
#3596=VERTEX_POINT('',#11786);
#3597=VERTEX_POINT('',#11788);
#3598=VERTEX_POINT('',#11790);
#3599=VERTEX_POINT('',#11794);
#3600=VERTEX_POINT('',#11796);
#3601=VERTEX_POINT('',#11798);
#3602=VERTEX_POINT('',#11800);
#3603=VERTEX_POINT('',#11802);
#3604=VERTEX_POINT('',#11804);
#3605=VERTEX_POINT('',#11811);
#3606=VERTEX_POINT('',#11812);
#3607=VERTEX_POINT('',#11814);
#3608=VERTEX_POINT('',#11816);
#3609=VERTEX_POINT('',#11820);
#3610=VERTEX_POINT('',#11822);
#3611=VERTEX_POINT('',#11824);
#3612=VERTEX_POINT('',#11826);
#3613=VERTEX_POINT('',#11832);
#3614=VERTEX_POINT('',#11834);
#3615=VERTEX_POINT('',#11836);
#3616=VERTEX_POINT('',#11838);
#3617=VERTEX_POINT('',#11842);
#3618=VERTEX_POINT('',#11844);
#3619=VERTEX_POINT('',#11846);
#3620=VERTEX_POINT('',#11848);
#3621=VERTEX_POINT('',#11850);
#3622=VERTEX_POINT('',#11852);
#3623=VERTEX_POINT('',#11856);
#3624=VERTEX_POINT('',#11858);
#3625=VERTEX_POINT('',#11860);
#3626=VERTEX_POINT('',#11862);
#3627=VERTEX_POINT('',#11864);
#3628=VERTEX_POINT('',#11866);
#3629=VERTEX_POINT('',#11873);
#3630=VERTEX_POINT('',#11874);
#3631=VERTEX_POINT('',#11876);
#3632=VERTEX_POINT('',#11878);
#3633=VERTEX_POINT('',#11882);
#3634=VERTEX_POINT('',#11884);
#3635=VERTEX_POINT('',#11886);
#3636=VERTEX_POINT('',#11888);
#3637=VERTEX_POINT('',#11894);
#3638=VERTEX_POINT('',#11896);
#3639=VERTEX_POINT('',#11898);
#3640=VERTEX_POINT('',#11900);
#3641=VERTEX_POINT('',#11904);
#3642=VERTEX_POINT('',#11906);
#3643=VERTEX_POINT('',#11908);
#3644=VERTEX_POINT('',#11910);
#3645=VERTEX_POINT('',#11912);
#3646=VERTEX_POINT('',#11914);
#3647=VERTEX_POINT('',#11918);
#3648=VERTEX_POINT('',#11920);
#3649=VERTEX_POINT('',#11922);
#3650=VERTEX_POINT('',#11924);
#3651=VERTEX_POINT('',#11926);
#3652=VERTEX_POINT('',#11928);
#3653=VERTEX_POINT('',#11935);
#3654=VERTEX_POINT('',#11936);
#3655=VERTEX_POINT('',#11938);
#3656=VERTEX_POINT('',#11940);
#3657=VERTEX_POINT('',#11944);
#3658=VERTEX_POINT('',#11946);
#3659=VERTEX_POINT('',#11948);
#3660=VERTEX_POINT('',#11950);
#3661=VERTEX_POINT('',#11956);
#3662=VERTEX_POINT('',#11958);
#3663=VERTEX_POINT('',#11960);
#3664=VERTEX_POINT('',#11962);
#3665=VERTEX_POINT('',#11966);
#3666=VERTEX_POINT('',#11968);
#3667=VERTEX_POINT('',#11970);
#3668=VERTEX_POINT('',#11972);
#3669=VERTEX_POINT('',#11974);
#3670=VERTEX_POINT('',#11976);
#3671=VERTEX_POINT('',#11980);
#3672=VERTEX_POINT('',#11982);
#3673=VERTEX_POINT('',#11984);
#3674=VERTEX_POINT('',#11986);
#3675=VERTEX_POINT('',#11988);
#3676=VERTEX_POINT('',#11990);
#3677=VERTEX_POINT('',#11997);
#3678=VERTEX_POINT('',#11998);
#3679=VERTEX_POINT('',#12000);
#3680=VERTEX_POINT('',#12002);
#3681=VERTEX_POINT('',#12006);
#3682=VERTEX_POINT('',#12008);
#3683=VERTEX_POINT('',#12010);
#3684=VERTEX_POINT('',#12012);
#3685=VERTEX_POINT('',#12018);
#3686=VERTEX_POINT('',#12020);
#3687=VERTEX_POINT('',#12022);
#3688=VERTEX_POINT('',#12024);
#3689=VERTEX_POINT('',#12028);
#3690=VERTEX_POINT('',#12030);
#3691=VERTEX_POINT('',#12032);
#3692=VERTEX_POINT('',#12034);
#3693=VERTEX_POINT('',#12036);
#3694=VERTEX_POINT('',#12038);
#3695=VERTEX_POINT('',#12042);
#3696=VERTEX_POINT('',#12044);
#3697=VERTEX_POINT('',#12046);
#3698=VERTEX_POINT('',#12048);
#3699=VERTEX_POINT('',#12050);
#3700=VERTEX_POINT('',#12052);
#3701=VERTEX_POINT('',#12059);
#3702=VERTEX_POINT('',#12060);
#3703=VERTEX_POINT('',#12062);
#3704=VERTEX_POINT('',#12064);
#3705=VERTEX_POINT('',#12069);
#3706=VERTEX_POINT('',#12071);
#3707=VERTEX_POINT('',#12073);
#3708=VERTEX_POINT('',#12075);
#3709=VERTEX_POINT('',#12079);
#3710=VERTEX_POINT('',#12081);
#3711=VERTEX_POINT('',#12083);
#3712=VERTEX_POINT('',#12085);
#3713=VERTEX_POINT('',#12087);
#3714=VERTEX_POINT('',#12089);
#3715=VERTEX_POINT('',#12093);
#3716=VERTEX_POINT('',#12095);
#3717=VERTEX_POINT('',#12099);
#3718=VERTEX_POINT('',#12100);
#3719=VERTEX_POINT('',#12102);
#3720=VERTEX_POINT('',#12104);
#3721=VERTEX_POINT('',#12108);
#3722=VERTEX_POINT('',#12110);
#3723=VERTEX_POINT('',#12114);
#3724=VERTEX_POINT('',#12116);
#3725=VERTEX_POINT('',#12124);
#3726=VERTEX_POINT('',#12125);
#3727=VERTEX_POINT('',#12127);
#3728=VERTEX_POINT('',#12129);
#3729=VERTEX_POINT('',#12133);
#3730=VERTEX_POINT('',#12135);
#3731=VERTEX_POINT('',#12139);
#3732=VERTEX_POINT('',#12141);
#3733=VERTEX_POINT('',#12149);
#3734=VERTEX_POINT('',#12150);
#3735=VERTEX_POINT('',#12152);
#3736=VERTEX_POINT('',#12154);
#3737=VERTEX_POINT('',#12158);
#3738=VERTEX_POINT('',#12160);
#3739=VERTEX_POINT('',#12164);
#3740=VERTEX_POINT('',#12166);
#3741=VERTEX_POINT('',#12172);
#3742=VERTEX_POINT('',#12173);
#3743=VERTEX_POINT('',#12175);
#3744=VERTEX_POINT('',#12177);
#3745=VERTEX_POINT('',#12229);
#3746=VERTEX_POINT('',#12231);
#3747=VERTEX_POINT('',#12240);
#3748=VERTEX_POINT('',#12244);
#3749=VERTEX_POINT('',#12281);
#3750=VERTEX_POINT('',#12288);
#3751=VERTEX_POINT('',#12292);
#3752=VERTEX_POINT('',#12294);
#3753=VERTEX_POINT('',#12377);
#3754=VERTEX_POINT('',#12379);
#3755=VERTEX_POINT('',#12381);
#3756=VERTEX_POINT('',#12385);
#3757=VERTEX_POINT('',#12387);
#3758=VERTEX_POINT('',#12389);
#3759=VERTEX_POINT('',#12393);
#3760=VERTEX_POINT('',#12394);
#3761=VERTEX_POINT('',#12396);
#3762=VERTEX_POINT('',#12398);
#3763=VERTEX_POINT('',#12400);
#3764=VERTEX_POINT('',#12402);
#3765=VERTEX_POINT('',#12406);
#3766=VERTEX_POINT('',#12408);
#3767=VERTEX_POINT('',#12412);
#3768=VERTEX_POINT('',#12414);
#3769=VERTEX_POINT('',#12418);
#3770=VERTEX_POINT('',#12420);
#3771=VERTEX_POINT('',#12424);
#3772=VERTEX_POINT('',#12426);
#3773=VERTEX_POINT('',#12428);
#3774=VERTEX_POINT('',#12431);
#3775=VERTEX_POINT('',#12435);
#3776=VERTEX_POINT('',#12436);
#3777=VERTEX_POINT('',#12438);
#3778=VERTEX_POINT('',#12440);
#3779=VERTEX_POINT('',#12444);
#3780=VERTEX_POINT('',#12446);
#3781=VERTEX_POINT('',#12448);
#3782=VERTEX_POINT('',#12450);
#3783=VERTEX_POINT('',#12454);
#3784=VERTEX_POINT('',#12456);
#3785=VERTEX_POINT('',#12460);
#3786=VERTEX_POINT('',#12461);
#3787=VERTEX_POINT('',#12464);
#3788=VERTEX_POINT('',#12466);
#3789=VERTEX_POINT('',#12468);
#3790=VERTEX_POINT('',#12470);
#3791=VERTEX_POINT('',#12477);
#3792=VERTEX_POINT('',#12478);
#3793=VERTEX_POINT('',#12480);
#3794=VERTEX_POINT('',#12482);
#3795=VERTEX_POINT('',#12486);
#3796=VERTEX_POINT('',#12487);
#3797=VERTEX_POINT('',#12489);
#3798=VERTEX_POINT('',#12491);
#3799=VERTEX_POINT('',#12495);
#3800=VERTEX_POINT('',#12496);
#3801=VERTEX_POINT('',#12498);
#3802=VERTEX_POINT('',#12500);
#3803=VERTEX_POINT('',#12504);
#3804=VERTEX_POINT('',#12505);
#3805=VERTEX_POINT('',#12507);
#3806=VERTEX_POINT('',#12509);
#3807=VERTEX_POINT('',#12513);
#3808=VERTEX_POINT('',#12514);
#3809=VERTEX_POINT('',#12519);
#3810=VERTEX_POINT('',#12523);
#3811=VERTEX_POINT('',#12529);
#3812=VERTEX_POINT('',#12530);
#3813=VERTEX_POINT('',#12532);
#3814=VERTEX_POINT('',#12534);
#3815=VERTEX_POINT('',#12538);
#3816=VERTEX_POINT('',#12539);
#3817=VERTEX_POINT('',#12544);
#3818=VERTEX_POINT('',#12548);
#3819=VERTEX_POINT('',#12554);
#3820=VERTEX_POINT('',#12555);
#3821=VERTEX_POINT('',#12560);
#3822=VERTEX_POINT('',#12561);
#3823=VERTEX_POINT('',#12564);
#3824=VERTEX_POINT('',#12568);
#3825=VERTEX_POINT('',#12569);
#3826=VERTEX_POINT('',#12572);
#3827=VERTEX_POINT('',#12576);
#3828=VERTEX_POINT('',#12577);
#3829=VERTEX_POINT('',#12582);
#3830=VERTEX_POINT('',#12583);
#3831=VERTEX_POINT('',#12586);
#3832=VERTEX_POINT('',#12590);
#3833=VERTEX_POINT('',#12591);
#3834=VERTEX_POINT('',#12594);
#3835=VERTEX_POINT('',#12598);
#3836=VERTEX_POINT('',#12600);
#3837=VERTEX_POINT('',#12604);
#3838=VERTEX_POINT('',#12606);
#3839=VERTEX_POINT('',#12613);
#3840=VERTEX_POINT('',#12617);
#3841=VERTEX_POINT('',#12623);
#3842=VERTEX_POINT('',#12624);
#3843=VERTEX_POINT('',#12626);
#3844=VERTEX_POINT('',#12628);
#3845=VERTEX_POINT('',#12632);
#3846=VERTEX_POINT('',#12634);
#3847=VERTEX_POINT('',#12638);
#3848=VERTEX_POINT('',#12640);
#3849=VERTEX_POINT('',#12672);
#3850=VERTEX_POINT('',#12673);
#3851=VERTEX_POINT('',#12675);
#3852=VERTEX_POINT('',#12677);
#3853=VERTEX_POINT('',#12680);
#3854=VERTEX_POINT('',#12681);
#3855=VERTEX_POINT('',#12683);
#3856=VERTEX_POINT('',#12685);
#3857=VERTEX_POINT('',#12710);
#3858=VERTEX_POINT('',#12711);
#3859=VERTEX_POINT('',#12713);
#3860=VERTEX_POINT('',#12715);
#3861=VERTEX_POINT('',#12719);
#3862=VERTEX_POINT('',#12720);
#3863=VERTEX_POINT('',#12722);
#3864=VERTEX_POINT('',#12724);
#3865=VERTEX_POINT('',#12728);
#3866=VERTEX_POINT('',#12729);
#3867=VERTEX_POINT('',#12731);
#3868=VERTEX_POINT('',#12733);
#3869=VERTEX_POINT('',#12737);
#3870=VERTEX_POINT('',#12738);
#3871=VERTEX_POINT('',#12740);
#3872=VERTEX_POINT('',#12742);
#3873=VERTEX_POINT('',#12746);
#3874=VERTEX_POINT('',#12747);
#3875=VERTEX_POINT('',#12749);
#3876=VERTEX_POINT('',#12751);
#3877=VERTEX_POINT('',#12755);
#3878=VERTEX_POINT('',#12756);
#3879=VERTEX_POINT('',#12758);
#3880=VERTEX_POINT('',#12760);
#3881=VERTEX_POINT('',#12762);
#3882=VERTEX_POINT('',#12764);
#3883=VERTEX_POINT('',#12766);
#3884=VERTEX_POINT('',#12768);
#3885=VERTEX_POINT('',#12770);
#3886=VERTEX_POINT('',#12772);
#3887=VERTEX_POINT('',#12775);
#3888=VERTEX_POINT('',#12776);
#3889=VERTEX_POINT('',#12778);
#3890=VERTEX_POINT('',#12780);
#3891=VERTEX_POINT('',#12782);
#3892=VERTEX_POINT('',#12784);
#3893=VERTEX_POINT('',#12786);
#3894=VERTEX_POINT('',#12788);
#3895=VERTEX_POINT('',#12790);
#3896=VERTEX_POINT('',#12792);
#3897=VERTEX_POINT('',#12794);
#3898=VERTEX_POINT('',#12796);
#3899=VERTEX_POINT('',#12800);
#3900=VERTEX_POINT('',#12802);
#3901=VERTEX_POINT('',#12806);
#3902=VERTEX_POINT('',#12808);
#3903=VERTEX_POINT('',#12813);
#3904=VERTEX_POINT('',#12815);
#3905=VERTEX_POINT('',#12822);
#3906=VERTEX_POINT('',#12826);
#3907=VERTEX_POINT('',#12836);
#3908=VERTEX_POINT('',#12838);
#3909=VERTEX_POINT('',#12842);
#3910=VERTEX_POINT('',#12846);
#3911=VERTEX_POINT('',#12850);
#3912=VERTEX_POINT('',#12854);
#3913=VERTEX_POINT('',#12858);
#3914=VERTEX_POINT('',#12862);
#3915=VERTEX_POINT('',#12866);
#3916=VERTEX_POINT('',#12870);
#3917=VERTEX_POINT('',#12875);
#3918=VERTEX_POINT('',#12876);
#3919=VERTEX_POINT('',#12878);
#3920=VERTEX_POINT('',#12928);
#3921=VERTEX_POINT('',#12930);
#3922=VERTEX_POINT('',#12980);
#3923=VERTEX_POINT('',#12982);
#3924=VERTEX_POINT('',#13032);
#3925=VERTEX_POINT('',#13091);
#3926=VERTEX_POINT('',#13092);
#3927=VERTEX_POINT('',#13104);
#3928=VERTEX_POINT('',#13118);
#3929=VERTEX_POINT('',#13129);
#3930=VERTEX_POINT('',#13131);
#3931=VERTEX_POINT('',#13142);
#3932=VERTEX_POINT('',#13144);
#3933=VERTEX_POINT('',#13148);
#3934=VERTEX_POINT('',#13150);
#3935=VERTEX_POINT('',#13158);
#3936=VERTEX_POINT('',#13159);
#3937=VERTEX_POINT('',#13164);
#3938=VERTEX_POINT('',#13166);
#3939=VERTEX_POINT('',#13193);
#3940=VERTEX_POINT('',#13194);
#3941=VERTEX_POINT('',#13199);
#3942=VERTEX_POINT('',#13201);
#3943=VERTEX_POINT('',#13209);
#3944=VERTEX_POINT('',#13211);
#3945=VERTEX_POINT('',#13215);
#3946=VERTEX_POINT('',#13216);
#3947=VERTEX_POINT('',#13225);
#3948=VERTEX_POINT('',#13227);
#3949=VERTEX_POINT('',#13231);
#3950=VERTEX_POINT('',#13235);
#3951=VERTEX_POINT('',#13241);
#3952=VERTEX_POINT('',#13243);
#3953=VERTEX_POINT('',#13247);
#3954=VERTEX_POINT('',#13251);
#3955=VERTEX_POINT('',#13260);
#3956=VERTEX_POINT('',#13261);
#3957=VERTEX_POINT('',#13273);
#3958=VERTEX_POINT('',#13275);
#3959=VERTEX_POINT('',#13283);
#3960=VERTEX_POINT('',#13285);
#3961=VERTEX_POINT('',#13289);
#3962=VERTEX_POINT('',#13293);
#3963=VERTEX_POINT('',#13299);
#3964=VERTEX_POINT('',#13300);
#3965=VERTEX_POINT('',#13305);
#3966=VERTEX_POINT('',#13307);
#3967=VERTEX_POINT('',#13315);
#3968=VERTEX_POINT('',#13316);
#3969=VERTEX_POINT('',#13318);
#3970=VERTEX_POINT('',#13320);
#3971=VERTEX_POINT('',#13324);
#3972=VERTEX_POINT('',#13325);
#3973=VERTEX_POINT('',#13327);
#3974=VERTEX_POINT('',#13329);
#3975=VERTEX_POINT('',#13344);
#3976=VERTEX_POINT('',#13355);
#3977=VERTEX_POINT('',#13357);
#3978=VERTEX_POINT('',#13359);
#3979=VERTEX_POINT('',#13372);
#3980=VERTEX_POINT('',#13373);
#3981=VERTEX_POINT('',#13375);
#3982=VERTEX_POINT('',#13377);
#3983=VERTEX_POINT('',#13381);
#3984=VERTEX_POINT('',#13382);
#3985=VERTEX_POINT('',#13384);
#3986=VERTEX_POINT('',#13386);
#3987=VERTEX_POINT('',#13409);
#3988=VERTEX_POINT('',#13410);
#3989=VERTEX_POINT('',#13412);
#3990=VERTEX_POINT('',#13414);
#3991=VERTEX_POINT('',#13557);
#3992=VERTEX_POINT('',#13563);
#3993=VERTEX_POINT('',#13567);
#3994=VERTEX_POINT('',#13576);
#3995=VERTEX_POINT('',#13725);
#3996=VERTEX_POINT('',#13729);
#3997=VERTEX_POINT('',#13733);
#3998=VERTEX_POINT('',#13737);
#3999=VERTEX_POINT('',#13741);
#4000=VERTEX_POINT('',#13742);
#4001=VERTEX_POINT('',#13752);
#4002=VERTEX_POINT('',#13753);
#4003=EDGE_CURVE('',#3277,#3278,#1169,.T.);
#4004=EDGE_CURVE('',#3277,#3279,#1170,.T.);
#4005=EDGE_CURVE('',#3279,#3280,#1171,.T.);
#4006=EDGE_CURVE('',#3278,#3280,#1172,.T.);
#4007=EDGE_CURVE('',#3281,#3282,#1173,.T.);
#4008=EDGE_CURVE('',#3278,#3281,#1174,.T.);
#4009=EDGE_CURVE('',#3280,#3283,#1175,.T.);
#4010=EDGE_CURVE('',#3282,#3283,#1176,.T.);
#4011=EDGE_CURVE('',#3282,#3284,#1177,.T.);
#4012=EDGE_CURVE('',#3283,#3285,#1178,.T.);
#4013=EDGE_CURVE('',#3284,#3285,#1179,.T.);
#4014=EDGE_CURVE('',#3284,#3286,#1180,.T.);
#4015=EDGE_CURVE('',#3285,#3279,#1181,.T.);
#4016=EDGE_CURVE('',#3286,#3277,#1182,.T.);
#4017=EDGE_CURVE('',#3287,#3288,#1183,.T.);
#4018=EDGE_CURVE('',#3287,#3289,#1184,.T.);
#4019=EDGE_CURVE('',#3289,#3290,#1185,.T.);
#4020=EDGE_CURVE('',#3288,#3290,#1186,.T.);
#4021=EDGE_CURVE('',#3291,#3292,#1187,.T.);
#4022=EDGE_CURVE('',#3288,#3291,#1188,.T.);
#4023=EDGE_CURVE('',#3290,#3293,#1189,.T.);
#4024=EDGE_CURVE('',#3292,#3293,#1190,.T.);
#4025=EDGE_CURVE('',#3292,#3294,#1191,.T.);
#4026=EDGE_CURVE('',#3293,#3295,#1192,.T.);
#4027=EDGE_CURVE('',#3294,#3295,#1193,.T.);
#4028=EDGE_CURVE('',#3294,#3296,#1194,.T.);
#4029=EDGE_CURVE('',#3295,#3289,#1195,.T.);
#4030=EDGE_CURVE('',#3296,#3287,#1196,.T.);
#4031=EDGE_CURVE('',#3297,#3298,#1197,.T.);
#4032=EDGE_CURVE('',#3297,#3299,#1198,.T.);
#4033=EDGE_CURVE('',#3299,#3300,#1199,.T.);
#4034=EDGE_CURVE('',#3300,#3301,#1200,.T.);
#4035=EDGE_CURVE('',#3298,#3301,#1201,.T.);
#4036=EDGE_CURVE('',#3300,#3302,#1202,.T.);
#4037=EDGE_CURVE('',#3302,#3303,#1203,.T.);
#4038=EDGE_CURVE('',#3301,#3303,#1204,.T.);
#4039=EDGE_CURVE('',#3302,#3304,#1205,.T.);
#4040=EDGE_CURVE('',#3304,#3305,#1206,.T.);
#4041=EDGE_CURVE('',#3305,#3306,#1207,.T.);
#4042=EDGE_CURVE('',#3303,#3306,#1208,.T.);
#4043=EDGE_CURVE('',#3305,#3297,#1209,.T.);
#4044=EDGE_CURVE('',#3306,#3298,#1210,.T.);
#4045=EDGE_CURVE('',#3307,#3308,#1211,.T.);
#4046=EDGE_CURVE('',#3307,#3309,#1212,.T.);
#4047=EDGE_CURVE('',#3309,#3310,#1213,.T.);
#4048=EDGE_CURVE('',#3310,#3311,#1214,.T.);
#4049=EDGE_CURVE('',#3308,#3311,#1215,.T.);
#4050=EDGE_CURVE('',#3310,#3312,#1216,.T.);
#4051=EDGE_CURVE('',#3312,#3313,#1217,.T.);
#4052=EDGE_CURVE('',#3311,#3313,#1218,.T.);
#4053=EDGE_CURVE('',#3312,#3314,#1219,.T.);
#4054=EDGE_CURVE('',#3314,#3315,#1220,.T.);
#4055=EDGE_CURVE('',#3315,#3316,#1221,.T.);
#4056=EDGE_CURVE('',#3313,#3316,#1222,.T.);
#4057=EDGE_CURVE('',#3315,#3307,#1223,.T.);
#4058=EDGE_CURVE('',#3316,#3308,#1224,.T.);
#4059=EDGE_CURVE('',#3317,#3318,#1225,.T.);
#4060=EDGE_CURVE('',#3317,#3319,#1226,.T.);
#4061=EDGE_CURVE('',#3319,#3320,#1227,.T.);
#4062=EDGE_CURVE('',#3318,#3320,#1228,.T.);
#4063=EDGE_CURVE('',#3321,#3322,#1229,.T.);
#4064=EDGE_CURVE('',#3318,#3321,#1230,.T.);
#4065=EDGE_CURVE('',#3320,#3323,#1231,.T.);
#4066=EDGE_CURVE('',#3322,#3323,#1232,.T.);
#4067=EDGE_CURVE('',#3322,#3324,#1233,.T.);
#4068=EDGE_CURVE('',#3323,#3325,#1234,.T.);
#4069=EDGE_CURVE('',#3324,#3325,#1235,.T.);
#4070=EDGE_CURVE('',#3324,#3326,#1236,.T.);
#4071=EDGE_CURVE('',#3325,#3319,#1237,.T.);
#4072=EDGE_CURVE('',#3326,#3317,#1238,.T.);
#4073=EDGE_CURVE('',#3327,#3328,#1239,.T.);
#4074=EDGE_CURVE('',#3327,#3329,#1240,.T.);
#4075=EDGE_CURVE('',#3329,#3330,#1241,.T.);
#4076=EDGE_CURVE('',#3328,#3330,#1242,.T.);
#4077=EDGE_CURVE('',#3331,#3332,#1243,.T.);
#4078=EDGE_CURVE('',#3328,#3331,#1244,.T.);
#4079=EDGE_CURVE('',#3330,#3333,#1245,.T.);
#4080=EDGE_CURVE('',#3332,#3333,#1246,.T.);
#4081=EDGE_CURVE('',#3332,#3334,#1247,.T.);
#4082=EDGE_CURVE('',#3333,#3335,#1248,.T.);
#4083=EDGE_CURVE('',#3334,#3335,#1249,.T.);
#4084=EDGE_CURVE('',#3334,#3336,#1250,.T.);
#4085=EDGE_CURVE('',#3335,#3329,#1251,.T.);
#4086=EDGE_CURVE('',#3336,#3327,#1252,.T.);
#4087=EDGE_CURVE('',#3337,#3338,#1253,.T.);
#4088=EDGE_CURVE('',#3337,#3339,#1254,.T.);
#4089=EDGE_CURVE('',#3339,#3340,#1255,.T.);
#4090=EDGE_CURVE('',#3338,#3340,#1256,.T.);
#4091=EDGE_CURVE('',#3341,#3342,#1257,.T.);
#4092=EDGE_CURVE('',#3338,#3341,#1258,.T.);
#4093=EDGE_CURVE('',#3340,#3343,#1259,.T.);
#4094=EDGE_CURVE('',#3342,#3343,#1260,.T.);
#4095=EDGE_CURVE('',#3342,#3344,#1261,.T.);
#4096=EDGE_CURVE('',#3343,#3345,#1262,.T.);
#4097=EDGE_CURVE('',#3344,#3345,#1263,.T.);
#4098=EDGE_CURVE('',#3344,#3346,#1264,.T.);
#4099=EDGE_CURVE('',#3345,#3339,#1265,.T.);
#4100=EDGE_CURVE('',#3346,#3337,#1266,.T.);
#4101=EDGE_CURVE('',#3347,#3348,#1267,.T.);
#4102=EDGE_CURVE('',#3347,#3349,#1268,.T.);
#4103=EDGE_CURVE('',#3349,#3350,#1269,.T.);
#4104=EDGE_CURVE('',#3348,#3350,#1270,.T.);
#4105=EDGE_CURVE('',#3351,#3352,#1271,.T.);
#4106=EDGE_CURVE('',#3348,#3351,#1272,.T.);
#4107=EDGE_CURVE('',#3350,#3353,#1273,.T.);
#4108=EDGE_CURVE('',#3352,#3353,#1274,.T.);
#4109=EDGE_CURVE('',#3352,#3354,#1275,.T.);
#4110=EDGE_CURVE('',#3353,#3355,#1276,.T.);
#4111=EDGE_CURVE('',#3354,#3355,#1277,.T.);
#4112=EDGE_CURVE('',#3354,#3356,#1278,.T.);
#4113=EDGE_CURVE('',#3355,#3349,#1279,.T.);
#4114=EDGE_CURVE('',#3356,#3347,#1280,.T.);
#4115=EDGE_CURVE('',#3357,#3358,#1281,.T.);
#4116=EDGE_CURVE('',#3357,#3359,#1282,.T.);
#4117=EDGE_CURVE('',#3359,#3360,#1283,.T.);
#4118=EDGE_CURVE('',#3360,#3361,#1284,.T.);
#4119=EDGE_CURVE('',#3358,#3361,#1285,.T.);
#4120=EDGE_CURVE('',#3360,#3362,#1286,.T.);
#4121=EDGE_CURVE('',#3362,#3363,#1287,.T.);
#4122=EDGE_CURVE('',#3361,#3363,#1288,.T.);
#4123=EDGE_CURVE('',#3362,#3364,#1289,.T.);
#4124=EDGE_CURVE('',#3364,#3365,#1290,.T.);
#4125=EDGE_CURVE('',#3365,#3366,#1291,.T.);
#4126=EDGE_CURVE('',#3363,#3366,#1292,.T.);
#4127=EDGE_CURVE('',#3365,#3357,#1293,.T.);
#4128=EDGE_CURVE('',#3366,#3358,#1294,.T.);
#4129=EDGE_CURVE('',#3367,#3368,#1295,.T.);
#4130=EDGE_CURVE('',#3367,#3369,#1296,.T.);
#4131=EDGE_CURVE('',#3369,#3370,#1297,.T.);
#4132=EDGE_CURVE('',#3370,#3371,#1298,.T.);
#4133=EDGE_CURVE('',#3368,#3371,#1299,.T.);
#4134=EDGE_CURVE('',#3370,#3372,#1300,.T.);
#4135=EDGE_CURVE('',#3372,#3373,#1301,.T.);
#4136=EDGE_CURVE('',#3371,#3373,#1302,.T.);
#4137=EDGE_CURVE('',#3372,#3374,#1303,.T.);
#4138=EDGE_CURVE('',#3374,#3375,#1304,.T.);
#4139=EDGE_CURVE('',#3375,#3376,#1305,.T.);
#4140=EDGE_CURVE('',#3373,#3376,#1306,.T.);
#4141=EDGE_CURVE('',#3375,#3367,#1307,.T.);
#4142=EDGE_CURVE('',#3376,#3368,#1308,.T.);
#4143=EDGE_CURVE('',#3377,#3378,#1309,.T.);
#4144=EDGE_CURVE('',#3377,#3379,#1310,.T.);
#4145=EDGE_CURVE('',#3379,#3380,#1311,.T.);
#4146=EDGE_CURVE('',#3380,#3381,#1312,.T.);
#4147=EDGE_CURVE('',#3378,#3381,#1313,.T.);
#4148=EDGE_CURVE('',#3380,#3382,#1314,.T.);
#4149=EDGE_CURVE('',#3382,#3383,#1315,.T.);
#4150=EDGE_CURVE('',#3381,#3383,#1316,.T.);
#4151=EDGE_CURVE('',#3382,#3384,#1317,.T.);
#4152=EDGE_CURVE('',#3384,#3385,#1318,.T.);
#4153=EDGE_CURVE('',#3385,#3386,#1319,.T.);
#4154=EDGE_CURVE('',#3383,#3386,#1320,.T.);
#4155=EDGE_CURVE('',#3385,#3377,#1321,.T.);
#4156=EDGE_CURVE('',#3386,#3378,#1322,.T.);
#4157=EDGE_CURVE('',#3387,#3388,#1323,.T.);
#4158=EDGE_CURVE('',#3387,#3389,#1324,.T.);
#4159=EDGE_CURVE('',#3389,#3390,#1325,.T.);
#4160=EDGE_CURVE('',#3390,#3391,#1326,.T.);
#4161=EDGE_CURVE('',#3388,#3391,#1327,.T.);
#4162=EDGE_CURVE('',#3390,#3392,#1328,.T.);
#4163=EDGE_CURVE('',#3392,#3393,#1329,.T.);
#4164=EDGE_CURVE('',#3391,#3393,#1330,.T.);
#4165=EDGE_CURVE('',#3392,#3394,#1331,.T.);
#4166=EDGE_CURVE('',#3394,#3395,#1332,.T.);
#4167=EDGE_CURVE('',#3395,#3396,#1333,.T.);
#4168=EDGE_CURVE('',#3393,#3396,#1334,.T.);
#4169=EDGE_CURVE('',#3395,#3387,#1335,.T.);
#4170=EDGE_CURVE('',#3396,#3388,#1336,.T.);
#4171=EDGE_CURVE('',#3397,#3398,#1337,.T.);
#4172=EDGE_CURVE('',#3397,#3399,#1338,.T.);
#4173=EDGE_CURVE('',#3399,#3400,#1339,.T.);
#4174=EDGE_CURVE('',#3398,#3400,#1340,.T.);
#4175=EDGE_CURVE('',#3401,#3402,#1341,.T.);
#4176=EDGE_CURVE('',#3398,#3401,#1342,.T.);
#4177=EDGE_CURVE('',#3400,#3403,#1343,.T.);
#4178=EDGE_CURVE('',#3402,#3403,#1344,.T.);
#4179=EDGE_CURVE('',#3402,#3404,#1345,.T.);
#4180=EDGE_CURVE('',#3403,#3405,#1346,.T.);
#4181=EDGE_CURVE('',#3404,#3405,#1347,.T.);
#4182=EDGE_CURVE('',#3404,#3406,#1348,.T.);
#4183=EDGE_CURVE('',#3405,#3399,#1349,.T.);
#4184=EDGE_CURVE('',#3406,#3397,#1350,.T.);
#4185=EDGE_CURVE('',#3407,#3408,#1351,.T.);
#4186=EDGE_CURVE('',#3407,#3409,#1352,.T.);
#4187=EDGE_CURVE('',#3409,#3410,#1353,.T.);
#4188=EDGE_CURVE('',#3410,#3411,#1354,.T.);
#4189=EDGE_CURVE('',#3408,#3411,#1355,.T.);
#4190=EDGE_CURVE('',#3410,#3412,#1356,.T.);
#4191=EDGE_CURVE('',#3412,#3413,#1357,.T.);
#4192=EDGE_CURVE('',#3411,#3413,#1358,.T.);
#4193=EDGE_CURVE('',#3412,#3414,#1359,.T.);
#4194=EDGE_CURVE('',#3414,#3415,#1360,.T.);
#4195=EDGE_CURVE('',#3415,#3416,#1361,.T.);
#4196=EDGE_CURVE('',#3413,#3416,#1362,.T.);
#4197=EDGE_CURVE('',#3415,#3407,#1363,.T.);
#4198=EDGE_CURVE('',#3416,#3408,#1364,.T.);
#4199=EDGE_CURVE('',#3417,#3418,#1365,.T.);
#4200=EDGE_CURVE('',#3419,#3418,#1366,.T.);
#4201=EDGE_CURVE('',#3420,#3419,#1367,.T.);
#4202=EDGE_CURVE('',#3420,#3417,#1368,.T.);
#4203=EDGE_CURVE('',#3421,#3422,#1369,.T.);
#4204=EDGE_CURVE('',#3421,#3423,#1370,.T.);
#4205=EDGE_CURVE('',#3423,#3424,#1371,.T.);
#4206=EDGE_CURVE('',#3422,#3424,#1372,.T.);
#4207=EDGE_CURVE('',#3419,#3421,#1373,.T.);
#4208=EDGE_CURVE('',#3422,#3420,#1374,.T.);
#4209=EDGE_CURVE('',#3425,#3426,#1375,.T.);
#4210=EDGE_CURVE('',#3427,#3426,#1376,.T.);
#4211=EDGE_CURVE('',#3428,#3427,#1377,.T.);
#4212=EDGE_CURVE('',#3428,#3425,#1378,.T.);
#4213=EDGE_CURVE('',#3429,#3430,#1379,.T.);
#4214=EDGE_CURVE('',#3429,#3431,#1380,.T.);
#4215=EDGE_CURVE('',#3431,#3432,#1381,.T.);
#4216=EDGE_CURVE('',#3430,#3432,#1382,.T.);
#4217=EDGE_CURVE('',#3427,#3429,#1383,.T.);
#4218=EDGE_CURVE('',#3430,#3428,#1384,.T.);
#4219=EDGE_CURVE('',#3433,#3434,#1385,.T.);
#4220=EDGE_CURVE('',#3435,#3434,#1386,.T.);
#4221=EDGE_CURVE('',#3436,#3435,#1387,.T.);
#4222=EDGE_CURVE('',#3436,#3433,#1388,.T.);
#4223=EDGE_CURVE('',#3437,#3438,#1389,.T.);
#4224=EDGE_CURVE('',#3437,#3439,#1390,.T.);
#4225=EDGE_CURVE('',#3439,#3440,#1391,.T.);
#4226=EDGE_CURVE('',#3438,#3440,#1392,.T.);
#4227=EDGE_CURVE('',#3435,#3437,#1393,.T.);
#4228=EDGE_CURVE('',#3438,#3436,#1394,.T.);
#4229=EDGE_CURVE('',#3441,#3442,#1395,.T.);
#4230=EDGE_CURVE('',#3443,#3442,#1396,.T.);
#4231=EDGE_CURVE('',#3444,#3443,#1397,.T.);
#4232=EDGE_CURVE('',#3444,#3441,#1398,.T.);
#4233=EDGE_CURVE('',#3445,#3446,#1399,.T.);
#4234=EDGE_CURVE('',#3445,#3447,#1400,.T.);
#4235=EDGE_CURVE('',#3447,#3448,#1401,.T.);
#4236=EDGE_CURVE('',#3446,#3448,#1402,.T.);
#4237=EDGE_CURVE('',#3443,#3445,#1403,.T.);
#4238=EDGE_CURVE('',#3446,#3444,#1404,.T.);
#4239=EDGE_CURVE('',#3449,#3450,#1405,.T.);
#4240=EDGE_CURVE('',#3451,#3450,#1406,.T.);
#4241=EDGE_CURVE('',#3452,#3451,#1407,.T.);
#4242=EDGE_CURVE('',#3452,#3449,#1408,.T.);
#4243=EDGE_CURVE('',#3453,#3454,#1409,.T.);
#4244=EDGE_CURVE('',#3453,#3455,#1410,.T.);
#4245=EDGE_CURVE('',#3455,#3456,#1411,.T.);
#4246=EDGE_CURVE('',#3454,#3456,#1412,.T.);
#4247=EDGE_CURVE('',#3451,#3453,#1413,.T.);
#4248=EDGE_CURVE('',#3454,#3452,#1414,.T.);
#4249=EDGE_CURVE('',#3457,#3458,#1415,.T.);
#4250=EDGE_CURVE('',#3459,#3458,#1416,.T.);
#4251=EDGE_CURVE('',#3460,#3459,#1417,.T.);
#4252=EDGE_CURVE('',#3460,#3457,#1418,.T.);
#4253=EDGE_CURVE('',#3461,#3462,#1419,.T.);
#4254=EDGE_CURVE('',#3461,#3463,#1420,.T.);
#4255=EDGE_CURVE('',#3463,#3464,#1421,.T.);
#4256=EDGE_CURVE('',#3462,#3464,#1422,.T.);
#4257=EDGE_CURVE('',#3459,#3461,#1423,.T.);
#4258=EDGE_CURVE('',#3462,#3460,#1424,.T.);
#4259=EDGE_CURVE('',#3465,#3466,#1425,.T.);
#4260=EDGE_CURVE('',#3465,#3467,#1426,.T.);
#4261=EDGE_CURVE('',#3467,#3468,#1427,.T.);
#4262=EDGE_CURVE('',#3468,#3466,#1428,.T.);
#4263=EDGE_CURVE('',#3469,#3470,#1429,.T.);
#4264=EDGE_CURVE('',#3469,#3471,#1430,.T.);
#4265=EDGE_CURVE('',#3471,#3472,#1431,.T.);
#4266=EDGE_CURVE('',#3472,#3470,#1432,.T.);
#4267=EDGE_CURVE('',#3473,#3474,#1433,.T.);
#4268=EDGE_CURVE('',#3473,#3475,#1434,.T.);
#4269=EDGE_CURVE('',#3475,#3476,#1435,.T.);
#4270=EDGE_CURVE('',#3476,#3474,#1436,.T.);
#4271=EDGE_CURVE('',#3477,#3478,#1437,.T.);
#4272=EDGE_CURVE('',#3477,#3479,#1438,.T.);
#4273=EDGE_CURVE('',#3479,#3480,#1439,.T.);
#4274=EDGE_CURVE('',#3480,#3478,#1440,.T.);
#4275=EDGE_CURVE('',#3481,#3482,#1441,.T.);
#4276=EDGE_CURVE('',#3481,#3483,#1442,.T.);
#4277=EDGE_CURVE('',#3483,#3484,#1443,.T.);
#4278=EDGE_CURVE('',#3484,#3482,#1444,.T.);
#4279=EDGE_CURVE('',#3485,#3486,#1445,.T.);
#4280=EDGE_CURVE('',#3485,#3487,#1446,.T.);
#4281=EDGE_CURVE('',#3487,#3488,#1447,.T.);
#4282=EDGE_CURVE('',#3488,#3486,#1448,.T.);
#4283=EDGE_CURVE('',#3489,#3490,#1449,.T.);
#4284=EDGE_CURVE('',#3489,#3491,#1450,.T.);
#4285=EDGE_CURVE('',#3491,#3492,#1451,.T.);
#4286=EDGE_CURVE('',#3490,#3492,#1452,.T.);
#4287=EDGE_CURVE('',#3493,#3494,#1453,.T.);
#4288=EDGE_CURVE('',#3494,#3495,#1454,.T.);
#4289=EDGE_CURVE('',#3496,#3495,#1455,.T.);
#4290=EDGE_CURVE('',#3496,#3493,#1456,.T.);
#4291=EDGE_CURVE('',#3497,#3498,#1457,.T.);
#4292=EDGE_CURVE('',#3498,#3499,#1458,.T.);
#4293=EDGE_CURVE('',#3500,#3499,#1459,.T.);
#4294=EDGE_CURVE('',#3500,#3497,#1460,.T.);
#4295=EDGE_CURVE('',#3501,#3502,#1461,.T.);
#4296=EDGE_CURVE('',#3502,#3503,#1462,.T.);
#4297=EDGE_CURVE('',#3504,#3503,#1463,.T.);
#4298=EDGE_CURVE('',#3504,#3501,#1464,.T.);
#4299=EDGE_CURVE('',#3505,#3506,#1465,.T.);
#4300=EDGE_CURVE('',#3506,#3507,#1466,.T.);
#4301=EDGE_CURVE('',#3508,#3507,#1467,.T.);
#4302=EDGE_CURVE('',#3508,#3505,#1468,.T.);
#4303=EDGE_CURVE('',#3509,#3510,#1469,.T.);
#4304=EDGE_CURVE('',#3510,#3511,#1470,.T.);
#4305=EDGE_CURVE('',#3512,#3511,#1471,.T.);
#4306=EDGE_CURVE('',#3512,#3509,#1472,.T.);
#4307=EDGE_CURVE('',#3513,#3514,#1473,.T.);
#4308=EDGE_CURVE('',#3514,#3515,#1474,.T.);
#4309=EDGE_CURVE('',#3516,#3515,#1475,.T.);
#4310=EDGE_CURVE('',#3516,#3513,#1476,.T.);
#4311=EDGE_CURVE('',#3517,#3518,#1477,.T.);
#4312=EDGE_CURVE('',#3518,#3519,#1478,.T.);
#4313=EDGE_CURVE('',#3520,#3519,#1479,.T.);
#4314=EDGE_CURVE('',#3520,#3517,#1480,.T.);
#4315=EDGE_CURVE('',#3521,#3467,#1481,.T.);
#4316=EDGE_CURVE('',#3522,#3521,#1482,.T.);
#4317=EDGE_CURVE('',#3468,#3522,#1483,.T.);
#4318=EDGE_CURVE('',#3523,#3471,#1484,.T.);
#4319=EDGE_CURVE('',#3524,#3523,#1485,.T.);
#4320=EDGE_CURVE('',#3472,#3524,#1486,.T.);
#4321=EDGE_CURVE('',#3525,#3475,#1487,.T.);
#4322=EDGE_CURVE('',#3526,#3525,#1488,.T.);
#4323=EDGE_CURVE('',#3476,#3526,#1489,.T.);
#4324=EDGE_CURVE('',#3527,#3479,#1490,.T.);
#4325=EDGE_CURVE('',#3528,#3527,#1491,.T.);
#4326=EDGE_CURVE('',#3480,#3528,#1492,.T.);
#4327=EDGE_CURVE('',#3529,#3483,#1493,.T.);
#4328=EDGE_CURVE('',#3530,#3529,#1494,.T.);
#4329=EDGE_CURVE('',#3484,#3530,#1495,.T.);
#4330=EDGE_CURVE('',#3531,#3487,#1496,.T.);
#4331=EDGE_CURVE('',#3532,#3531,#1497,.T.);
#4332=EDGE_CURVE('',#3488,#3532,#1498,.T.);
#4333=EDGE_CURVE('',#3533,#3491,#1499,.T.);
#4334=EDGE_CURVE('',#3534,#3533,#1500,.T.);
#4335=EDGE_CURVE('',#3492,#3534,#1501,.T.);
#4336=EDGE_CURVE('',#3494,#3535,#1502,.T.);
#4337=EDGE_CURVE('',#3536,#3493,#1503,.T.);
#4338=EDGE_CURVE('',#3535,#3536,#1504,.T.);
#4339=EDGE_CURVE('',#3498,#3537,#1505,.T.);
#4340=EDGE_CURVE('',#3538,#3497,#1506,.T.);
#4341=EDGE_CURVE('',#3537,#3538,#1507,.T.);
#4342=EDGE_CURVE('',#3502,#3539,#1508,.T.);
#4343=EDGE_CURVE('',#3540,#3501,#1509,.T.);
#4344=EDGE_CURVE('',#3539,#3540,#1510,.T.);
#4345=EDGE_CURVE('',#3506,#3541,#1511,.T.);
#4346=EDGE_CURVE('',#3542,#3505,#1512,.T.);
#4347=EDGE_CURVE('',#3541,#3542,#1513,.T.);
#4348=EDGE_CURVE('',#3510,#3543,#1514,.T.);
#4349=EDGE_CURVE('',#3544,#3509,#1515,.T.);
#4350=EDGE_CURVE('',#3543,#3544,#1516,.T.);
#4351=EDGE_CURVE('',#3514,#3545,#1517,.T.);
#4352=EDGE_CURVE('',#3546,#3513,#1518,.T.);
#4353=EDGE_CURVE('',#3545,#3546,#1519,.T.);
#4354=EDGE_CURVE('',#3518,#3547,#1520,.T.);
#4355=EDGE_CURVE('',#3548,#3517,#1521,.T.);
#4356=EDGE_CURVE('',#3547,#3548,#1522,.T.);
#4357=EDGE_CURVE('',#3549,#3550,#153,.T.);
#4358=EDGE_CURVE('',#3551,#3550,#1523,.T.);
#4359=EDGE_CURVE('',#3552,#3551,#154,.T.);
#4360=EDGE_CURVE('',#3552,#3549,#1524,.T.);
#4361=EDGE_CURVE('',#3553,#3554,#155,.T.);
#4362=EDGE_CURVE('',#3555,#3554,#1525,.T.);
#4363=EDGE_CURVE('',#3556,#3555,#156,.T.);
#4364=EDGE_CURVE('',#3556,#3553,#1526,.T.);
#4365=EDGE_CURVE('',#3554,#3549,#1527,.T.);
#4366=EDGE_CURVE('',#3555,#3552,#1528,.T.);
#4367=EDGE_CURVE('',#3492,#3517,#1529,.T.);
#4368=EDGE_CURVE('',#3490,#3520,#1530,.T.);
#4369=EDGE_CURVE('',#3548,#3534,#1531,.T.);
#4370=EDGE_CURVE('',#3557,#3558,#1532,.T.);
#4371=EDGE_CURVE('',#3559,#3558,#1533,.T.);
#4372=EDGE_CURVE('',#3559,#3560,#1534,.T.);
#4373=EDGE_CURVE('',#3560,#3557,#1535,.T.);
#4374=EDGE_CURVE('',#3561,#3516,#1536,.T.);
#4375=EDGE_CURVE('',#3562,#3561,#1537,.T.);
#4376=EDGE_CURVE('',#3563,#3562,#1538,.T.);
#4377=EDGE_CURVE('',#3564,#3563,#1539,.T.);
#4378=EDGE_CURVE('',#3559,#3564,#1540,.T.);
#4379=EDGE_CURVE('',#3558,#3546,#1541,.T.);
#4380=EDGE_CURVE('',#3547,#3557,#1542,.T.);
#4381=EDGE_CURVE('',#3560,#3565,#1543,.T.);
#4382=EDGE_CURVE('',#3565,#3566,#1544,.T.);
#4383=EDGE_CURVE('',#3566,#3567,#1545,.T.);
#4384=EDGE_CURVE('',#3567,#3568,#1546,.T.);
#4385=EDGE_CURVE('',#3568,#3519,#1547,.T.);
#4386=EDGE_CURVE('',#3489,#3569,#1548,.T.);
#4387=EDGE_CURVE('',#3569,#3570,#1549,.T.);
#4388=EDGE_CURVE('',#3570,#3571,#1550,.T.);
#4389=EDGE_CURVE('',#3571,#3572,#1551,.T.);
#4390=EDGE_CURVE('',#3572,#3573,#1552,.T.);
#4391=EDGE_CURVE('',#3573,#3574,#1553,.T.);
#4392=EDGE_CURVE('',#3574,#3533,#1554,.T.);
#4393=EDGE_CURVE('',#3532,#3575,#1555,.T.);
#4394=EDGE_CURVE('',#3576,#3575,#1556,.T.);
#4395=EDGE_CURVE('',#3577,#3576,#1557,.T.);
#4396=EDGE_CURVE('',#3578,#3577,#1558,.T.);
#4397=EDGE_CURVE('',#3579,#3578,#1559,.T.);
#4398=EDGE_CURVE('',#3580,#3579,#1560,.T.);
#4399=EDGE_CURVE('',#3486,#3580,#1561,.T.);
#4400=EDGE_CURVE('',#3575,#3574,#1562,.T.);
#4401=EDGE_CURVE('',#3576,#3573,#1563,.T.);
#4402=EDGE_CURVE('',#3581,#3582,#1564,.T.);
#4403=EDGE_CURVE('',#3583,#3582,#1565,.T.);
#4404=EDGE_CURVE('',#3583,#3584,#1566,.T.);
#4405=EDGE_CURVE('',#3584,#3581,#1567,.T.);
#4406=EDGE_CURVE('',#3585,#3512,#1568,.T.);
#4407=EDGE_CURVE('',#3586,#3585,#1569,.T.);
#4408=EDGE_CURVE('',#3587,#3586,#1570,.T.);
#4409=EDGE_CURVE('',#3588,#3587,#1571,.T.);
#4410=EDGE_CURVE('',#3583,#3588,#1572,.T.);
#4411=EDGE_CURVE('',#3582,#3544,#1573,.T.);
#4412=EDGE_CURVE('',#3545,#3581,#1574,.T.);
#4413=EDGE_CURVE('',#3584,#3589,#1575,.T.);
#4414=EDGE_CURVE('',#3589,#3590,#1576,.T.);
#4415=EDGE_CURVE('',#3590,#3591,#1577,.T.);
#4416=EDGE_CURVE('',#3591,#3592,#1578,.T.);
#4417=EDGE_CURVE('',#3592,#3515,#1579,.T.);
#4418=EDGE_CURVE('',#3485,#3593,#1580,.T.);
#4419=EDGE_CURVE('',#3593,#3594,#1581,.T.);
#4420=EDGE_CURVE('',#3594,#3595,#1582,.T.);
#4421=EDGE_CURVE('',#3595,#3596,#1583,.T.);
#4422=EDGE_CURVE('',#3596,#3597,#1584,.T.);
#4423=EDGE_CURVE('',#3597,#3598,#1585,.T.);
#4424=EDGE_CURVE('',#3598,#3531,#1586,.T.);
#4425=EDGE_CURVE('',#3530,#3599,#1587,.T.);
#4426=EDGE_CURVE('',#3600,#3599,#1588,.T.);
#4427=EDGE_CURVE('',#3601,#3600,#1589,.T.);
#4428=EDGE_CURVE('',#3602,#3601,#1590,.T.);
#4429=EDGE_CURVE('',#3603,#3602,#1591,.T.);
#4430=EDGE_CURVE('',#3604,#3603,#1592,.T.);
#4431=EDGE_CURVE('',#3482,#3604,#1593,.T.);
#4432=EDGE_CURVE('',#3599,#3598,#1594,.T.);
#4433=EDGE_CURVE('',#3600,#3597,#1595,.T.);
#4434=EDGE_CURVE('',#3605,#3606,#1596,.T.);
#4435=EDGE_CURVE('',#3607,#3606,#1597,.T.);
#4436=EDGE_CURVE('',#3607,#3608,#1598,.T.);
#4437=EDGE_CURVE('',#3608,#3605,#1599,.T.);
#4438=EDGE_CURVE('',#3609,#3508,#1600,.T.);
#4439=EDGE_CURVE('',#3610,#3609,#1601,.T.);
#4440=EDGE_CURVE('',#3611,#3610,#1602,.T.);
#4441=EDGE_CURVE('',#3612,#3611,#1603,.T.);
#4442=EDGE_CURVE('',#3607,#3612,#1604,.T.);
#4443=EDGE_CURVE('',#3606,#3542,#1605,.T.);
#4444=EDGE_CURVE('',#3543,#3605,#1606,.T.);
#4445=EDGE_CURVE('',#3608,#3613,#1607,.T.);
#4446=EDGE_CURVE('',#3613,#3614,#1608,.T.);
#4447=EDGE_CURVE('',#3614,#3615,#1609,.T.);
#4448=EDGE_CURVE('',#3615,#3616,#1610,.T.);
#4449=EDGE_CURVE('',#3616,#3511,#1611,.T.);
#4450=EDGE_CURVE('',#3481,#3617,#1612,.T.);
#4451=EDGE_CURVE('',#3617,#3618,#1613,.T.);
#4452=EDGE_CURVE('',#3618,#3619,#1614,.T.);
#4453=EDGE_CURVE('',#3619,#3620,#1615,.T.);
#4454=EDGE_CURVE('',#3620,#3621,#1616,.T.);
#4455=EDGE_CURVE('',#3621,#3622,#1617,.T.);
#4456=EDGE_CURVE('',#3622,#3529,#1618,.T.);
#4457=EDGE_CURVE('',#3528,#3623,#1619,.T.);
#4458=EDGE_CURVE('',#3624,#3623,#1620,.T.);
#4459=EDGE_CURVE('',#3625,#3624,#1621,.T.);
#4460=EDGE_CURVE('',#3626,#3625,#1622,.T.);
#4461=EDGE_CURVE('',#3627,#3626,#1623,.T.);
#4462=EDGE_CURVE('',#3628,#3627,#1624,.T.);
#4463=EDGE_CURVE('',#3478,#3628,#1625,.T.);
#4464=EDGE_CURVE('',#3623,#3622,#1626,.T.);
#4465=EDGE_CURVE('',#3624,#3621,#1627,.T.);
#4466=EDGE_CURVE('',#3629,#3630,#1628,.T.);
#4467=EDGE_CURVE('',#3631,#3630,#1629,.T.);
#4468=EDGE_CURVE('',#3631,#3632,#1630,.T.);
#4469=EDGE_CURVE('',#3632,#3629,#1631,.T.);
#4470=EDGE_CURVE('',#3633,#3504,#1632,.T.);
#4471=EDGE_CURVE('',#3634,#3633,#1633,.T.);
#4472=EDGE_CURVE('',#3635,#3634,#1634,.T.);
#4473=EDGE_CURVE('',#3636,#3635,#1635,.T.);
#4474=EDGE_CURVE('',#3631,#3636,#1636,.T.);
#4475=EDGE_CURVE('',#3630,#3540,#1637,.T.);
#4476=EDGE_CURVE('',#3541,#3629,#1638,.T.);
#4477=EDGE_CURVE('',#3632,#3637,#1639,.T.);
#4478=EDGE_CURVE('',#3637,#3638,#1640,.T.);
#4479=EDGE_CURVE('',#3638,#3639,#1641,.T.);
#4480=EDGE_CURVE('',#3639,#3640,#1642,.T.);
#4481=EDGE_CURVE('',#3640,#3507,#1643,.T.);
#4482=EDGE_CURVE('',#3477,#3641,#1644,.T.);
#4483=EDGE_CURVE('',#3641,#3642,#1645,.T.);
#4484=EDGE_CURVE('',#3642,#3643,#1646,.T.);
#4485=EDGE_CURVE('',#3643,#3644,#1647,.T.);
#4486=EDGE_CURVE('',#3644,#3645,#1648,.T.);
#4487=EDGE_CURVE('',#3645,#3646,#1649,.T.);
#4488=EDGE_CURVE('',#3646,#3527,#1650,.T.);
#4489=EDGE_CURVE('',#3526,#3647,#1651,.T.);
#4490=EDGE_CURVE('',#3648,#3647,#1652,.T.);
#4491=EDGE_CURVE('',#3649,#3648,#1653,.T.);
#4492=EDGE_CURVE('',#3650,#3649,#1654,.T.);
#4493=EDGE_CURVE('',#3651,#3650,#1655,.T.);
#4494=EDGE_CURVE('',#3652,#3651,#1656,.T.);
#4495=EDGE_CURVE('',#3474,#3652,#1657,.T.);
#4496=EDGE_CURVE('',#3647,#3646,#1658,.T.);
#4497=EDGE_CURVE('',#3648,#3645,#1659,.T.);
#4498=EDGE_CURVE('',#3653,#3654,#1660,.T.);
#4499=EDGE_CURVE('',#3655,#3654,#1661,.T.);
#4500=EDGE_CURVE('',#3655,#3656,#1662,.T.);
#4501=EDGE_CURVE('',#3656,#3653,#1663,.T.);
#4502=EDGE_CURVE('',#3657,#3500,#1664,.T.);
#4503=EDGE_CURVE('',#3658,#3657,#1665,.T.);
#4504=EDGE_CURVE('',#3659,#3658,#1666,.T.);
#4505=EDGE_CURVE('',#3660,#3659,#1667,.T.);
#4506=EDGE_CURVE('',#3655,#3660,#1668,.T.);
#4507=EDGE_CURVE('',#3654,#3538,#1669,.T.);
#4508=EDGE_CURVE('',#3539,#3653,#1670,.T.);
#4509=EDGE_CURVE('',#3656,#3661,#1671,.T.);
#4510=EDGE_CURVE('',#3661,#3662,#1672,.T.);
#4511=EDGE_CURVE('',#3662,#3663,#1673,.T.);
#4512=EDGE_CURVE('',#3663,#3664,#1674,.T.);
#4513=EDGE_CURVE('',#3664,#3503,#1675,.T.);
#4514=EDGE_CURVE('',#3473,#3665,#1676,.T.);
#4515=EDGE_CURVE('',#3665,#3666,#1677,.T.);
#4516=EDGE_CURVE('',#3666,#3667,#1678,.T.);
#4517=EDGE_CURVE('',#3667,#3668,#1679,.T.);
#4518=EDGE_CURVE('',#3668,#3669,#1680,.T.);
#4519=EDGE_CURVE('',#3669,#3670,#1681,.T.);
#4520=EDGE_CURVE('',#3670,#3525,#1682,.T.);
#4521=EDGE_CURVE('',#3524,#3671,#1683,.T.);
#4522=EDGE_CURVE('',#3672,#3671,#1684,.T.);
#4523=EDGE_CURVE('',#3673,#3672,#1685,.T.);
#4524=EDGE_CURVE('',#3674,#3673,#1686,.T.);
#4525=EDGE_CURVE('',#3675,#3674,#1687,.T.);
#4526=EDGE_CURVE('',#3676,#3675,#1688,.T.);
#4527=EDGE_CURVE('',#3470,#3676,#1689,.T.);
#4528=EDGE_CURVE('',#3671,#3670,#1690,.T.);
#4529=EDGE_CURVE('',#3672,#3669,#1691,.T.);
#4530=EDGE_CURVE('',#3677,#3678,#1692,.T.);
#4531=EDGE_CURVE('',#3679,#3678,#1693,.T.);
#4532=EDGE_CURVE('',#3679,#3680,#1694,.T.);
#4533=EDGE_CURVE('',#3680,#3677,#1695,.T.);
#4534=EDGE_CURVE('',#3681,#3496,#1696,.T.);
#4535=EDGE_CURVE('',#3682,#3681,#1697,.T.);
#4536=EDGE_CURVE('',#3683,#3682,#1698,.T.);
#4537=EDGE_CURVE('',#3684,#3683,#1699,.T.);
#4538=EDGE_CURVE('',#3679,#3684,#1700,.T.);
#4539=EDGE_CURVE('',#3678,#3536,#1701,.T.);
#4540=EDGE_CURVE('',#3537,#3677,#1702,.T.);
#4541=EDGE_CURVE('',#3680,#3685,#1703,.T.);
#4542=EDGE_CURVE('',#3685,#3686,#1704,.T.);
#4543=EDGE_CURVE('',#3686,#3687,#1705,.T.);
#4544=EDGE_CURVE('',#3687,#3688,#1706,.T.);
#4545=EDGE_CURVE('',#3688,#3499,#1707,.T.);
#4546=EDGE_CURVE('',#3469,#3689,#1708,.T.);
#4547=EDGE_CURVE('',#3689,#3690,#1709,.T.);
#4548=EDGE_CURVE('',#3690,#3691,#1710,.T.);
#4549=EDGE_CURVE('',#3691,#3692,#1711,.T.);
#4550=EDGE_CURVE('',#3692,#3693,#1712,.T.);
#4551=EDGE_CURVE('',#3693,#3694,#1713,.T.);
#4552=EDGE_CURVE('',#3694,#3523,#1714,.T.);
#4553=EDGE_CURVE('',#3522,#3695,#1715,.T.);
#4554=EDGE_CURVE('',#3696,#3695,#1716,.T.);
#4555=EDGE_CURVE('',#3697,#3696,#1717,.T.);
#4556=EDGE_CURVE('',#3698,#3697,#1718,.T.);
#4557=EDGE_CURVE('',#3699,#3698,#1719,.T.);
#4558=EDGE_CURVE('',#3700,#3699,#1720,.T.);
#4559=EDGE_CURVE('',#3466,#3700,#1721,.T.);
#4560=EDGE_CURVE('',#3695,#3694,#1722,.T.);
#4561=EDGE_CURVE('',#3696,#3693,#1723,.T.);
#4562=EDGE_CURVE('',#3701,#3702,#1724,.T.);
#4563=EDGE_CURVE('',#3703,#3702,#1725,.T.);
#4564=EDGE_CURVE('',#3703,#3704,#1726,.T.);
#4565=EDGE_CURVE('',#3704,#3701,#1727,.T.);
#4566=EDGE_CURVE('',#3535,#3701,#1728,.T.);
#4567=EDGE_CURVE('',#3704,#3705,#1729,.T.);
#4568=EDGE_CURVE('',#3705,#3706,#1730,.T.);
#4569=EDGE_CURVE('',#3706,#3707,#1731,.T.);
#4570=EDGE_CURVE('',#3707,#3708,#1732,.T.);
#4571=EDGE_CURVE('',#3708,#3495,#1733,.T.);
#4572=EDGE_CURVE('',#3465,#3709,#1734,.T.);
#4573=EDGE_CURVE('',#3709,#3710,#1735,.T.);
#4574=EDGE_CURVE('',#3710,#3711,#1736,.T.);
#4575=EDGE_CURVE('',#3711,#3712,#1737,.T.);
#4576=EDGE_CURVE('',#3712,#3713,#1738,.T.);
#4577=EDGE_CURVE('',#3713,#3714,#1739,.T.);
#4578=EDGE_CURVE('',#3714,#3521,#1740,.T.);
#4579=EDGE_CURVE('',#3715,#3714,#1741,.T.);
#4580=EDGE_CURVE('',#3716,#3713,#1742,.T.);
#4581=EDGE_CURVE('',#3715,#3716,#1743,.T.);
#4582=EDGE_CURVE('',#3717,#3718,#1744,.T.);
#4583=EDGE_CURVE('',#3719,#3718,#1745,.T.);
#4584=EDGE_CURVE('',#3720,#3719,#1746,.T.);
#4585=EDGE_CURVE('',#3720,#3717,#1747,.T.);
#4586=EDGE_CURVE('',#3718,#3721,#1748,.T.);
#4587=EDGE_CURVE('',#3722,#3721,#1749,.T.);
#4588=EDGE_CURVE('',#3719,#3722,#1750,.T.);
#4589=EDGE_CURVE('',#3721,#3723,#1751,.T.);
#4590=EDGE_CURVE('',#3724,#3723,#1752,.T.);
#4591=EDGE_CURVE('',#3722,#3724,#1753,.T.);
#4592=EDGE_CURVE('',#3723,#3717,#1754,.T.);
#4593=EDGE_CURVE('',#3724,#3720,#1755,.T.);
#4594=EDGE_CURVE('',#3725,#3726,#1756,.T.);
#4595=EDGE_CURVE('',#3727,#3725,#1757,.T.);
#4596=EDGE_CURVE('',#3727,#3728,#1758,.T.);
#4597=EDGE_CURVE('',#3728,#3726,#1759,.T.);
#4598=EDGE_CURVE('',#3729,#3725,#1760,.T.);
#4599=EDGE_CURVE('',#3730,#3729,#1761,.T.);
#4600=EDGE_CURVE('',#3730,#3727,#1762,.T.);
#4601=EDGE_CURVE('',#3731,#3729,#1763,.T.);
#4602=EDGE_CURVE('',#3732,#3731,#1764,.T.);
#4603=EDGE_CURVE('',#3732,#3730,#1765,.T.);
#4604=EDGE_CURVE('',#3726,#3731,#1766,.T.);
#4605=EDGE_CURVE('',#3728,#3732,#1767,.T.);
#4606=EDGE_CURVE('',#3733,#3734,#1768,.T.);
#4607=EDGE_CURVE('',#3735,#3734,#1769,.T.);
#4608=EDGE_CURVE('',#3736,#3735,#1770,.T.);
#4609=EDGE_CURVE('',#3736,#3733,#1771,.T.);
#4610=EDGE_CURVE('',#3737,#3736,#1772,.T.);
#4611=EDGE_CURVE('',#3737,#3738,#1773,.T.);
#4612=EDGE_CURVE('',#3738,#3733,#1774,.T.);
#4613=EDGE_CURVE('',#3734,#3739,#1775,.T.);
#4614=EDGE_CURVE('',#3740,#3739,#1776,.T.);
#4615=EDGE_CURVE('',#3735,#3740,#1777,.T.);
#4616=EDGE_CURVE('',#3740,#3737,#1778,.T.);
#4617=EDGE_CURVE('',#3741,#3742,#1779,.T.);
#4618=EDGE_CURVE('',#3741,#3743,#1780,.T.);
#4619=EDGE_CURVE('',#3744,#3743,#1781,.T.);
#4620=EDGE_CURVE('',#3742,#3744,#1782,.T.);
#4621=EDGE_CURVE('',#3457,#3464,#1783,.T.);
#4622=EDGE_CURVE('',#3463,#3458,#1784,.T.);
#4623=EDGE_CURVE('',#3449,#3456,#1785,.T.);
#4624=EDGE_CURVE('',#3455,#3450,#1786,.T.);
#4625=EDGE_CURVE('',#3441,#3448,#1787,.T.);
#4626=EDGE_CURVE('',#3447,#3442,#1788,.T.);
#4627=EDGE_CURVE('',#3433,#3440,#1789,.T.);
#4628=EDGE_CURVE('',#3439,#3434,#1790,.T.);
#4629=EDGE_CURVE('',#3425,#3432,#1791,.T.);
#4630=EDGE_CURVE('',#3431,#3426,#1792,.T.);
#4631=EDGE_CURVE('',#3417,#3424,#1793,.T.);
#4632=EDGE_CURVE('',#3423,#3418,#1794,.T.);
#4633=EDGE_CURVE('',#3738,#3739,#1795,.T.);
#4634=EDGE_CURVE('',#3612,#3409,#1796,.T.);
#4635=EDGE_CURVE('',#3611,#3410,#1797,.T.);
#4636=EDGE_CURVE('',#3414,#3613,#1798,.T.);
#4637=EDGE_CURVE('',#3412,#3614,#1799,.T.);
#4638=EDGE_CURVE('',#3610,#3615,#1800,.T.);
#4639=EDGE_CURVE('',#3609,#3616,#1801,.T.);
#4640=EDGE_CURVE('',#3625,#3406,#1802,.T.);
#4641=EDGE_CURVE('',#3401,#3620,#1803,.T.);
#4642=EDGE_CURVE('',#3398,#3619,#1804,.T.);
#4643=EDGE_CURVE('',#3626,#3397,#1805,.T.);
#4644=EDGE_CURVE('',#3628,#3617,#1806,.T.);
#4645=EDGE_CURVE('',#3627,#3618,#1807,.T.);
#4646=EDGE_CURVE('',#3745,#3389,#1808,.T.);
#4647=EDGE_CURVE('',#3746,#3745,#1809,.T.);
#4648=EDGE_CURVE('',#3746,#3390,#1810,.T.);
#4649=EDGE_CURVE('',#3394,#3705,#1811,.T.);
#4650=EDGE_CURVE('',#3745,#3703,#1812,.T.);
#4651=EDGE_CURVE('',#3392,#3706,#1813,.T.);
#4652=EDGE_CURVE('',#3747,#3746,#1814,.T.);
#4653=EDGE_CURVE('',#3747,#3707,#1815,.T.);
#4654=EDGE_CURVE('',#3748,#3747,#1816,.T.);
#4655=EDGE_CURVE('',#3748,#3708,#1817,.T.);
#4656=EDGE_CURVE('',#3684,#3379,#1818,.T.);
#4657=EDGE_CURVE('',#3683,#3380,#1819,.T.);
#4658=EDGE_CURVE('',#3384,#3685,#1820,.T.);
#4659=EDGE_CURVE('',#3382,#3686,#1821,.T.);
#4660=EDGE_CURVE('',#3682,#3687,#1822,.T.);
#4661=EDGE_CURVE('',#3681,#3688,#1823,.T.);
#4662=EDGE_CURVE('',#3660,#3369,#1824,.T.);
#4663=EDGE_CURVE('',#3659,#3370,#1825,.T.);
#4664=EDGE_CURVE('',#3374,#3661,#1826,.T.);
#4665=EDGE_CURVE('',#3372,#3662,#1827,.T.);
#4666=EDGE_CURVE('',#3658,#3663,#1828,.T.);
#4667=EDGE_CURVE('',#3657,#3664,#1829,.T.);
#4668=EDGE_CURVE('',#3636,#3359,#1830,.T.);
#4669=EDGE_CURVE('',#3635,#3360,#1831,.T.);
#4670=EDGE_CURVE('',#3364,#3637,#1832,.T.);
#4671=EDGE_CURVE('',#3362,#3638,#1833,.T.);
#4672=EDGE_CURVE('',#3634,#3639,#1834,.T.);
#4673=EDGE_CURVE('',#3633,#3640,#1835,.T.);
#4674=EDGE_CURVE('',#3749,#3356,#1836,.T.);
#4675=EDGE_CURVE('',#3716,#3749,#1837,.T.);
#4676=EDGE_CURVE('',#3351,#3712,#1838,.T.);
#4677=EDGE_CURVE('',#3348,#3711,#1839,.T.);
#4678=EDGE_CURVE('',#3750,#3347,#1840,.T.);
#4679=EDGE_CURVE('',#3749,#3750,#1841,.T.);
#4680=EDGE_CURVE('',#3751,#3709,#1842,.T.);
#4681=EDGE_CURVE('',#3752,#3751,#1843,.T.);
#4682=EDGE_CURVE('',#3752,#3710,#1844,.T.);
#4683=EDGE_CURVE('',#3750,#3752,#1845,.T.);
#4684=EDGE_CURVE('',#3697,#3346,#1846,.T.);
#4685=EDGE_CURVE('',#3341,#3692,#1847,.T.);
#4686=EDGE_CURVE('',#3338,#3691,#1848,.T.);
#4687=EDGE_CURVE('',#3698,#3337,#1849,.T.);
#4688=EDGE_CURVE('',#3700,#3689,#1850,.T.);
#4689=EDGE_CURVE('',#3699,#3690,#1851,.T.);
#4690=EDGE_CURVE('',#3673,#3336,#1852,.T.);
#4691=EDGE_CURVE('',#3331,#3668,#1853,.T.);
#4692=EDGE_CURVE('',#3328,#3667,#1854,.T.);
#4693=EDGE_CURVE('',#3674,#3327,#1855,.T.);
#4694=EDGE_CURVE('',#3676,#3665,#1856,.T.);
#4695=EDGE_CURVE('',#3675,#3666,#1857,.T.);
#4696=EDGE_CURVE('',#3649,#3326,#1858,.T.);
#4697=EDGE_CURVE('',#3321,#3644,#1859,.T.);
#4698=EDGE_CURVE('',#3318,#3643,#1860,.T.);
#4699=EDGE_CURVE('',#3650,#3317,#1861,.T.);
#4700=EDGE_CURVE('',#3652,#3641,#1862,.T.);
#4701=EDGE_CURVE('',#3651,#3642,#1863,.T.);
#4702=EDGE_CURVE('',#3588,#3309,#1864,.T.);
#4703=EDGE_CURVE('',#3587,#3310,#1865,.T.);
#4704=EDGE_CURVE('',#3314,#3589,#1866,.T.);
#4705=EDGE_CURVE('',#3312,#3590,#1867,.T.);
#4706=EDGE_CURVE('',#3586,#3591,#1868,.T.);
#4707=EDGE_CURVE('',#3585,#3592,#1869,.T.);
#4708=EDGE_CURVE('',#3564,#3299,#1870,.T.);
#4709=EDGE_CURVE('',#3563,#3300,#1871,.T.);
#4710=EDGE_CURVE('',#3304,#3565,#1872,.T.);
#4711=EDGE_CURVE('',#3302,#3566,#1873,.T.);
#4712=EDGE_CURVE('',#3562,#3567,#1874,.T.);
#4713=EDGE_CURVE('',#3561,#3568,#1875,.T.);
#4714=EDGE_CURVE('',#3601,#3296,#1876,.T.);
#4715=EDGE_CURVE('',#3291,#3596,#1877,.T.);
#4716=EDGE_CURVE('',#3288,#3595,#1878,.T.);
#4717=EDGE_CURVE('',#3602,#3287,#1879,.T.);
#4718=EDGE_CURVE('',#3604,#3593,#1880,.T.);
#4719=EDGE_CURVE('',#3603,#3594,#1881,.T.);
#4720=EDGE_CURVE('',#3577,#3286,#1882,.T.);
#4721=EDGE_CURVE('',#3281,#3572,#1883,.T.);
#4722=EDGE_CURVE('',#3278,#3571,#1884,.T.);
#4723=EDGE_CURVE('',#3578,#3277,#1885,.T.);
#4724=EDGE_CURVE('',#3580,#3569,#1886,.T.);
#4725=EDGE_CURVE('',#3579,#3570,#1887,.T.);
#4726=EDGE_CURVE('',#3702,#3753,#1888,.T.);
#4727=EDGE_CURVE('',#3753,#3754,#1889,.T.);
#4728=EDGE_CURVE('',#3755,#3754,#1890,.T.);
#4729=EDGE_CURVE('',#3755,#3748,#1891,.T.);
#4730=EDGE_CURVE('',#3751,#3756,#1892,.T.);
#4731=EDGE_CURVE('',#3757,#3756,#1893,.T.);
#4732=EDGE_CURVE('',#3757,#3758,#1894,.T.);
#4733=EDGE_CURVE('',#3758,#3715,#1895,.T.);
#4734=EDGE_CURVE('',#3759,#3760,#1896,.T.);
#4735=EDGE_CURVE('',#3761,#3759,#1897,.T.);
#4736=EDGE_CURVE('',#3761,#3762,#1898,.T.);
#4737=EDGE_CURVE('',#3762,#3763,#1899,.T.);
#4738=EDGE_CURVE('',#3763,#3764,#1900,.T.);
#4739=EDGE_CURVE('',#3764,#3760,#1901,.T.);
#4740=EDGE_CURVE('',#3765,#3759,#1902,.T.);
#4741=EDGE_CURVE('',#3766,#3765,#1903,.T.);
#4742=EDGE_CURVE('',#3766,#3761,#1904,.T.);
#4743=EDGE_CURVE('',#3764,#3767,#1905,.T.);
#4744=EDGE_CURVE('',#3767,#3768,#1906,.T.);
#4745=EDGE_CURVE('',#3760,#3768,#1907,.T.);
#4746=EDGE_CURVE('',#3769,#3763,#1908,.T.);
#4747=EDGE_CURVE('',#3762,#3770,#1909,.T.);
#4748=EDGE_CURVE('',#3770,#3769,#1910,.T.);
#4749=EDGE_CURVE('',#3771,#3769,#1911,.T.);
#4750=EDGE_CURVE('',#3770,#3772,#1912,.T.);
#4751=EDGE_CURVE('',#3772,#3773,#1913,.T.);
#4752=EDGE_CURVE('',#3768,#3773,#1914,.T.);
#4753=EDGE_CURVE('',#3767,#3774,#1915,.T.);
#4754=EDGE_CURVE('',#3774,#3771,#1916,.T.);
#4755=EDGE_CURVE('',#3775,#3776,#1917,.T.);
#4756=EDGE_CURVE('',#3777,#3775,#1918,.T.);
#4757=EDGE_CURVE('',#3777,#3778,#1919,.T.);
#4758=EDGE_CURVE('',#3778,#3776,#1920,.T.);
#4759=EDGE_CURVE('',#3779,#3775,#1921,.T.);
#4760=EDGE_CURVE('',#3780,#3779,#1922,.T.);
#4761=EDGE_CURVE('',#3781,#3780,#1923,.T.);
#4762=EDGE_CURVE('',#3782,#3781,#1924,.T.);
#4763=EDGE_CURVE('',#3782,#3777,#1925,.T.);
#4764=EDGE_CURVE('',#3783,#3779,#1926,.T.);
#4765=EDGE_CURVE('',#3784,#3783,#1927,.T.);
#4766=EDGE_CURVE('',#3780,#3784,#1928,.T.);
#4767=EDGE_CURVE('',#3785,#3786,#1929,.T.);
#4768=EDGE_CURVE('',#3784,#3785,#1930,.T.);
#4769=EDGE_CURVE('',#3787,#3783,#1931,.T.);
#4770=EDGE_CURVE('',#3788,#3787,#1932,.T.);
#4771=EDGE_CURVE('',#3788,#3789,#1933,.T.);
#4772=EDGE_CURVE('',#3789,#3790,#1934,.T.);
#4773=EDGE_CURVE('',#3786,#3790,#1935,.T.);
#4774=EDGE_CURVE('',#3789,#3782,#1936,.T.);
#4775=EDGE_CURVE('',#3790,#3781,#1937,.T.);
#4776=EDGE_CURVE('',#3791,#3792,#1938,.T.);
#4777=EDGE_CURVE('',#3791,#3793,#1939,.T.);
#4778=EDGE_CURVE('',#3794,#3793,#1940,.T.);
#4779=EDGE_CURVE('',#3792,#3794,#1941,.T.);
#4780=EDGE_CURVE('',#3795,#3796,#1942,.T.);
#4781=EDGE_CURVE('',#3795,#3797,#1943,.T.);
#4782=EDGE_CURVE('',#3798,#3797,#1944,.T.);
#4783=EDGE_CURVE('',#3796,#3798,#1945,.T.);
#4784=EDGE_CURVE('',#3799,#3800,#1946,.T.);
#4785=EDGE_CURVE('',#3801,#3800,#1947,.T.);
#4786=EDGE_CURVE('',#3802,#3801,#1948,.T.);
#4787=EDGE_CURVE('',#3802,#3799,#1949,.T.);
#4788=EDGE_CURVE('',#3803,#3804,#1950,.T.);
#4789=EDGE_CURVE('',#3805,#3803,#1951,.T.);
#4790=EDGE_CURVE('',#3806,#3805,#1952,.T.);
#4791=EDGE_CURVE('',#3804,#3806,#1953,.T.);
#4792=EDGE_CURVE('',#3807,#3808,#1954,.T.);
#4793=EDGE_CURVE('',#3804,#3807,#1955,.T.);
#4794=EDGE_CURVE('',#3806,#3808,#1956,.T.);
#4795=EDGE_CURVE('',#3808,#3809,#1957,.T.);
#4796=EDGE_CURVE('',#3805,#3809,#1958,.T.);
#4797=EDGE_CURVE('',#3809,#3810,#1959,.T.);
#4798=EDGE_CURVE('',#3803,#3810,#1960,.T.);
#4799=EDGE_CURVE('',#3810,#3807,#1961,.T.);
#4800=EDGE_CURVE('',#3811,#3812,#1962,.T.);
#4801=EDGE_CURVE('',#3812,#3813,#1963,.T.);
#4802=EDGE_CURVE('',#3813,#3814,#1964,.T.);
#4803=EDGE_CURVE('',#3814,#3811,#1965,.T.);
#4804=EDGE_CURVE('',#3815,#3816,#1966,.T.);
#4805=EDGE_CURVE('',#3811,#3816,#1967,.T.);
#4806=EDGE_CURVE('',#3814,#3815,#1968,.T.);
#4807=EDGE_CURVE('',#3817,#3815,#1969,.T.);
#4808=EDGE_CURVE('',#3813,#3817,#1970,.T.);
#4809=EDGE_CURVE('',#3818,#3817,#1971,.T.);
#4810=EDGE_CURVE('',#3812,#3818,#1972,.T.);
#4811=EDGE_CURVE('',#3816,#3818,#1973,.T.);
#4812=EDGE_CURVE('',#3819,#3820,#1974,.T.);
#4813=EDGE_CURVE('',#3773,#3820,#1975,.T.);
#4814=EDGE_CURVE('',#3772,#3819,#1976,.T.);
#4815=EDGE_CURVE('',#3821,#3822,#1977,.T.);
#4816=EDGE_CURVE('',#3822,#3819,#1978,.T.);
#4817=EDGE_CURVE('',#3823,#3766,#1979,.T.);
#4818=EDGE_CURVE('',#3821,#3823,#1980,.T.);
#4819=EDGE_CURVE('',#3824,#3825,#1981,.T.);
#4820=EDGE_CURVE('',#3824,#3765,#1982,.T.);
#4821=EDGE_CURVE('',#3820,#3826,#1983,.T.);
#4822=EDGE_CURVE('',#3826,#3825,#1984,.T.);
#4823=EDGE_CURVE('',#3827,#3828,#1985,.T.);
#4824=EDGE_CURVE('',#3788,#3828,#1986,.T.);
#4825=EDGE_CURVE('',#3787,#3827,#1987,.T.);
#4826=EDGE_CURVE('',#3829,#3830,#1988,.T.);
#4827=EDGE_CURVE('',#3778,#3829,#1989,.T.);
#4828=EDGE_CURVE('',#3828,#3831,#1990,.T.);
#4829=EDGE_CURVE('',#3831,#3830,#1991,.T.);
#4830=EDGE_CURVE('',#3832,#3833,#1992,.T.);
#4831=EDGE_CURVE('',#3833,#3827,#1993,.T.);
#4832=EDGE_CURVE('',#3776,#3834,#1994,.T.);
#4833=EDGE_CURVE('',#3832,#3834,#1995,.T.);
#4834=EDGE_CURVE('',#3835,#3831,#1996,.T.);
#4835=EDGE_CURVE('',#3835,#3836,#1997,.T.);
#4836=EDGE_CURVE('',#3830,#3836,#1998,.T.);
#4837=EDGE_CURVE('',#3837,#3821,#1999,.T.);
#4838=EDGE_CURVE('',#3837,#3838,#2000,.T.);
#4839=EDGE_CURVE('',#3822,#3838,#2001,.T.);
#4840=EDGE_CURVE('',#3838,#3835,#2002,.T.);
#4841=EDGE_CURVE('',#3836,#3837,#2003,.T.);
#4842=EDGE_CURVE('',#3829,#3839,#2004,.T.);
#4843=EDGE_CURVE('',#3839,#3836,#2005,.T.);
#4844=EDGE_CURVE('',#3840,#3837,#2006,.T.);
#4845=EDGE_CURVE('',#3839,#3840,#2007,.T.);
#4846=EDGE_CURVE('',#3840,#3823,#2008,.T.);
#4847=EDGE_CURVE('',#3841,#3842,#157,.T.);
#4848=EDGE_CURVE('',#3843,#3842,#2009,.T.);
#4849=EDGE_CURVE('',#3844,#3843,#158,.T.);
#4850=EDGE_CURVE('',#3844,#3841,#2010,.T.);
#4851=EDGE_CURVE('',#3845,#3841,#2011,.T.);
#4852=EDGE_CURVE('',#3846,#3844,#2012,.T.);
#4853=EDGE_CURVE('',#3846,#3845,#2013,.T.);
#4854=EDGE_CURVE('',#3847,#3845,#159,.T.);
#4855=EDGE_CURVE('',#3848,#3846,#160,.T.);
#4856=EDGE_CURVE('',#3848,#3847,#2014,.T.);
#4857=EDGE_CURVE('',#3550,#3847,#2015,.T.);
#4858=EDGE_CURVE('',#3551,#3848,#2016,.T.);
#4859=EDGE_CURVE('',#3833,#3753,#2017,.T.);
#4860=EDGE_CURVE('',#3754,#3832,#2018,.T.);
#4861=EDGE_CURVE('',#3825,#3757,#2019,.T.);
#4862=EDGE_CURVE('',#3758,#3826,#2020,.T.);
#4863=EDGE_CURVE('',#3755,#3834,#2021,.T.);
#4864=EDGE_CURVE('',#3824,#3756,#2022,.T.);
#4865=EDGE_CURVE('',#3796,#3802,#2023,.T.);
#4866=EDGE_CURVE('',#3801,#3795,#2024,.T.);
#4867=EDGE_CURVE('',#3798,#3799,#2025,.T.);
#4868=EDGE_CURVE('',#3800,#3797,#2026,.T.);
#4869=EDGE_CURVE('',#3742,#3791,#2027,.T.);
#4870=EDGE_CURVE('',#3792,#3741,#2028,.T.);
#4871=EDGE_CURVE('',#3744,#3793,#2029,.T.);
#4872=EDGE_CURVE('',#3794,#3743,#2030,.T.);
#4873=EDGE_CURVE('',#3842,#3553,#2031,.T.);
#4874=EDGE_CURVE('',#3849,#3850,#2032,.T.);
#4875=EDGE_CURVE('',#3850,#3851,#2033,.T.);
#4876=EDGE_CURVE('',#3851,#3852,#2034,.T.);
#4877=EDGE_CURVE('',#3852,#3849,#2035,.T.);
#4878=EDGE_CURVE('',#3853,#3854,#2036,.T.);
#4879=EDGE_CURVE('',#3855,#3853,#2037,.T.);
#4880=EDGE_CURVE('',#3856,#3855,#2038,.T.);
#4881=EDGE_CURVE('',#3854,#3856,#2039,.T.);
#4882=EDGE_CURVE('',#3785,#3849,#2040,.T.);
#4883=EDGE_CURVE('',#3786,#3850,#2041,.T.);
#4884=EDGE_CURVE('',#3780,#3852,#2042,.T.);
#4885=EDGE_CURVE('',#3781,#3851,#2043,.T.);
#4886=EDGE_CURVE('',#3763,#3854,#2044,.T.);
#4887=EDGE_CURVE('',#3764,#3856,#2045,.T.);
#4888=EDGE_CURVE('',#3774,#3855,#2046,.T.);
#4889=EDGE_CURVE('',#3771,#3853,#2047,.T.);
#4890=EDGE_CURVE('',#3843,#3556,#2048,.T.);
#4891=EDGE_CURVE('',#3857,#3858,#161,.T.);
#4892=EDGE_CURVE('',#3858,#3859,#2049,.T.);
#4893=EDGE_CURVE('',#3859,#3860,#162,.T.);
#4894=EDGE_CURVE('',#3857,#3860,#2050,.T.);
#4895=EDGE_CURVE('',#3861,#3862,#163,.T.);
#4896=EDGE_CURVE('',#3863,#3861,#2051,.T.);
#4897=EDGE_CURVE('',#3864,#3863,#164,.T.);
#4898=EDGE_CURVE('',#3864,#3862,#2052,.T.);
#4899=EDGE_CURVE('',#3865,#3866,#165,.T.);
#4900=EDGE_CURVE('',#3866,#3867,#2053,.T.);
#4901=EDGE_CURVE('',#3867,#3868,#166,.T.);
#4902=EDGE_CURVE('',#3868,#3865,#2054,.T.);
#4903=EDGE_CURVE('',#3869,#3870,#167,.T.);
#4904=EDGE_CURVE('',#3871,#3869,#2055,.T.);
#4905=EDGE_CURVE('',#3872,#3871,#168,.T.);
#4906=EDGE_CURVE('',#3872,#3870,#2056,.T.);
#4907=EDGE_CURVE('',#3873,#3874,#169,.T.);
#4908=EDGE_CURVE('',#3874,#3875,#2057,.T.);
#4909=EDGE_CURVE('',#3875,#3876,#170,.T.);
#4910=EDGE_CURVE('',#3876,#3873,#2058,.T.);
#4911=EDGE_CURVE('',#3877,#3878,#2059,.T.);
#4912=EDGE_CURVE('',#3877,#3879,#2060,.T.);
#4913=EDGE_CURVE('',#3879,#3880,#2061,.T.);
#4914=EDGE_CURVE('',#3880,#3881,#2062,.T.);
#4915=EDGE_CURVE('',#3881,#3882,#2063,.T.);
#4916=EDGE_CURVE('',#3882,#3883,#2064,.T.);
#4917=EDGE_CURVE('',#3883,#3884,#2065,.T.);
#4918=EDGE_CURVE('',#3884,#3885,#2066,.T.);
#4919=EDGE_CURVE('',#3885,#3886,#2067,.T.);
#4920=EDGE_CURVE('',#3886,#3878,#2068,.T.);
#4921=EDGE_CURVE('',#3887,#3888,#109,.T.);
#4922=EDGE_CURVE('',#3887,#3889,#2069,.T.);
#4923=EDGE_CURVE('',#3890,#3889,#110,.T.);
#4924=EDGE_CURVE('',#3891,#3890,#171,.T.);
#4925=EDGE_CURVE('',#3892,#3891,#2070,.T.);
#4926=EDGE_CURVE('',#3893,#3892,#172,.T.);
#4927=EDGE_CURVE('',#3894,#3893,#111,.T.);
#4928=EDGE_CURVE('',#3894,#3895,#2071,.T.);
#4929=EDGE_CURVE('',#3896,#3895,#112,.T.);
#4930=EDGE_CURVE('',#3897,#3896,#173,.T.);
#4931=EDGE_CURVE('',#3898,#3897,#2072,.T.);
#4932=EDGE_CURVE('',#3888,#3898,#174,.T.);
#4933=EDGE_CURVE('',#3899,#3872,#2073,.T.);
#4934=EDGE_CURVE('',#3899,#3900,#2074,.T.);
#4935=EDGE_CURVE('',#3900,#3870,#2075,.T.);
#4936=EDGE_CURVE('',#3875,#3901,#2076,.T.);
#4937=EDGE_CURVE('',#3902,#3874,#2077,.T.);
#4938=EDGE_CURVE('',#3901,#3902,#2078,.T.);
#4939=EDGE_CURVE('',#3867,#3864,#2079,.T.);
#4940=EDGE_CURVE('',#3867,#3903,#2080,.T.);
#4941=EDGE_CURVE('',#3904,#3903,#2081,.T.);
#4942=EDGE_CURVE('',#3864,#3904,#2082,.T.);
#4943=EDGE_CURVE('',#3874,#3870,#2083,.T.);
#4944=EDGE_CURVE('',#3900,#3902,#2084,.T.);
#4945=EDGE_CURVE('',#3904,#3905,#2085,.T.);
#4946=EDGE_CURVE('',#3862,#3905,#2086,.T.);
#4947=EDGE_CURVE('',#3906,#3866,#2087,.T.);
#4948=EDGE_CURVE('',#3903,#3906,#2088,.T.);
#4949=EDGE_CURVE('',#3899,#3901,#2089,.T.);
#4950=EDGE_CURVE('',#3875,#3872,#2090,.T.);
#4951=EDGE_CURVE('',#3906,#3905,#2091,.T.);
#4952=EDGE_CURVE('',#3862,#3866,#2092,.T.);
#4953=EDGE_CURVE('',#3907,#3879,#2093,.T.);
#4954=EDGE_CURVE('',#3907,#3908,#2094,.T.);
#4955=EDGE_CURVE('',#3908,#3880,#2095,.T.);
#4956=EDGE_CURVE('',#3908,#3909,#2096,.T.);
#4957=EDGE_CURVE('',#3909,#3881,#2097,.T.);
#4958=EDGE_CURVE('',#3909,#3910,#2098,.T.);
#4959=EDGE_CURVE('',#3910,#3882,#2099,.T.);
#4960=EDGE_CURVE('',#3910,#3911,#2100,.T.);
#4961=EDGE_CURVE('',#3911,#3883,#2101,.T.);
#4962=EDGE_CURVE('',#3911,#3912,#2102,.T.);
#4963=EDGE_CURVE('',#3912,#3884,#2103,.T.);
#4964=EDGE_CURVE('',#3912,#3913,#2104,.T.);
#4965=EDGE_CURVE('',#3913,#3885,#2105,.T.);
#4966=EDGE_CURVE('',#3913,#3914,#2106,.T.);
#4967=EDGE_CURVE('',#3914,#3886,#2107,.T.);
#4968=EDGE_CURVE('',#3914,#3915,#2108,.T.);
#4969=EDGE_CURVE('',#3878,#3915,#2109,.T.);
#4970=EDGE_CURVE('',#3877,#3916,#2110,.T.);
#4971=EDGE_CURVE('',#3916,#3907,#2111,.T.);
#4972=EDGE_CURVE('',#3916,#3915,#2112,.T.);
#4973=EDGE_CURVE('',#3917,#3918,#2113,.T.);
#4974=EDGE_CURVE('',#3919,#3918,#93,.T.);
#4975=EDGE_CURVE('',#3920,#3919,#2114,.T.);
#4976=EDGE_CURVE('',#3921,#3920,#94,.T.);
#4977=EDGE_CURVE('',#3921,#3922,#2115,.T.);
#4978=EDGE_CURVE('',#3923,#3922,#95,.T.);
#4979=EDGE_CURVE('',#3924,#3923,#2116,.T.);
#4980=EDGE_CURVE('',#3917,#3924,#96,.T.);
#4981=EDGE_CURVE('',#3925,#3926,#2117,.T.);
#4982=EDGE_CURVE('',#3925,#3878,#97,.T.);
#4983=EDGE_CURVE('',#3927,#3915,#98,.T.);
#4984=EDGE_CURVE('',#3926,#3927,#2118,.T.);
#4985=EDGE_CURVE('',#3877,#3928,#99,.T.);
#4986=EDGE_CURVE('',#3928,#3929,#2119,.T.);
#4987=EDGE_CURVE('',#3929,#3930,#2120,.T.);
#4988=EDGE_CURVE('',#3916,#3930,#100,.T.);
#4989=EDGE_CURVE('',#3928,#3925,#2121,.T.);
#4990=EDGE_CURVE('',#3930,#3927,#2122,.T.);
#4991=EDGE_CURVE('',#3925,#3931,#2123,.T.);
#4992=EDGE_CURVE('',#3927,#3932,#2124,.T.);
#4993=EDGE_CURVE('',#3932,#3931,#2125,.T.);
#4994=EDGE_CURVE('',#3933,#3930,#2126,.T.);
#4995=EDGE_CURVE('',#3934,#3928,#2127,.T.);
#4996=EDGE_CURVE('',#3933,#3934,#2128,.T.);
#4997=EDGE_CURVE('',#3931,#3934,#2129,.T.);
#4998=EDGE_CURVE('',#3932,#3933,#2130,.T.);
#4999=EDGE_CURVE('',#3935,#3936,#2131,.T.);
#5000=EDGE_CURVE('',#3936,#3931,#175,.T.);
#5001=EDGE_CURVE('',#3935,#3932,#176,.T.);
#5002=EDGE_CURVE('',#3934,#3937,#177,.T.);
#5003=EDGE_CURVE('',#3938,#3937,#2132,.T.);
#5004=EDGE_CURVE('',#3933,#3938,#178,.T.);
#5005=EDGE_CURVE('',#3936,#3937,#2133,.T.);
#5006=EDGE_CURVE('',#3938,#3935,#2134,.T.);
#5007=EDGE_CURVE('',#3865,#3876,#179,.T.);
#5008=EDGE_CURVE('',#3935,#3868,#2135,.T.);
#5009=EDGE_CURVE('',#3873,#3938,#2136,.T.);
#5010=EDGE_CURVE('',#3876,#3871,#2137,.T.);
#5011=EDGE_CURVE('',#3871,#3861,#180,.T.);
#5012=EDGE_CURVE('',#3865,#3861,#2138,.T.);
#5013=EDGE_CURVE('',#3869,#3937,#2139,.T.);
#5014=EDGE_CURVE('',#3936,#3863,#2140,.T.);
#5015=EDGE_CURVE('',#3873,#3869,#2141,.T.);
#5016=EDGE_CURVE('',#3868,#3863,#2142,.T.);
#5017=EDGE_CURVE('',#3939,#3940,#2143,.T.);
#5018=EDGE_CURVE('',#3940,#3899,#181,.T.);
#5019=EDGE_CURVE('',#3939,#3901,#182,.T.);
#5020=EDGE_CURVE('',#3900,#3941,#183,.T.);
#5021=EDGE_CURVE('',#3942,#3941,#2144,.T.);
#5022=EDGE_CURVE('',#3902,#3942,#184,.T.);
#5023=EDGE_CURVE('',#3942,#3939,#2145,.T.);
#5024=EDGE_CURVE('',#3940,#3941,#2146,.T.);
#5025=EDGE_CURVE('',#3905,#3943,#185,.T.);
#5026=EDGE_CURVE('',#3943,#3944,#2147,.T.);
#5027=EDGE_CURVE('',#3906,#3944,#186,.T.);
#5028=EDGE_CURVE('',#3945,#3946,#2148,.T.);
#5029=EDGE_CURVE('',#3946,#3904,#187,.T.);
#5030=EDGE_CURVE('',#3945,#3903,#188,.T.);
#5031=EDGE_CURVE('',#3944,#3945,#2149,.T.);
#5032=EDGE_CURVE('',#3946,#3943,#2150,.T.);
#5033=EDGE_CURVE('',#3939,#3947,#2151,.T.);
#5034=EDGE_CURVE('',#3948,#3942,#2152,.T.);
#5035=EDGE_CURVE('',#3947,#3948,#2153,.T.);
#5036=EDGE_CURVE('',#3948,#3949,#2154,.T.);
#5037=EDGE_CURVE('',#3949,#3941,#2155,.T.);
#5038=EDGE_CURVE('',#3950,#3940,#2156,.T.);
#5039=EDGE_CURVE('',#3950,#3949,#2157,.T.);
#5040=EDGE_CURVE('',#3950,#3947,#2158,.T.);
#5041=EDGE_CURVE('',#3951,#3944,#2159,.T.);
#5042=EDGE_CURVE('',#3952,#3951,#2160,.T.);
#5043=EDGE_CURVE('',#3945,#3952,#2161,.T.);
#5044=EDGE_CURVE('',#3951,#3953,#2162,.T.);
#5045=EDGE_CURVE('',#3943,#3953,#2163,.T.);
#5046=EDGE_CURVE('',#3954,#3953,#2164,.T.);
#5047=EDGE_CURVE('',#3946,#3954,#2165,.T.);
#5048=EDGE_CURVE('',#3952,#3954,#2166,.T.);
#5049=EDGE_CURVE('',#3953,#3859,#189,.T.);
#5050=EDGE_CURVE('',#3951,#3858,#190,.T.);
#5051=EDGE_CURVE('',#3955,#3956,#2167,.T.);
#5052=EDGE_CURVE('',#3956,#3954,#191,.T.);
#5053=EDGE_CURVE('',#3955,#3952,#192,.T.);
#5054=EDGE_CURVE('',#3858,#3955,#2168,.T.);
#5055=EDGE_CURVE('',#3956,#3859,#2169,.T.);
#5056=EDGE_CURVE('',#3860,#3950,#193,.T.);
#5057=EDGE_CURVE('',#3857,#3947,#194,.T.);
#5058=EDGE_CURVE('',#3949,#3957,#195,.T.);
#5059=EDGE_CURVE('',#3958,#3957,#2170,.T.);
#5060=EDGE_CURVE('',#3948,#3958,#196,.T.);
#5061=EDGE_CURVE('',#3958,#3857,#2171,.T.);
#5062=EDGE_CURVE('',#3860,#3957,#2172,.T.);
#5063=EDGE_CURVE('',#3959,#3958,#2173,.T.);
#5064=EDGE_CURVE('',#3960,#3959,#2174,.T.);
#5065=EDGE_CURVE('',#3955,#3960,#2175,.T.);
#5066=EDGE_CURVE('',#3961,#3957,#2176,.T.);
#5067=EDGE_CURVE('',#3961,#3959,#2177,.T.);
#5068=EDGE_CURVE('',#3956,#3962,#2178,.T.);
#5069=EDGE_CURVE('',#3962,#3961,#2179,.T.);
#5070=EDGE_CURVE('',#3962,#3960,#2180,.T.);
#5071=EDGE_CURVE('',#3963,#3964,#2181,.T.);
#5072=EDGE_CURVE('',#3964,#3962,#197,.T.);
#5073=EDGE_CURVE('',#3963,#3960,#198,.T.);
#5074=EDGE_CURVE('',#3961,#3965,#199,.T.);
#5075=EDGE_CURVE('',#3966,#3965,#2182,.T.);
#5076=EDGE_CURVE('',#3959,#3966,#200,.T.);
#5077=EDGE_CURVE('',#3966,#3963,#2183,.T.);
#5078=EDGE_CURVE('',#3964,#3965,#2184,.T.);
#5079=EDGE_CURVE('',#3967,#3968,#201,.T.);
#5080=EDGE_CURVE('',#3969,#3967,#2185,.T.);
#5081=EDGE_CURVE('',#3970,#3969,#202,.T.);
#5082=EDGE_CURVE('',#3968,#3970,#2186,.T.);
#5083=EDGE_CURVE('',#3971,#3972,#203,.T.);
#5084=EDGE_CURVE('',#3973,#3971,#2187,.T.);
#5085=EDGE_CURVE('',#3974,#3973,#204,.T.);
#5086=EDGE_CURVE('',#3972,#3974,#2188,.T.);
#5087=EDGE_CURVE('',#3972,#3967,#2189,.T.);
#5088=EDGE_CURVE('',#3974,#3969,#2190,.T.);
#5089=EDGE_CURVE('',#3963,#3973,#2191,.T.);
#5090=EDGE_CURVE('',#3970,#3966,#2192,.T.);
#5091=EDGE_CURVE('',#3968,#3965,#2193,.T.);
#5092=EDGE_CURVE('',#3964,#3971,#2194,.T.);
#5093=EDGE_CURVE('',#3975,#3921,#101,.T.);
#5094=EDGE_CURVE('',#3976,#3975,#2195,.T.);
#5095=EDGE_CURVE('',#3977,#3976,#2196,.T.);
#5096=EDGE_CURVE('',#3978,#3977,#2197,.T.);
#5097=EDGE_CURVE('',#3922,#3978,#102,.T.);
#5098=EDGE_CURVE('',#3979,#3980,#2198,.T.);
#5099=EDGE_CURVE('',#3981,#3979,#2199,.T.);
#5100=EDGE_CURVE('',#3982,#3981,#2200,.T.);
#5101=EDGE_CURVE('',#3980,#3982,#2201,.T.);
#5102=EDGE_CURVE('',#3983,#3984,#2202,.T.);
#5103=EDGE_CURVE('',#3985,#3983,#2203,.T.);
#5104=EDGE_CURVE('',#3986,#3985,#2204,.T.);
#5105=EDGE_CURVE('',#3918,#3986,#103,.T.);
#5106=EDGE_CURVE('',#3984,#3917,#104,.T.);
#5107=EDGE_CURVE('',#3987,#3988,#2205,.T.);
#5108=EDGE_CURVE('',#3989,#3987,#2206,.T.);
#5109=EDGE_CURVE('',#3990,#3989,#2207,.T.);
#5110=EDGE_CURVE('',#3988,#3990,#2208,.T.);
#5111=EDGE_CURVE('',#3986,#3987,#105,.T.);
#5112=EDGE_CURVE('',#3987,#3919,#205,.T.);
#5113=EDGE_CURVE('',#3988,#3920,#206,.T.);
#5114=EDGE_CURVE('',#3985,#3989,#207,.T.);
#5115=EDGE_CURVE('',#3988,#3975,#106,.T.);
#5116=EDGE_CURVE('',#3985,#3991,#208,.T.);
#5117=EDGE_CURVE('',#3991,#3989,#209,.T.);
#5118=EDGE_CURVE('',#3990,#3976,#210,.T.);
#5119=EDGE_CURVE('',#3991,#3992,#2209,.T.);
#5120=EDGE_CURVE('',#3992,#3990,#211,.T.);
#5121=EDGE_CURVE('',#3983,#3993,#212,.T.);
#5122=EDGE_CURVE('',#3993,#3991,#2210,.T.);
#5123=EDGE_CURVE('',#3992,#3976,#213,.T.);
#5124=EDGE_CURVE('',#3983,#3981,#214,.T.);
#5125=EDGE_CURVE('',#3981,#3993,#215,.T.);
#5126=EDGE_CURVE('',#3992,#3994,#2211,.T.);
#5127=EDGE_CURVE('',#3994,#3977,#216,.T.);
#5128=EDGE_CURVE('',#3979,#3994,#217,.T.);
#5129=EDGE_CURVE('',#3994,#3993,#2212,.T.);
#5130=EDGE_CURVE('',#3984,#3982,#107,.T.);
#5131=EDGE_CURVE('',#3979,#3977,#218,.T.);
#5132=EDGE_CURVE('',#3924,#3982,#219,.T.);
#5133=EDGE_CURVE('',#3980,#3978,#108,.T.);
#5134=EDGE_CURVE('',#3923,#3980,#220,.T.);
#5135=EDGE_CURVE('',#3894,#3995,#2213,.T.);
#5136=EDGE_CURVE('',#3893,#3995,#221,.T.);
#5137=EDGE_CURVE('',#3892,#3996,#222,.T.);
#5138=EDGE_CURVE('',#3996,#3995,#223,.T.);
#5139=EDGE_CURVE('',#3997,#3890,#224,.T.);
#5140=EDGE_CURVE('',#3997,#3889,#2214,.T.);
#5141=EDGE_CURVE('',#3891,#3998,#225,.T.);
#5142=EDGE_CURVE('',#3996,#3998,#2215,.T.);
#5143=EDGE_CURVE('',#3999,#4000,#226,.T.);
#5144=EDGE_CURVE('',#3995,#4000,#2216,.T.);
#5145=EDGE_CURVE('',#3999,#3996,#2217,.T.);
#5146=EDGE_CURVE('',#3997,#3998,#227,.T.);
#5147=EDGE_CURVE('',#3999,#3897,#228,.T.);
#5148=EDGE_CURVE('',#3896,#4000,#229,.T.);
#5149=EDGE_CURVE('',#4001,#4002,#230,.T.);
#5150=EDGE_CURVE('',#3998,#4002,#2218,.T.);
#5151=EDGE_CURVE('',#4001,#3997,#2219,.T.);
#5152=EDGE_CURVE('',#4002,#3898,#231,.T.);
#5153=EDGE_CURVE('',#4002,#3999,#2220,.T.);
#5154=EDGE_CURVE('',#4000,#3895,#2221,.T.);
#5155=EDGE_CURVE('',#4001,#3888,#232,.T.);
#5156=EDGE_CURVE('',#3887,#4001,#2222,.T.);
#5157=ORIENTED_EDGE('',*,*,#4003,.F.);
#5158=ORIENTED_EDGE('',*,*,#4004,.T.);
#5159=ORIENTED_EDGE('',*,*,#4005,.T.);
#5160=ORIENTED_EDGE('',*,*,#4006,.F.);
#5161=ORIENTED_EDGE('',*,*,#4007,.F.);
#5162=ORIENTED_EDGE('',*,*,#4008,.F.);
#5163=ORIENTED_EDGE('',*,*,#4006,.T.);
#5164=ORIENTED_EDGE('',*,*,#4009,.T.);
#5165=ORIENTED_EDGE('',*,*,#4010,.F.);
#5166=ORIENTED_EDGE('',*,*,#4011,.F.);
#5167=ORIENTED_EDGE('',*,*,#4010,.T.);
#5168=ORIENTED_EDGE('',*,*,#4012,.T.);
#5169=ORIENTED_EDGE('',*,*,#4013,.F.);
#5170=ORIENTED_EDGE('',*,*,#4014,.F.);
#5171=ORIENTED_EDGE('',*,*,#4013,.T.);
#5172=ORIENTED_EDGE('',*,*,#4015,.T.);
#5173=ORIENTED_EDGE('',*,*,#4004,.F.);
#5174=ORIENTED_EDGE('',*,*,#4016,.F.);
#5175=ORIENTED_EDGE('',*,*,#4017,.F.);
#5176=ORIENTED_EDGE('',*,*,#4018,.T.);
#5177=ORIENTED_EDGE('',*,*,#4019,.T.);
#5178=ORIENTED_EDGE('',*,*,#4020,.F.);
#5179=ORIENTED_EDGE('',*,*,#4021,.F.);
#5180=ORIENTED_EDGE('',*,*,#4022,.F.);
#5181=ORIENTED_EDGE('',*,*,#4020,.T.);
#5182=ORIENTED_EDGE('',*,*,#4023,.T.);
#5183=ORIENTED_EDGE('',*,*,#4024,.F.);
#5184=ORIENTED_EDGE('',*,*,#4025,.F.);
#5185=ORIENTED_EDGE('',*,*,#4024,.T.);
#5186=ORIENTED_EDGE('',*,*,#4026,.T.);
#5187=ORIENTED_EDGE('',*,*,#4027,.F.);
#5188=ORIENTED_EDGE('',*,*,#4028,.F.);
#5189=ORIENTED_EDGE('',*,*,#4027,.T.);
#5190=ORIENTED_EDGE('',*,*,#4029,.T.);
#5191=ORIENTED_EDGE('',*,*,#4018,.F.);
#5192=ORIENTED_EDGE('',*,*,#4030,.F.);
#5193=ORIENTED_EDGE('',*,*,#4031,.F.);
#5194=ORIENTED_EDGE('',*,*,#4032,.T.);
#5195=ORIENTED_EDGE('',*,*,#4033,.T.);
#5196=ORIENTED_EDGE('',*,*,#4034,.T.);
#5197=ORIENTED_EDGE('',*,*,#4035,.F.);
#5198=ORIENTED_EDGE('',*,*,#4034,.F.);
#5199=ORIENTED_EDGE('',*,*,#4036,.T.);
#5200=ORIENTED_EDGE('',*,*,#4037,.T.);
#5201=ORIENTED_EDGE('',*,*,#4038,.F.);
#5202=ORIENTED_EDGE('',*,*,#4039,.T.);
#5203=ORIENTED_EDGE('',*,*,#4040,.T.);
#5204=ORIENTED_EDGE('',*,*,#4041,.T.);
#5205=ORIENTED_EDGE('',*,*,#4042,.F.);
#5206=ORIENTED_EDGE('',*,*,#4037,.F.);
#5207=ORIENTED_EDGE('',*,*,#4041,.F.);
#5208=ORIENTED_EDGE('',*,*,#4043,.T.);
#5209=ORIENTED_EDGE('',*,*,#4031,.T.);
#5210=ORIENTED_EDGE('',*,*,#4044,.F.);
#5211=ORIENTED_EDGE('',*,*,#4045,.F.);
#5212=ORIENTED_EDGE('',*,*,#4046,.T.);
#5213=ORIENTED_EDGE('',*,*,#4047,.T.);
#5214=ORIENTED_EDGE('',*,*,#4048,.T.);
#5215=ORIENTED_EDGE('',*,*,#4049,.F.);
#5216=ORIENTED_EDGE('',*,*,#4048,.F.);
#5217=ORIENTED_EDGE('',*,*,#4050,.T.);
#5218=ORIENTED_EDGE('',*,*,#4051,.T.);
#5219=ORIENTED_EDGE('',*,*,#4052,.F.);
#5220=ORIENTED_EDGE('',*,*,#4053,.T.);
#5221=ORIENTED_EDGE('',*,*,#4054,.T.);
#5222=ORIENTED_EDGE('',*,*,#4055,.T.);
#5223=ORIENTED_EDGE('',*,*,#4056,.F.);
#5224=ORIENTED_EDGE('',*,*,#4051,.F.);
#5225=ORIENTED_EDGE('',*,*,#4055,.F.);
#5226=ORIENTED_EDGE('',*,*,#4057,.T.);
#5227=ORIENTED_EDGE('',*,*,#4045,.T.);
#5228=ORIENTED_EDGE('',*,*,#4058,.F.);
#5229=ORIENTED_EDGE('',*,*,#4059,.F.);
#5230=ORIENTED_EDGE('',*,*,#4060,.T.);
#5231=ORIENTED_EDGE('',*,*,#4061,.T.);
#5232=ORIENTED_EDGE('',*,*,#4062,.F.);
#5233=ORIENTED_EDGE('',*,*,#4063,.F.);
#5234=ORIENTED_EDGE('',*,*,#4064,.F.);
#5235=ORIENTED_EDGE('',*,*,#4062,.T.);
#5236=ORIENTED_EDGE('',*,*,#4065,.T.);
#5237=ORIENTED_EDGE('',*,*,#4066,.F.);
#5238=ORIENTED_EDGE('',*,*,#4067,.F.);
#5239=ORIENTED_EDGE('',*,*,#4066,.T.);
#5240=ORIENTED_EDGE('',*,*,#4068,.T.);
#5241=ORIENTED_EDGE('',*,*,#4069,.F.);
#5242=ORIENTED_EDGE('',*,*,#4070,.F.);
#5243=ORIENTED_EDGE('',*,*,#4069,.T.);
#5244=ORIENTED_EDGE('',*,*,#4071,.T.);
#5245=ORIENTED_EDGE('',*,*,#4060,.F.);
#5246=ORIENTED_EDGE('',*,*,#4072,.F.);
#5247=ORIENTED_EDGE('',*,*,#4073,.F.);
#5248=ORIENTED_EDGE('',*,*,#4074,.T.);
#5249=ORIENTED_EDGE('',*,*,#4075,.T.);
#5250=ORIENTED_EDGE('',*,*,#4076,.F.);
#5251=ORIENTED_EDGE('',*,*,#4077,.F.);
#5252=ORIENTED_EDGE('',*,*,#4078,.F.);
#5253=ORIENTED_EDGE('',*,*,#4076,.T.);
#5254=ORIENTED_EDGE('',*,*,#4079,.T.);
#5255=ORIENTED_EDGE('',*,*,#4080,.F.);
#5256=ORIENTED_EDGE('',*,*,#4081,.F.);
#5257=ORIENTED_EDGE('',*,*,#4080,.T.);
#5258=ORIENTED_EDGE('',*,*,#4082,.T.);
#5259=ORIENTED_EDGE('',*,*,#4083,.F.);
#5260=ORIENTED_EDGE('',*,*,#4084,.F.);
#5261=ORIENTED_EDGE('',*,*,#4083,.T.);
#5262=ORIENTED_EDGE('',*,*,#4085,.T.);
#5263=ORIENTED_EDGE('',*,*,#4074,.F.);
#5264=ORIENTED_EDGE('',*,*,#4086,.F.);
#5265=ORIENTED_EDGE('',*,*,#4087,.F.);
#5266=ORIENTED_EDGE('',*,*,#4088,.T.);
#5267=ORIENTED_EDGE('',*,*,#4089,.T.);
#5268=ORIENTED_EDGE('',*,*,#4090,.F.);
#5269=ORIENTED_EDGE('',*,*,#4091,.F.);
#5270=ORIENTED_EDGE('',*,*,#4092,.F.);
#5271=ORIENTED_EDGE('',*,*,#4090,.T.);
#5272=ORIENTED_EDGE('',*,*,#4093,.T.);
#5273=ORIENTED_EDGE('',*,*,#4094,.F.);
#5274=ORIENTED_EDGE('',*,*,#4095,.F.);
#5275=ORIENTED_EDGE('',*,*,#4094,.T.);
#5276=ORIENTED_EDGE('',*,*,#4096,.T.);
#5277=ORIENTED_EDGE('',*,*,#4097,.F.);
#5278=ORIENTED_EDGE('',*,*,#4098,.F.);
#5279=ORIENTED_EDGE('',*,*,#4097,.T.);
#5280=ORIENTED_EDGE('',*,*,#4099,.T.);
#5281=ORIENTED_EDGE('',*,*,#4088,.F.);
#5282=ORIENTED_EDGE('',*,*,#4100,.F.);
#5283=ORIENTED_EDGE('',*,*,#4101,.F.);
#5284=ORIENTED_EDGE('',*,*,#4102,.T.);
#5285=ORIENTED_EDGE('',*,*,#4103,.T.);
#5286=ORIENTED_EDGE('',*,*,#4104,.F.);
#5287=ORIENTED_EDGE('',*,*,#4105,.F.);
#5288=ORIENTED_EDGE('',*,*,#4106,.F.);
#5289=ORIENTED_EDGE('',*,*,#4104,.T.);
#5290=ORIENTED_EDGE('',*,*,#4107,.T.);
#5291=ORIENTED_EDGE('',*,*,#4108,.F.);
#5292=ORIENTED_EDGE('',*,*,#4109,.F.);
#5293=ORIENTED_EDGE('',*,*,#4108,.T.);
#5294=ORIENTED_EDGE('',*,*,#4110,.T.);
#5295=ORIENTED_EDGE('',*,*,#4111,.F.);
#5296=ORIENTED_EDGE('',*,*,#4112,.F.);
#5297=ORIENTED_EDGE('',*,*,#4111,.T.);
#5298=ORIENTED_EDGE('',*,*,#4113,.T.);
#5299=ORIENTED_EDGE('',*,*,#4102,.F.);
#5300=ORIENTED_EDGE('',*,*,#4114,.F.);
#5301=ORIENTED_EDGE('',*,*,#4115,.F.);
#5302=ORIENTED_EDGE('',*,*,#4116,.T.);
#5303=ORIENTED_EDGE('',*,*,#4117,.T.);
#5304=ORIENTED_EDGE('',*,*,#4118,.T.);
#5305=ORIENTED_EDGE('',*,*,#4119,.F.);
#5306=ORIENTED_EDGE('',*,*,#4118,.F.);
#5307=ORIENTED_EDGE('',*,*,#4120,.T.);
#5308=ORIENTED_EDGE('',*,*,#4121,.T.);
#5309=ORIENTED_EDGE('',*,*,#4122,.F.);
#5310=ORIENTED_EDGE('',*,*,#4123,.T.);
#5311=ORIENTED_EDGE('',*,*,#4124,.T.);
#5312=ORIENTED_EDGE('',*,*,#4125,.T.);
#5313=ORIENTED_EDGE('',*,*,#4126,.F.);
#5314=ORIENTED_EDGE('',*,*,#4121,.F.);
#5315=ORIENTED_EDGE('',*,*,#4125,.F.);
#5316=ORIENTED_EDGE('',*,*,#4127,.T.);
#5317=ORIENTED_EDGE('',*,*,#4115,.T.);
#5318=ORIENTED_EDGE('',*,*,#4128,.F.);
#5319=ORIENTED_EDGE('',*,*,#4129,.F.);
#5320=ORIENTED_EDGE('',*,*,#4130,.T.);
#5321=ORIENTED_EDGE('',*,*,#4131,.T.);
#5322=ORIENTED_EDGE('',*,*,#4132,.T.);
#5323=ORIENTED_EDGE('',*,*,#4133,.F.);
#5324=ORIENTED_EDGE('',*,*,#4132,.F.);
#5325=ORIENTED_EDGE('',*,*,#4134,.T.);
#5326=ORIENTED_EDGE('',*,*,#4135,.T.);
#5327=ORIENTED_EDGE('',*,*,#4136,.F.);
#5328=ORIENTED_EDGE('',*,*,#4137,.T.);
#5329=ORIENTED_EDGE('',*,*,#4138,.T.);
#5330=ORIENTED_EDGE('',*,*,#4139,.T.);
#5331=ORIENTED_EDGE('',*,*,#4140,.F.);
#5332=ORIENTED_EDGE('',*,*,#4135,.F.);
#5333=ORIENTED_EDGE('',*,*,#4139,.F.);
#5334=ORIENTED_EDGE('',*,*,#4141,.T.);
#5335=ORIENTED_EDGE('',*,*,#4129,.T.);
#5336=ORIENTED_EDGE('',*,*,#4142,.F.);
#5337=ORIENTED_EDGE('',*,*,#4143,.F.);
#5338=ORIENTED_EDGE('',*,*,#4144,.T.);
#5339=ORIENTED_EDGE('',*,*,#4145,.T.);
#5340=ORIENTED_EDGE('',*,*,#4146,.T.);
#5341=ORIENTED_EDGE('',*,*,#4147,.F.);
#5342=ORIENTED_EDGE('',*,*,#4146,.F.);
#5343=ORIENTED_EDGE('',*,*,#4148,.T.);
#5344=ORIENTED_EDGE('',*,*,#4149,.T.);
#5345=ORIENTED_EDGE('',*,*,#4150,.F.);
#5346=ORIENTED_EDGE('',*,*,#4151,.T.);
#5347=ORIENTED_EDGE('',*,*,#4152,.T.);
#5348=ORIENTED_EDGE('',*,*,#4153,.T.);
#5349=ORIENTED_EDGE('',*,*,#4154,.F.);
#5350=ORIENTED_EDGE('',*,*,#4149,.F.);
#5351=ORIENTED_EDGE('',*,*,#4153,.F.);
#5352=ORIENTED_EDGE('',*,*,#4155,.T.);
#5353=ORIENTED_EDGE('',*,*,#4143,.T.);
#5354=ORIENTED_EDGE('',*,*,#4156,.F.);
#5355=ORIENTED_EDGE('',*,*,#4157,.F.);
#5356=ORIENTED_EDGE('',*,*,#4158,.T.);
#5357=ORIENTED_EDGE('',*,*,#4159,.T.);
#5358=ORIENTED_EDGE('',*,*,#4160,.T.);
#5359=ORIENTED_EDGE('',*,*,#4161,.F.);
#5360=ORIENTED_EDGE('',*,*,#4160,.F.);
#5361=ORIENTED_EDGE('',*,*,#4162,.T.);
#5362=ORIENTED_EDGE('',*,*,#4163,.T.);
#5363=ORIENTED_EDGE('',*,*,#4164,.F.);
#5364=ORIENTED_EDGE('',*,*,#4165,.T.);
#5365=ORIENTED_EDGE('',*,*,#4166,.T.);
#5366=ORIENTED_EDGE('',*,*,#4167,.T.);
#5367=ORIENTED_EDGE('',*,*,#4168,.F.);
#5368=ORIENTED_EDGE('',*,*,#4163,.F.);
#5369=ORIENTED_EDGE('',*,*,#4167,.F.);
#5370=ORIENTED_EDGE('',*,*,#4169,.T.);
#5371=ORIENTED_EDGE('',*,*,#4157,.T.);
#5372=ORIENTED_EDGE('',*,*,#4170,.F.);
#5373=ORIENTED_EDGE('',*,*,#4171,.F.);
#5374=ORIENTED_EDGE('',*,*,#4172,.T.);
#5375=ORIENTED_EDGE('',*,*,#4173,.T.);
#5376=ORIENTED_EDGE('',*,*,#4174,.F.);
#5377=ORIENTED_EDGE('',*,*,#4175,.F.);
#5378=ORIENTED_EDGE('',*,*,#4176,.F.);
#5379=ORIENTED_EDGE('',*,*,#4174,.T.);
#5380=ORIENTED_EDGE('',*,*,#4177,.T.);
#5381=ORIENTED_EDGE('',*,*,#4178,.F.);
#5382=ORIENTED_EDGE('',*,*,#4179,.F.);
#5383=ORIENTED_EDGE('',*,*,#4178,.T.);
#5384=ORIENTED_EDGE('',*,*,#4180,.T.);
#5385=ORIENTED_EDGE('',*,*,#4181,.F.);
#5386=ORIENTED_EDGE('',*,*,#4182,.F.);
#5387=ORIENTED_EDGE('',*,*,#4181,.T.);
#5388=ORIENTED_EDGE('',*,*,#4183,.T.);
#5389=ORIENTED_EDGE('',*,*,#4172,.F.);
#5390=ORIENTED_EDGE('',*,*,#4184,.F.);
#5391=ORIENTED_EDGE('',*,*,#4185,.F.);
#5392=ORIENTED_EDGE('',*,*,#4186,.T.);
#5393=ORIENTED_EDGE('',*,*,#4187,.T.);
#5394=ORIENTED_EDGE('',*,*,#4188,.T.);
#5395=ORIENTED_EDGE('',*,*,#4189,.F.);
#5396=ORIENTED_EDGE('',*,*,#4188,.F.);
#5397=ORIENTED_EDGE('',*,*,#4190,.T.);
#5398=ORIENTED_EDGE('',*,*,#4191,.T.);
#5399=ORIENTED_EDGE('',*,*,#4192,.F.);
#5400=ORIENTED_EDGE('',*,*,#4193,.T.);
#5401=ORIENTED_EDGE('',*,*,#4194,.T.);
#5402=ORIENTED_EDGE('',*,*,#4195,.T.);
#5403=ORIENTED_EDGE('',*,*,#4196,.F.);
#5404=ORIENTED_EDGE('',*,*,#4191,.F.);
#5405=ORIENTED_EDGE('',*,*,#4195,.F.);
#5406=ORIENTED_EDGE('',*,*,#4197,.T.);
#5407=ORIENTED_EDGE('',*,*,#4185,.T.);
#5408=ORIENTED_EDGE('',*,*,#4198,.F.);
#5409=ORIENTED_EDGE('',*,*,#4199,.T.);
#5410=ORIENTED_EDGE('',*,*,#4200,.F.);
#5411=ORIENTED_EDGE('',*,*,#4201,.F.);
#5412=ORIENTED_EDGE('',*,*,#4202,.T.);
#5413=ORIENTED_EDGE('',*,*,#4203,.F.);
#5414=ORIENTED_EDGE('',*,*,#4204,.T.);
#5415=ORIENTED_EDGE('',*,*,#4205,.T.);
#5416=ORIENTED_EDGE('',*,*,#4206,.F.);
#5417=ORIENTED_EDGE('',*,*,#4207,.T.);
#5418=ORIENTED_EDGE('',*,*,#4203,.T.);
#5419=ORIENTED_EDGE('',*,*,#4208,.T.);
#5420=ORIENTED_EDGE('',*,*,#4201,.T.);
#5421=ORIENTED_EDGE('',*,*,#4209,.T.);
#5422=ORIENTED_EDGE('',*,*,#4210,.F.);
#5423=ORIENTED_EDGE('',*,*,#4211,.F.);
#5424=ORIENTED_EDGE('',*,*,#4212,.T.);
#5425=ORIENTED_EDGE('',*,*,#4213,.F.);
#5426=ORIENTED_EDGE('',*,*,#4214,.T.);
#5427=ORIENTED_EDGE('',*,*,#4215,.T.);
#5428=ORIENTED_EDGE('',*,*,#4216,.F.);
#5429=ORIENTED_EDGE('',*,*,#4217,.T.);
#5430=ORIENTED_EDGE('',*,*,#4213,.T.);
#5431=ORIENTED_EDGE('',*,*,#4218,.T.);
#5432=ORIENTED_EDGE('',*,*,#4211,.T.);
#5433=ORIENTED_EDGE('',*,*,#4219,.T.);
#5434=ORIENTED_EDGE('',*,*,#4220,.F.);
#5435=ORIENTED_EDGE('',*,*,#4221,.F.);
#5436=ORIENTED_EDGE('',*,*,#4222,.T.);
#5437=ORIENTED_EDGE('',*,*,#4223,.F.);
#5438=ORIENTED_EDGE('',*,*,#4224,.T.);
#5439=ORIENTED_EDGE('',*,*,#4225,.T.);
#5440=ORIENTED_EDGE('',*,*,#4226,.F.);
#5441=ORIENTED_EDGE('',*,*,#4227,.T.);
#5442=ORIENTED_EDGE('',*,*,#4223,.T.);
#5443=ORIENTED_EDGE('',*,*,#4228,.T.);
#5444=ORIENTED_EDGE('',*,*,#4221,.T.);
#5445=ORIENTED_EDGE('',*,*,#4229,.T.);
#5446=ORIENTED_EDGE('',*,*,#4230,.F.);
#5447=ORIENTED_EDGE('',*,*,#4231,.F.);
#5448=ORIENTED_EDGE('',*,*,#4232,.T.);
#5449=ORIENTED_EDGE('',*,*,#4233,.F.);
#5450=ORIENTED_EDGE('',*,*,#4234,.T.);
#5451=ORIENTED_EDGE('',*,*,#4235,.T.);
#5452=ORIENTED_EDGE('',*,*,#4236,.F.);
#5453=ORIENTED_EDGE('',*,*,#4237,.T.);
#5454=ORIENTED_EDGE('',*,*,#4233,.T.);
#5455=ORIENTED_EDGE('',*,*,#4238,.T.);
#5456=ORIENTED_EDGE('',*,*,#4231,.T.);
#5457=ORIENTED_EDGE('',*,*,#4239,.T.);
#5458=ORIENTED_EDGE('',*,*,#4240,.F.);
#5459=ORIENTED_EDGE('',*,*,#4241,.F.);
#5460=ORIENTED_EDGE('',*,*,#4242,.T.);
#5461=ORIENTED_EDGE('',*,*,#4243,.F.);
#5462=ORIENTED_EDGE('',*,*,#4244,.T.);
#5463=ORIENTED_EDGE('',*,*,#4245,.T.);
#5464=ORIENTED_EDGE('',*,*,#4246,.F.);
#5465=ORIENTED_EDGE('',*,*,#4247,.T.);
#5466=ORIENTED_EDGE('',*,*,#4243,.T.);
#5467=ORIENTED_EDGE('',*,*,#4248,.T.);
#5468=ORIENTED_EDGE('',*,*,#4241,.T.);
#5469=ORIENTED_EDGE('',*,*,#4249,.T.);
#5470=ORIENTED_EDGE('',*,*,#4250,.F.);
#5471=ORIENTED_EDGE('',*,*,#4251,.F.);
#5472=ORIENTED_EDGE('',*,*,#4252,.T.);
#5473=ORIENTED_EDGE('',*,*,#4253,.F.);
#5474=ORIENTED_EDGE('',*,*,#4254,.T.);
#5475=ORIENTED_EDGE('',*,*,#4255,.T.);
#5476=ORIENTED_EDGE('',*,*,#4256,.F.);
#5477=ORIENTED_EDGE('',*,*,#4257,.T.);
#5478=ORIENTED_EDGE('',*,*,#4253,.T.);
#5479=ORIENTED_EDGE('',*,*,#4258,.T.);
#5480=ORIENTED_EDGE('',*,*,#4251,.T.);
#5481=ORIENTED_EDGE('',*,*,#4259,.F.);
#5482=ORIENTED_EDGE('',*,*,#4260,.T.);
#5483=ORIENTED_EDGE('',*,*,#4261,.T.);
#5484=ORIENTED_EDGE('',*,*,#4262,.T.);
#5485=ORIENTED_EDGE('',*,*,#4263,.F.);
#5486=ORIENTED_EDGE('',*,*,#4264,.T.);
#5487=ORIENTED_EDGE('',*,*,#4265,.T.);
#5488=ORIENTED_EDGE('',*,*,#4266,.T.);
#5489=ORIENTED_EDGE('',*,*,#4267,.F.);
#5490=ORIENTED_EDGE('',*,*,#4268,.T.);
#5491=ORIENTED_EDGE('',*,*,#4269,.T.);
#5492=ORIENTED_EDGE('',*,*,#4270,.T.);
#5493=ORIENTED_EDGE('',*,*,#4271,.F.);
#5494=ORIENTED_EDGE('',*,*,#4272,.T.);
#5495=ORIENTED_EDGE('',*,*,#4273,.T.);
#5496=ORIENTED_EDGE('',*,*,#4274,.T.);
#5497=ORIENTED_EDGE('',*,*,#4275,.F.);
#5498=ORIENTED_EDGE('',*,*,#4276,.T.);
#5499=ORIENTED_EDGE('',*,*,#4277,.T.);
#5500=ORIENTED_EDGE('',*,*,#4278,.T.);
#5501=ORIENTED_EDGE('',*,*,#4279,.F.);
#5502=ORIENTED_EDGE('',*,*,#4280,.T.);
#5503=ORIENTED_EDGE('',*,*,#4281,.T.);
#5504=ORIENTED_EDGE('',*,*,#4282,.T.);
#5505=ORIENTED_EDGE('',*,*,#4283,.F.);
#5506=ORIENTED_EDGE('',*,*,#4284,.T.);
#5507=ORIENTED_EDGE('',*,*,#4285,.T.);
#5508=ORIENTED_EDGE('',*,*,#4286,.F.);
#5509=ORIENTED_EDGE('',*,*,#4287,.T.);
#5510=ORIENTED_EDGE('',*,*,#4288,.T.);
#5511=ORIENTED_EDGE('',*,*,#4289,.F.);
#5512=ORIENTED_EDGE('',*,*,#4290,.T.);
#5513=ORIENTED_EDGE('',*,*,#4291,.T.);
#5514=ORIENTED_EDGE('',*,*,#4292,.T.);
#5515=ORIENTED_EDGE('',*,*,#4293,.F.);
#5516=ORIENTED_EDGE('',*,*,#4294,.T.);
#5517=ORIENTED_EDGE('',*,*,#4295,.T.);
#5518=ORIENTED_EDGE('',*,*,#4296,.T.);
#5519=ORIENTED_EDGE('',*,*,#4297,.F.);
#5520=ORIENTED_EDGE('',*,*,#4298,.T.);
#5521=ORIENTED_EDGE('',*,*,#4299,.T.);
#5522=ORIENTED_EDGE('',*,*,#4300,.T.);
#5523=ORIENTED_EDGE('',*,*,#4301,.F.);
#5524=ORIENTED_EDGE('',*,*,#4302,.T.);
#5525=ORIENTED_EDGE('',*,*,#4303,.T.);
#5526=ORIENTED_EDGE('',*,*,#4304,.T.);
#5527=ORIENTED_EDGE('',*,*,#4305,.F.);
#5528=ORIENTED_EDGE('',*,*,#4306,.T.);
#5529=ORIENTED_EDGE('',*,*,#4307,.T.);
#5530=ORIENTED_EDGE('',*,*,#4308,.T.);
#5531=ORIENTED_EDGE('',*,*,#4309,.F.);
#5532=ORIENTED_EDGE('',*,*,#4310,.T.);
#5533=ORIENTED_EDGE('',*,*,#4311,.T.);
#5534=ORIENTED_EDGE('',*,*,#4312,.T.);
#5535=ORIENTED_EDGE('',*,*,#4313,.F.);
#5536=ORIENTED_EDGE('',*,*,#4314,.T.);
#5537=ORIENTED_EDGE('',*,*,#4315,.F.);
#5538=ORIENTED_EDGE('',*,*,#4316,.F.);
#5539=ORIENTED_EDGE('',*,*,#4317,.F.);
#5540=ORIENTED_EDGE('',*,*,#4261,.F.);
#5541=ORIENTED_EDGE('',*,*,#4318,.F.);
#5542=ORIENTED_EDGE('',*,*,#4319,.F.);
#5543=ORIENTED_EDGE('',*,*,#4320,.F.);
#5544=ORIENTED_EDGE('',*,*,#4265,.F.);
#5545=ORIENTED_EDGE('',*,*,#4321,.F.);
#5546=ORIENTED_EDGE('',*,*,#4322,.F.);
#5547=ORIENTED_EDGE('',*,*,#4323,.F.);
#5548=ORIENTED_EDGE('',*,*,#4269,.F.);
#5549=ORIENTED_EDGE('',*,*,#4324,.F.);
#5550=ORIENTED_EDGE('',*,*,#4325,.F.);
#5551=ORIENTED_EDGE('',*,*,#4326,.F.);
#5552=ORIENTED_EDGE('',*,*,#4273,.F.);
#5553=ORIENTED_EDGE('',*,*,#4327,.F.);
#5554=ORIENTED_EDGE('',*,*,#4328,.F.);
#5555=ORIENTED_EDGE('',*,*,#4329,.F.);
#5556=ORIENTED_EDGE('',*,*,#4277,.F.);
#5557=ORIENTED_EDGE('',*,*,#4330,.F.);
#5558=ORIENTED_EDGE('',*,*,#4331,.F.);
#5559=ORIENTED_EDGE('',*,*,#4332,.F.);
#5560=ORIENTED_EDGE('',*,*,#4281,.F.);
#5561=ORIENTED_EDGE('',*,*,#4333,.F.);
#5562=ORIENTED_EDGE('',*,*,#4334,.F.);
#5563=ORIENTED_EDGE('',*,*,#4335,.F.);
#5564=ORIENTED_EDGE('',*,*,#4285,.F.);
#5565=ORIENTED_EDGE('',*,*,#4336,.F.);
#5566=ORIENTED_EDGE('',*,*,#4287,.F.);
#5567=ORIENTED_EDGE('',*,*,#4337,.F.);
#5568=ORIENTED_EDGE('',*,*,#4338,.F.);
#5569=ORIENTED_EDGE('',*,*,#4339,.F.);
#5570=ORIENTED_EDGE('',*,*,#4291,.F.);
#5571=ORIENTED_EDGE('',*,*,#4340,.F.);
#5572=ORIENTED_EDGE('',*,*,#4341,.F.);
#5573=ORIENTED_EDGE('',*,*,#4342,.F.);
#5574=ORIENTED_EDGE('',*,*,#4295,.F.);
#5575=ORIENTED_EDGE('',*,*,#4343,.F.);
#5576=ORIENTED_EDGE('',*,*,#4344,.F.);
#5577=ORIENTED_EDGE('',*,*,#4345,.F.);
#5578=ORIENTED_EDGE('',*,*,#4299,.F.);
#5579=ORIENTED_EDGE('',*,*,#4346,.F.);
#5580=ORIENTED_EDGE('',*,*,#4347,.F.);
#5581=ORIENTED_EDGE('',*,*,#4348,.F.);
#5582=ORIENTED_EDGE('',*,*,#4303,.F.);
#5583=ORIENTED_EDGE('',*,*,#4349,.F.);
#5584=ORIENTED_EDGE('',*,*,#4350,.F.);
#5585=ORIENTED_EDGE('',*,*,#4351,.F.);
#5586=ORIENTED_EDGE('',*,*,#4307,.F.);
#5587=ORIENTED_EDGE('',*,*,#4352,.F.);
#5588=ORIENTED_EDGE('',*,*,#4353,.F.);
#5589=ORIENTED_EDGE('',*,*,#4354,.F.);
#5590=ORIENTED_EDGE('',*,*,#4311,.F.);
#5591=ORIENTED_EDGE('',*,*,#4355,.F.);
#5592=ORIENTED_EDGE('',*,*,#4356,.F.);
#5593=ORIENTED_EDGE('',*,*,#4357,.T.);
#5594=ORIENTED_EDGE('',*,*,#4358,.F.);
#5595=ORIENTED_EDGE('',*,*,#4359,.F.);
#5596=ORIENTED_EDGE('',*,*,#4360,.T.);
#5597=ORIENTED_EDGE('',*,*,#4361,.T.);
#5598=ORIENTED_EDGE('',*,*,#4362,.F.);
#5599=ORIENTED_EDGE('',*,*,#4363,.F.);
#5600=ORIENTED_EDGE('',*,*,#4364,.T.);
#5601=ORIENTED_EDGE('',*,*,#4365,.T.);
#5602=ORIENTED_EDGE('',*,*,#4360,.F.);
#5603=ORIENTED_EDGE('',*,*,#4366,.F.);
#5604=ORIENTED_EDGE('',*,*,#4362,.T.);
#5605=ORIENTED_EDGE('',*,*,#4286,.T.);
#5606=ORIENTED_EDGE('',*,*,#4367,.T.);
#5607=ORIENTED_EDGE('',*,*,#4314,.F.);
#5608=ORIENTED_EDGE('',*,*,#4368,.F.);
#5609=ORIENTED_EDGE('',*,*,#4335,.T.);
#5610=ORIENTED_EDGE('',*,*,#4369,.F.);
#5611=ORIENTED_EDGE('',*,*,#4355,.T.);
#5612=ORIENTED_EDGE('',*,*,#4367,.F.);
#5613=ORIENTED_EDGE('',*,*,#4370,.T.);
#5614=ORIENTED_EDGE('',*,*,#4371,.F.);
#5615=ORIENTED_EDGE('',*,*,#4372,.T.);
#5616=ORIENTED_EDGE('',*,*,#4373,.T.);
#5617=ORIENTED_EDGE('',*,*,#4310,.F.);
#5618=ORIENTED_EDGE('',*,*,#4374,.F.);
#5619=ORIENTED_EDGE('',*,*,#4375,.F.);
#5620=ORIENTED_EDGE('',*,*,#4376,.F.);
#5621=ORIENTED_EDGE('',*,*,#4377,.F.);
#5622=ORIENTED_EDGE('',*,*,#4378,.F.);
#5623=ORIENTED_EDGE('',*,*,#4371,.T.);
#5624=ORIENTED_EDGE('',*,*,#4379,.T.);
#5625=ORIENTED_EDGE('',*,*,#4352,.T.);
#5626=ORIENTED_EDGE('',*,*,#4354,.T.);
#5627=ORIENTED_EDGE('',*,*,#4380,.T.);
#5628=ORIENTED_EDGE('',*,*,#4373,.F.);
#5629=ORIENTED_EDGE('',*,*,#4381,.T.);
#5630=ORIENTED_EDGE('',*,*,#4382,.T.);
#5631=ORIENTED_EDGE('',*,*,#4383,.T.);
#5632=ORIENTED_EDGE('',*,*,#4384,.T.);
#5633=ORIENTED_EDGE('',*,*,#4385,.T.);
#5634=ORIENTED_EDGE('',*,*,#4312,.F.);
#5635=ORIENTED_EDGE('',*,*,#4284,.F.);
#5636=ORIENTED_EDGE('',*,*,#4386,.T.);
#5637=ORIENTED_EDGE('',*,*,#4387,.T.);
#5638=ORIENTED_EDGE('',*,*,#4388,.T.);
#5639=ORIENTED_EDGE('',*,*,#4389,.T.);
#5640=ORIENTED_EDGE('',*,*,#4390,.T.);
#5641=ORIENTED_EDGE('',*,*,#4391,.T.);
#5642=ORIENTED_EDGE('',*,*,#4392,.T.);
#5643=ORIENTED_EDGE('',*,*,#4333,.T.);
#5644=ORIENTED_EDGE('',*,*,#4332,.T.);
#5645=ORIENTED_EDGE('',*,*,#4393,.T.);
#5646=ORIENTED_EDGE('',*,*,#4394,.F.);
#5647=ORIENTED_EDGE('',*,*,#4395,.F.);
#5648=ORIENTED_EDGE('',*,*,#4396,.F.);
#5649=ORIENTED_EDGE('',*,*,#4397,.F.);
#5650=ORIENTED_EDGE('',*,*,#4398,.F.);
#5651=ORIENTED_EDGE('',*,*,#4399,.F.);
#5652=ORIENTED_EDGE('',*,*,#4282,.F.);
#5653=ORIENTED_EDGE('',*,*,#4400,.T.);
#5654=ORIENTED_EDGE('',*,*,#4391,.F.);
#5655=ORIENTED_EDGE('',*,*,#4401,.F.);
#5656=ORIENTED_EDGE('',*,*,#4394,.T.);
#5657=ORIENTED_EDGE('',*,*,#4402,.T.);
#5658=ORIENTED_EDGE('',*,*,#4403,.F.);
#5659=ORIENTED_EDGE('',*,*,#4404,.T.);
#5660=ORIENTED_EDGE('',*,*,#4405,.T.);
#5661=ORIENTED_EDGE('',*,*,#4306,.F.);
#5662=ORIENTED_EDGE('',*,*,#4406,.F.);
#5663=ORIENTED_EDGE('',*,*,#4407,.F.);
#5664=ORIENTED_EDGE('',*,*,#4408,.F.);
#5665=ORIENTED_EDGE('',*,*,#4409,.F.);
#5666=ORIENTED_EDGE('',*,*,#4410,.F.);
#5667=ORIENTED_EDGE('',*,*,#4403,.T.);
#5668=ORIENTED_EDGE('',*,*,#4411,.T.);
#5669=ORIENTED_EDGE('',*,*,#4349,.T.);
#5670=ORIENTED_EDGE('',*,*,#4351,.T.);
#5671=ORIENTED_EDGE('',*,*,#4412,.T.);
#5672=ORIENTED_EDGE('',*,*,#4405,.F.);
#5673=ORIENTED_EDGE('',*,*,#4413,.T.);
#5674=ORIENTED_EDGE('',*,*,#4414,.T.);
#5675=ORIENTED_EDGE('',*,*,#4415,.T.);
#5676=ORIENTED_EDGE('',*,*,#4416,.T.);
#5677=ORIENTED_EDGE('',*,*,#4417,.T.);
#5678=ORIENTED_EDGE('',*,*,#4308,.F.);
#5679=ORIENTED_EDGE('',*,*,#4280,.F.);
#5680=ORIENTED_EDGE('',*,*,#4418,.T.);
#5681=ORIENTED_EDGE('',*,*,#4419,.T.);
#5682=ORIENTED_EDGE('',*,*,#4420,.T.);
#5683=ORIENTED_EDGE('',*,*,#4421,.T.);
#5684=ORIENTED_EDGE('',*,*,#4422,.T.);
#5685=ORIENTED_EDGE('',*,*,#4423,.T.);
#5686=ORIENTED_EDGE('',*,*,#4424,.T.);
#5687=ORIENTED_EDGE('',*,*,#4330,.T.);
#5688=ORIENTED_EDGE('',*,*,#4329,.T.);
#5689=ORIENTED_EDGE('',*,*,#4425,.T.);
#5690=ORIENTED_EDGE('',*,*,#4426,.F.);
#5691=ORIENTED_EDGE('',*,*,#4427,.F.);
#5692=ORIENTED_EDGE('',*,*,#4428,.F.);
#5693=ORIENTED_EDGE('',*,*,#4429,.F.);
#5694=ORIENTED_EDGE('',*,*,#4430,.F.);
#5695=ORIENTED_EDGE('',*,*,#4431,.F.);
#5696=ORIENTED_EDGE('',*,*,#4278,.F.);
#5697=ORIENTED_EDGE('',*,*,#4432,.T.);
#5698=ORIENTED_EDGE('',*,*,#4423,.F.);
#5699=ORIENTED_EDGE('',*,*,#4433,.F.);
#5700=ORIENTED_EDGE('',*,*,#4426,.T.);
#5701=ORIENTED_EDGE('',*,*,#4434,.T.);
#5702=ORIENTED_EDGE('',*,*,#4435,.F.);
#5703=ORIENTED_EDGE('',*,*,#4436,.T.);
#5704=ORIENTED_EDGE('',*,*,#4437,.T.);
#5705=ORIENTED_EDGE('',*,*,#4302,.F.);
#5706=ORIENTED_EDGE('',*,*,#4438,.F.);
#5707=ORIENTED_EDGE('',*,*,#4439,.F.);
#5708=ORIENTED_EDGE('',*,*,#4440,.F.);
#5709=ORIENTED_EDGE('',*,*,#4441,.F.);
#5710=ORIENTED_EDGE('',*,*,#4442,.F.);
#5711=ORIENTED_EDGE('',*,*,#4435,.T.);
#5712=ORIENTED_EDGE('',*,*,#4443,.T.);
#5713=ORIENTED_EDGE('',*,*,#4346,.T.);
#5714=ORIENTED_EDGE('',*,*,#4348,.T.);
#5715=ORIENTED_EDGE('',*,*,#4444,.T.);
#5716=ORIENTED_EDGE('',*,*,#4437,.F.);
#5717=ORIENTED_EDGE('',*,*,#4445,.T.);
#5718=ORIENTED_EDGE('',*,*,#4446,.T.);
#5719=ORIENTED_EDGE('',*,*,#4447,.T.);
#5720=ORIENTED_EDGE('',*,*,#4448,.T.);
#5721=ORIENTED_EDGE('',*,*,#4449,.T.);
#5722=ORIENTED_EDGE('',*,*,#4304,.F.);
#5723=ORIENTED_EDGE('',*,*,#4276,.F.);
#5724=ORIENTED_EDGE('',*,*,#4450,.T.);
#5725=ORIENTED_EDGE('',*,*,#4451,.T.);
#5726=ORIENTED_EDGE('',*,*,#4452,.T.);
#5727=ORIENTED_EDGE('',*,*,#4453,.T.);
#5728=ORIENTED_EDGE('',*,*,#4454,.T.);
#5729=ORIENTED_EDGE('',*,*,#4455,.T.);
#5730=ORIENTED_EDGE('',*,*,#4456,.T.);
#5731=ORIENTED_EDGE('',*,*,#4327,.T.);
#5732=ORIENTED_EDGE('',*,*,#4326,.T.);
#5733=ORIENTED_EDGE('',*,*,#4457,.T.);
#5734=ORIENTED_EDGE('',*,*,#4458,.F.);
#5735=ORIENTED_EDGE('',*,*,#4459,.F.);
#5736=ORIENTED_EDGE('',*,*,#4460,.F.);
#5737=ORIENTED_EDGE('',*,*,#4461,.F.);
#5738=ORIENTED_EDGE('',*,*,#4462,.F.);
#5739=ORIENTED_EDGE('',*,*,#4463,.F.);
#5740=ORIENTED_EDGE('',*,*,#4274,.F.);
#5741=ORIENTED_EDGE('',*,*,#4464,.T.);
#5742=ORIENTED_EDGE('',*,*,#4455,.F.);
#5743=ORIENTED_EDGE('',*,*,#4465,.F.);
#5744=ORIENTED_EDGE('',*,*,#4458,.T.);
#5745=ORIENTED_EDGE('',*,*,#4466,.T.);
#5746=ORIENTED_EDGE('',*,*,#4467,.F.);
#5747=ORIENTED_EDGE('',*,*,#4468,.T.);
#5748=ORIENTED_EDGE('',*,*,#4469,.T.);
#5749=ORIENTED_EDGE('',*,*,#4298,.F.);
#5750=ORIENTED_EDGE('',*,*,#4470,.F.);
#5751=ORIENTED_EDGE('',*,*,#4471,.F.);
#5752=ORIENTED_EDGE('',*,*,#4472,.F.);
#5753=ORIENTED_EDGE('',*,*,#4473,.F.);
#5754=ORIENTED_EDGE('',*,*,#4474,.F.);
#5755=ORIENTED_EDGE('',*,*,#4467,.T.);
#5756=ORIENTED_EDGE('',*,*,#4475,.T.);
#5757=ORIENTED_EDGE('',*,*,#4343,.T.);
#5758=ORIENTED_EDGE('',*,*,#4345,.T.);
#5759=ORIENTED_EDGE('',*,*,#4476,.T.);
#5760=ORIENTED_EDGE('',*,*,#4469,.F.);
#5761=ORIENTED_EDGE('',*,*,#4477,.T.);
#5762=ORIENTED_EDGE('',*,*,#4478,.T.);
#5763=ORIENTED_EDGE('',*,*,#4479,.T.);
#5764=ORIENTED_EDGE('',*,*,#4480,.T.);
#5765=ORIENTED_EDGE('',*,*,#4481,.T.);
#5766=ORIENTED_EDGE('',*,*,#4300,.F.);
#5767=ORIENTED_EDGE('',*,*,#4272,.F.);
#5768=ORIENTED_EDGE('',*,*,#4482,.T.);
#5769=ORIENTED_EDGE('',*,*,#4483,.T.);
#5770=ORIENTED_EDGE('',*,*,#4484,.T.);
#5771=ORIENTED_EDGE('',*,*,#4485,.T.);
#5772=ORIENTED_EDGE('',*,*,#4486,.T.);
#5773=ORIENTED_EDGE('',*,*,#4487,.T.);
#5774=ORIENTED_EDGE('',*,*,#4488,.T.);
#5775=ORIENTED_EDGE('',*,*,#4324,.T.);
#5776=ORIENTED_EDGE('',*,*,#4323,.T.);
#5777=ORIENTED_EDGE('',*,*,#4489,.T.);
#5778=ORIENTED_EDGE('',*,*,#4490,.F.);
#5779=ORIENTED_EDGE('',*,*,#4491,.F.);
#5780=ORIENTED_EDGE('',*,*,#4492,.F.);
#5781=ORIENTED_EDGE('',*,*,#4493,.F.);
#5782=ORIENTED_EDGE('',*,*,#4494,.F.);
#5783=ORIENTED_EDGE('',*,*,#4495,.F.);
#5784=ORIENTED_EDGE('',*,*,#4270,.F.);
#5785=ORIENTED_EDGE('',*,*,#4496,.T.);
#5786=ORIENTED_EDGE('',*,*,#4487,.F.);
#5787=ORIENTED_EDGE('',*,*,#4497,.F.);
#5788=ORIENTED_EDGE('',*,*,#4490,.T.);
#5789=ORIENTED_EDGE('',*,*,#4498,.T.);
#5790=ORIENTED_EDGE('',*,*,#4499,.F.);
#5791=ORIENTED_EDGE('',*,*,#4500,.T.);
#5792=ORIENTED_EDGE('',*,*,#4501,.T.);
#5793=ORIENTED_EDGE('',*,*,#4294,.F.);
#5794=ORIENTED_EDGE('',*,*,#4502,.F.);
#5795=ORIENTED_EDGE('',*,*,#4503,.F.);
#5796=ORIENTED_EDGE('',*,*,#4504,.F.);
#5797=ORIENTED_EDGE('',*,*,#4505,.F.);
#5798=ORIENTED_EDGE('',*,*,#4506,.F.);
#5799=ORIENTED_EDGE('',*,*,#4499,.T.);
#5800=ORIENTED_EDGE('',*,*,#4507,.T.);
#5801=ORIENTED_EDGE('',*,*,#4340,.T.);
#5802=ORIENTED_EDGE('',*,*,#4342,.T.);
#5803=ORIENTED_EDGE('',*,*,#4508,.T.);
#5804=ORIENTED_EDGE('',*,*,#4501,.F.);
#5805=ORIENTED_EDGE('',*,*,#4509,.T.);
#5806=ORIENTED_EDGE('',*,*,#4510,.T.);
#5807=ORIENTED_EDGE('',*,*,#4511,.T.);
#5808=ORIENTED_EDGE('',*,*,#4512,.T.);
#5809=ORIENTED_EDGE('',*,*,#4513,.T.);
#5810=ORIENTED_EDGE('',*,*,#4296,.F.);
#5811=ORIENTED_EDGE('',*,*,#4268,.F.);
#5812=ORIENTED_EDGE('',*,*,#4514,.T.);
#5813=ORIENTED_EDGE('',*,*,#4515,.T.);
#5814=ORIENTED_EDGE('',*,*,#4516,.T.);
#5815=ORIENTED_EDGE('',*,*,#4517,.T.);
#5816=ORIENTED_EDGE('',*,*,#4518,.T.);
#5817=ORIENTED_EDGE('',*,*,#4519,.T.);
#5818=ORIENTED_EDGE('',*,*,#4520,.T.);
#5819=ORIENTED_EDGE('',*,*,#4321,.T.);
#5820=ORIENTED_EDGE('',*,*,#4320,.T.);
#5821=ORIENTED_EDGE('',*,*,#4521,.T.);
#5822=ORIENTED_EDGE('',*,*,#4522,.F.);
#5823=ORIENTED_EDGE('',*,*,#4523,.F.);
#5824=ORIENTED_EDGE('',*,*,#4524,.F.);
#5825=ORIENTED_EDGE('',*,*,#4525,.F.);
#5826=ORIENTED_EDGE('',*,*,#4526,.F.);
#5827=ORIENTED_EDGE('',*,*,#4527,.F.);
#5828=ORIENTED_EDGE('',*,*,#4266,.F.);
#5829=ORIENTED_EDGE('',*,*,#4528,.T.);
#5830=ORIENTED_EDGE('',*,*,#4519,.F.);
#5831=ORIENTED_EDGE('',*,*,#4529,.F.);
#5832=ORIENTED_EDGE('',*,*,#4522,.T.);
#5833=ORIENTED_EDGE('',*,*,#4530,.T.);
#5834=ORIENTED_EDGE('',*,*,#4531,.F.);
#5835=ORIENTED_EDGE('',*,*,#4532,.T.);
#5836=ORIENTED_EDGE('',*,*,#4533,.T.);
#5837=ORIENTED_EDGE('',*,*,#4290,.F.);
#5838=ORIENTED_EDGE('',*,*,#4534,.F.);
#5839=ORIENTED_EDGE('',*,*,#4535,.F.);
#5840=ORIENTED_EDGE('',*,*,#4536,.F.);
#5841=ORIENTED_EDGE('',*,*,#4537,.F.);
#5842=ORIENTED_EDGE('',*,*,#4538,.F.);
#5843=ORIENTED_EDGE('',*,*,#4531,.T.);
#5844=ORIENTED_EDGE('',*,*,#4539,.T.);
#5845=ORIENTED_EDGE('',*,*,#4337,.T.);
#5846=ORIENTED_EDGE('',*,*,#4339,.T.);
#5847=ORIENTED_EDGE('',*,*,#4540,.T.);
#5848=ORIENTED_EDGE('',*,*,#4533,.F.);
#5849=ORIENTED_EDGE('',*,*,#4541,.T.);
#5850=ORIENTED_EDGE('',*,*,#4542,.T.);
#5851=ORIENTED_EDGE('',*,*,#4543,.T.);
#5852=ORIENTED_EDGE('',*,*,#4544,.T.);
#5853=ORIENTED_EDGE('',*,*,#4545,.T.);
#5854=ORIENTED_EDGE('',*,*,#4292,.F.);
#5855=ORIENTED_EDGE('',*,*,#4264,.F.);
#5856=ORIENTED_EDGE('',*,*,#4546,.T.);
#5857=ORIENTED_EDGE('',*,*,#4547,.T.);
#5858=ORIENTED_EDGE('',*,*,#4548,.T.);
#5859=ORIENTED_EDGE('',*,*,#4549,.T.);
#5860=ORIENTED_EDGE('',*,*,#4550,.T.);
#5861=ORIENTED_EDGE('',*,*,#4551,.T.);
#5862=ORIENTED_EDGE('',*,*,#4552,.T.);
#5863=ORIENTED_EDGE('',*,*,#4318,.T.);
#5864=ORIENTED_EDGE('',*,*,#4317,.T.);
#5865=ORIENTED_EDGE('',*,*,#4553,.T.);
#5866=ORIENTED_EDGE('',*,*,#4554,.F.);
#5867=ORIENTED_EDGE('',*,*,#4555,.F.);
#5868=ORIENTED_EDGE('',*,*,#4556,.F.);
#5869=ORIENTED_EDGE('',*,*,#4557,.F.);
#5870=ORIENTED_EDGE('',*,*,#4558,.F.);
#5871=ORIENTED_EDGE('',*,*,#4559,.F.);
#5872=ORIENTED_EDGE('',*,*,#4262,.F.);
#5873=ORIENTED_EDGE('',*,*,#4560,.T.);
#5874=ORIENTED_EDGE('',*,*,#4551,.F.);
#5875=ORIENTED_EDGE('',*,*,#4561,.F.);
#5876=ORIENTED_EDGE('',*,*,#4554,.T.);
#5877=ORIENTED_EDGE('',*,*,#4562,.T.);
#5878=ORIENTED_EDGE('',*,*,#4563,.F.);
#5879=ORIENTED_EDGE('',*,*,#4564,.T.);
#5880=ORIENTED_EDGE('',*,*,#4565,.T.);
#5881=ORIENTED_EDGE('',*,*,#4336,.T.);
#5882=ORIENTED_EDGE('',*,*,#4566,.T.);
#5883=ORIENTED_EDGE('',*,*,#4565,.F.);
#5884=ORIENTED_EDGE('',*,*,#4567,.T.);
#5885=ORIENTED_EDGE('',*,*,#4568,.T.);
#5886=ORIENTED_EDGE('',*,*,#4569,.T.);
#5887=ORIENTED_EDGE('',*,*,#4570,.T.);
#5888=ORIENTED_EDGE('',*,*,#4571,.T.);
#5889=ORIENTED_EDGE('',*,*,#4288,.F.);
#5890=ORIENTED_EDGE('',*,*,#4260,.F.);
#5891=ORIENTED_EDGE('',*,*,#4572,.T.);
#5892=ORIENTED_EDGE('',*,*,#4573,.T.);
#5893=ORIENTED_EDGE('',*,*,#4574,.T.);
#5894=ORIENTED_EDGE('',*,*,#4575,.T.);
#5895=ORIENTED_EDGE('',*,*,#4576,.T.);
#5896=ORIENTED_EDGE('',*,*,#4577,.T.);
#5897=ORIENTED_EDGE('',*,*,#4578,.T.);
#5898=ORIENTED_EDGE('',*,*,#4315,.T.);
#5899=ORIENTED_EDGE('',*,*,#4579,.T.);
#5900=ORIENTED_EDGE('',*,*,#4577,.F.);
#5901=ORIENTED_EDGE('',*,*,#4580,.F.);
#5902=ORIENTED_EDGE('',*,*,#4581,.F.);
#5903=ORIENTED_EDGE('',*,*,#4582,.T.);
#5904=ORIENTED_EDGE('',*,*,#4583,.F.);
#5905=ORIENTED_EDGE('',*,*,#4584,.F.);
#5906=ORIENTED_EDGE('',*,*,#4585,.T.);
#5907=ORIENTED_EDGE('',*,*,#4586,.T.);
#5908=ORIENTED_EDGE('',*,*,#4587,.F.);
#5909=ORIENTED_EDGE('',*,*,#4588,.F.);
#5910=ORIENTED_EDGE('',*,*,#4583,.T.);
#5911=ORIENTED_EDGE('',*,*,#4589,.T.);
#5912=ORIENTED_EDGE('',*,*,#4590,.F.);
#5913=ORIENTED_EDGE('',*,*,#4591,.F.);
#5914=ORIENTED_EDGE('',*,*,#4587,.T.);
#5915=ORIENTED_EDGE('',*,*,#4592,.T.);
#5916=ORIENTED_EDGE('',*,*,#4585,.F.);
#5917=ORIENTED_EDGE('',*,*,#4593,.F.);
#5918=ORIENTED_EDGE('',*,*,#4590,.T.);
#5919=ORIENTED_EDGE('',*,*,#4584,.T.);
#5920=ORIENTED_EDGE('',*,*,#4588,.T.);
#5921=ORIENTED_EDGE('',*,*,#4591,.T.);
#5922=ORIENTED_EDGE('',*,*,#4593,.T.);
#5923=ORIENTED_EDGE('',*,*,#4594,.F.);
#5924=ORIENTED_EDGE('',*,*,#4595,.F.);
#5925=ORIENTED_EDGE('',*,*,#4596,.T.);
#5926=ORIENTED_EDGE('',*,*,#4597,.T.);
#5927=ORIENTED_EDGE('',*,*,#4598,.F.);
#5928=ORIENTED_EDGE('',*,*,#4599,.F.);
#5929=ORIENTED_EDGE('',*,*,#4600,.T.);
#5930=ORIENTED_EDGE('',*,*,#4595,.T.);
#5931=ORIENTED_EDGE('',*,*,#4601,.F.);
#5932=ORIENTED_EDGE('',*,*,#4602,.F.);
#5933=ORIENTED_EDGE('',*,*,#4603,.T.);
#5934=ORIENTED_EDGE('',*,*,#4599,.T.);
#5935=ORIENTED_EDGE('',*,*,#4604,.F.);
#5936=ORIENTED_EDGE('',*,*,#4597,.F.);
#5937=ORIENTED_EDGE('',*,*,#4605,.T.);
#5938=ORIENTED_EDGE('',*,*,#4602,.T.);
#5939=ORIENTED_EDGE('',*,*,#4596,.F.);
#5940=ORIENTED_EDGE('',*,*,#4600,.F.);
#5941=ORIENTED_EDGE('',*,*,#4603,.F.);
#5942=ORIENTED_EDGE('',*,*,#4605,.F.);
#5943=ORIENTED_EDGE('',*,*,#4606,.T.);
#5944=ORIENTED_EDGE('',*,*,#4607,.F.);
#5945=ORIENTED_EDGE('',*,*,#4608,.F.);
#5946=ORIENTED_EDGE('',*,*,#4609,.T.);
#5947=ORIENTED_EDGE('',*,*,#4610,.F.);
#5948=ORIENTED_EDGE('',*,*,#4611,.T.);
#5949=ORIENTED_EDGE('',*,*,#4612,.T.);
#5950=ORIENTED_EDGE('',*,*,#4609,.F.);
#5951=ORIENTED_EDGE('',*,*,#4613,.T.);
#5952=ORIENTED_EDGE('',*,*,#4614,.F.);
#5953=ORIENTED_EDGE('',*,*,#4615,.F.);
#5954=ORIENTED_EDGE('',*,*,#4607,.T.);
#5955=ORIENTED_EDGE('',*,*,#4616,.T.);
#5956=ORIENTED_EDGE('',*,*,#4610,.T.);
#5957=ORIENTED_EDGE('',*,*,#4608,.T.);
#5958=ORIENTED_EDGE('',*,*,#4615,.T.);
#5959=ORIENTED_EDGE('',*,*,#4617,.F.);
#5960=ORIENTED_EDGE('',*,*,#4618,.T.);
#5961=ORIENTED_EDGE('',*,*,#4619,.F.);
#5962=ORIENTED_EDGE('',*,*,#4620,.F.);
#5963=ORIENTED_EDGE('',*,*,#4258,.F.);
#5964=ORIENTED_EDGE('',*,*,#4256,.T.);
#5965=ORIENTED_EDGE('',*,*,#4621,.F.);
#5966=ORIENTED_EDGE('',*,*,#4252,.F.);
#5967=ORIENTED_EDGE('',*,*,#4257,.F.);
#5968=ORIENTED_EDGE('',*,*,#4250,.T.);
#5969=ORIENTED_EDGE('',*,*,#4622,.F.);
#5970=ORIENTED_EDGE('',*,*,#4254,.F.);
#5971=ORIENTED_EDGE('',*,*,#4248,.F.);
#5972=ORIENTED_EDGE('',*,*,#4246,.T.);
#5973=ORIENTED_EDGE('',*,*,#4623,.F.);
#5974=ORIENTED_EDGE('',*,*,#4242,.F.);
#5975=ORIENTED_EDGE('',*,*,#4247,.F.);
#5976=ORIENTED_EDGE('',*,*,#4240,.T.);
#5977=ORIENTED_EDGE('',*,*,#4624,.F.);
#5978=ORIENTED_EDGE('',*,*,#4244,.F.);
#5979=ORIENTED_EDGE('',*,*,#4238,.F.);
#5980=ORIENTED_EDGE('',*,*,#4236,.T.);
#5981=ORIENTED_EDGE('',*,*,#4625,.F.);
#5982=ORIENTED_EDGE('',*,*,#4232,.F.);
#5983=ORIENTED_EDGE('',*,*,#4237,.F.);
#5984=ORIENTED_EDGE('',*,*,#4230,.T.);
#5985=ORIENTED_EDGE('',*,*,#4626,.F.);
#5986=ORIENTED_EDGE('',*,*,#4234,.F.);
#5987=ORIENTED_EDGE('',*,*,#4228,.F.);
#5988=ORIENTED_EDGE('',*,*,#4226,.T.);
#5989=ORIENTED_EDGE('',*,*,#4627,.F.);
#5990=ORIENTED_EDGE('',*,*,#4222,.F.);
#5991=ORIENTED_EDGE('',*,*,#4227,.F.);
#5992=ORIENTED_EDGE('',*,*,#4220,.T.);
#5993=ORIENTED_EDGE('',*,*,#4628,.F.);
#5994=ORIENTED_EDGE('',*,*,#4224,.F.);
#5995=ORIENTED_EDGE('',*,*,#4218,.F.);
#5996=ORIENTED_EDGE('',*,*,#4216,.T.);
#5997=ORIENTED_EDGE('',*,*,#4629,.F.);
#5998=ORIENTED_EDGE('',*,*,#4212,.F.);
#5999=ORIENTED_EDGE('',*,*,#4217,.F.);
#6000=ORIENTED_EDGE('',*,*,#4210,.T.);
#6001=ORIENTED_EDGE('',*,*,#4630,.F.);
#6002=ORIENTED_EDGE('',*,*,#4214,.F.);
#6003=ORIENTED_EDGE('',*,*,#4208,.F.);
#6004=ORIENTED_EDGE('',*,*,#4206,.T.);
#6005=ORIENTED_EDGE('',*,*,#4631,.F.);
#6006=ORIENTED_EDGE('',*,*,#4202,.F.);
#6007=ORIENTED_EDGE('',*,*,#4207,.F.);
#6008=ORIENTED_EDGE('',*,*,#4200,.T.);
#6009=ORIENTED_EDGE('',*,*,#4632,.F.);
#6010=ORIENTED_EDGE('',*,*,#4204,.F.);
#6011=ORIENTED_EDGE('',*,*,#4616,.F.);
#6012=ORIENTED_EDGE('',*,*,#4614,.T.);
#6013=ORIENTED_EDGE('',*,*,#4633,.F.);
#6014=ORIENTED_EDGE('',*,*,#4611,.F.);
#6015=ORIENTED_EDGE('',*,*,#4634,.F.);
#6016=ORIENTED_EDGE('',*,*,#4441,.T.);
#6017=ORIENTED_EDGE('',*,*,#4635,.T.);
#6018=ORIENTED_EDGE('',*,*,#4187,.F.);
#6019=ORIENTED_EDGE('',*,*,#4197,.F.);
#6020=ORIENTED_EDGE('',*,*,#4194,.F.);
#6021=ORIENTED_EDGE('',*,*,#4636,.T.);
#6022=ORIENTED_EDGE('',*,*,#4445,.F.);
#6023=ORIENTED_EDGE('',*,*,#4436,.F.);
#6024=ORIENTED_EDGE('',*,*,#4442,.T.);
#6025=ORIENTED_EDGE('',*,*,#4634,.T.);
#6026=ORIENTED_EDGE('',*,*,#4186,.F.);
#6027=ORIENTED_EDGE('',*,*,#4637,.T.);
#6028=ORIENTED_EDGE('',*,*,#4446,.F.);
#6029=ORIENTED_EDGE('',*,*,#4636,.F.);
#6030=ORIENTED_EDGE('',*,*,#4193,.F.);
#6031=ORIENTED_EDGE('',*,*,#4447,.F.);
#6032=ORIENTED_EDGE('',*,*,#4637,.F.);
#6033=ORIENTED_EDGE('',*,*,#4190,.F.);
#6034=ORIENTED_EDGE('',*,*,#4635,.F.);
#6035=ORIENTED_EDGE('',*,*,#4440,.T.);
#6036=ORIENTED_EDGE('',*,*,#4638,.T.);
#6037=ORIENTED_EDGE('',*,*,#4448,.F.);
#6038=ORIENTED_EDGE('',*,*,#4638,.F.);
#6039=ORIENTED_EDGE('',*,*,#4439,.T.);
#6040=ORIENTED_EDGE('',*,*,#4639,.T.);
#6041=ORIENTED_EDGE('',*,*,#4175,.T.);
#6042=ORIENTED_EDGE('',*,*,#4179,.T.);
#6043=ORIENTED_EDGE('',*,*,#4182,.T.);
#6044=ORIENTED_EDGE('',*,*,#4640,.F.);
#6045=ORIENTED_EDGE('',*,*,#4459,.T.);
#6046=ORIENTED_EDGE('',*,*,#4465,.T.);
#6047=ORIENTED_EDGE('',*,*,#4454,.F.);
#6048=ORIENTED_EDGE('',*,*,#4641,.F.);
#6049=ORIENTED_EDGE('',*,*,#4176,.T.);
#6050=ORIENTED_EDGE('',*,*,#4641,.T.);
#6051=ORIENTED_EDGE('',*,*,#4453,.F.);
#6052=ORIENTED_EDGE('',*,*,#4642,.F.);
#6053=ORIENTED_EDGE('',*,*,#4184,.T.);
#6054=ORIENTED_EDGE('',*,*,#4643,.F.);
#6055=ORIENTED_EDGE('',*,*,#4460,.T.);
#6056=ORIENTED_EDGE('',*,*,#4640,.T.);
#6057=ORIENTED_EDGE('',*,*,#4451,.F.);
#6058=ORIENTED_EDGE('',*,*,#4644,.F.);
#6059=ORIENTED_EDGE('',*,*,#4462,.T.);
#6060=ORIENTED_EDGE('',*,*,#4645,.T.);
#6061=ORIENTED_EDGE('',*,*,#4452,.F.);
#6062=ORIENTED_EDGE('',*,*,#4645,.F.);
#6063=ORIENTED_EDGE('',*,*,#4461,.T.);
#6064=ORIENTED_EDGE('',*,*,#4643,.T.);
#6065=ORIENTED_EDGE('',*,*,#4171,.T.);
#6066=ORIENTED_EDGE('',*,*,#4642,.T.);
#6067=ORIENTED_EDGE('',*,*,#4646,.F.);
#6068=ORIENTED_EDGE('',*,*,#4647,.F.);
#6069=ORIENTED_EDGE('',*,*,#4648,.T.);
#6070=ORIENTED_EDGE('',*,*,#4159,.F.);
#6071=ORIENTED_EDGE('',*,*,#4169,.F.);
#6072=ORIENTED_EDGE('',*,*,#4166,.F.);
#6073=ORIENTED_EDGE('',*,*,#4649,.T.);
#6074=ORIENTED_EDGE('',*,*,#4567,.F.);
#6075=ORIENTED_EDGE('',*,*,#4564,.F.);
#6076=ORIENTED_EDGE('',*,*,#4650,.F.);
#6077=ORIENTED_EDGE('',*,*,#4646,.T.);
#6078=ORIENTED_EDGE('',*,*,#4158,.F.);
#6079=ORIENTED_EDGE('',*,*,#4651,.T.);
#6080=ORIENTED_EDGE('',*,*,#4568,.F.);
#6081=ORIENTED_EDGE('',*,*,#4649,.F.);
#6082=ORIENTED_EDGE('',*,*,#4165,.F.);
#6083=ORIENTED_EDGE('',*,*,#4569,.F.);
#6084=ORIENTED_EDGE('',*,*,#4651,.F.);
#6085=ORIENTED_EDGE('',*,*,#4162,.F.);
#6086=ORIENTED_EDGE('',*,*,#4648,.F.);
#6087=ORIENTED_EDGE('',*,*,#4652,.F.);
#6088=ORIENTED_EDGE('',*,*,#4653,.T.);
#6089=ORIENTED_EDGE('',*,*,#4570,.F.);
#6090=ORIENTED_EDGE('',*,*,#4653,.F.);
#6091=ORIENTED_EDGE('',*,*,#4654,.F.);
#6092=ORIENTED_EDGE('',*,*,#4655,.T.);
#6093=ORIENTED_EDGE('',*,*,#4656,.F.);
#6094=ORIENTED_EDGE('',*,*,#4537,.T.);
#6095=ORIENTED_EDGE('',*,*,#4657,.T.);
#6096=ORIENTED_EDGE('',*,*,#4145,.F.);
#6097=ORIENTED_EDGE('',*,*,#4155,.F.);
#6098=ORIENTED_EDGE('',*,*,#4152,.F.);
#6099=ORIENTED_EDGE('',*,*,#4658,.T.);
#6100=ORIENTED_EDGE('',*,*,#4541,.F.);
#6101=ORIENTED_EDGE('',*,*,#4532,.F.);
#6102=ORIENTED_EDGE('',*,*,#4538,.T.);
#6103=ORIENTED_EDGE('',*,*,#4656,.T.);
#6104=ORIENTED_EDGE('',*,*,#4144,.F.);
#6105=ORIENTED_EDGE('',*,*,#4659,.T.);
#6106=ORIENTED_EDGE('',*,*,#4542,.F.);
#6107=ORIENTED_EDGE('',*,*,#4658,.F.);
#6108=ORIENTED_EDGE('',*,*,#4151,.F.);
#6109=ORIENTED_EDGE('',*,*,#4543,.F.);
#6110=ORIENTED_EDGE('',*,*,#4659,.F.);
#6111=ORIENTED_EDGE('',*,*,#4148,.F.);
#6112=ORIENTED_EDGE('',*,*,#4657,.F.);
#6113=ORIENTED_EDGE('',*,*,#4536,.T.);
#6114=ORIENTED_EDGE('',*,*,#4660,.T.);
#6115=ORIENTED_EDGE('',*,*,#4544,.F.);
#6116=ORIENTED_EDGE('',*,*,#4660,.F.);
#6117=ORIENTED_EDGE('',*,*,#4535,.T.);
#6118=ORIENTED_EDGE('',*,*,#4661,.T.);
#6119=ORIENTED_EDGE('',*,*,#4662,.F.);
#6120=ORIENTED_EDGE('',*,*,#4505,.T.);
#6121=ORIENTED_EDGE('',*,*,#4663,.T.);
#6122=ORIENTED_EDGE('',*,*,#4131,.F.);
#6123=ORIENTED_EDGE('',*,*,#4141,.F.);
#6124=ORIENTED_EDGE('',*,*,#4138,.F.);
#6125=ORIENTED_EDGE('',*,*,#4664,.T.);
#6126=ORIENTED_EDGE('',*,*,#4509,.F.);
#6127=ORIENTED_EDGE('',*,*,#4500,.F.);
#6128=ORIENTED_EDGE('',*,*,#4506,.T.);
#6129=ORIENTED_EDGE('',*,*,#4662,.T.);
#6130=ORIENTED_EDGE('',*,*,#4130,.F.);
#6131=ORIENTED_EDGE('',*,*,#4665,.T.);
#6132=ORIENTED_EDGE('',*,*,#4510,.F.);
#6133=ORIENTED_EDGE('',*,*,#4664,.F.);
#6134=ORIENTED_EDGE('',*,*,#4137,.F.);
#6135=ORIENTED_EDGE('',*,*,#4511,.F.);
#6136=ORIENTED_EDGE('',*,*,#4665,.F.);
#6137=ORIENTED_EDGE('',*,*,#4134,.F.);
#6138=ORIENTED_EDGE('',*,*,#4663,.F.);
#6139=ORIENTED_EDGE('',*,*,#4504,.T.);
#6140=ORIENTED_EDGE('',*,*,#4666,.T.);
#6141=ORIENTED_EDGE('',*,*,#4512,.F.);
#6142=ORIENTED_EDGE('',*,*,#4666,.F.);
#6143=ORIENTED_EDGE('',*,*,#4503,.T.);
#6144=ORIENTED_EDGE('',*,*,#4667,.T.);
#6145=ORIENTED_EDGE('',*,*,#4668,.F.);
#6146=ORIENTED_EDGE('',*,*,#4473,.T.);
#6147=ORIENTED_EDGE('',*,*,#4669,.T.);
#6148=ORIENTED_EDGE('',*,*,#4117,.F.);
#6149=ORIENTED_EDGE('',*,*,#4127,.F.);
#6150=ORIENTED_EDGE('',*,*,#4124,.F.);
#6151=ORIENTED_EDGE('',*,*,#4670,.T.);
#6152=ORIENTED_EDGE('',*,*,#4477,.F.);
#6153=ORIENTED_EDGE('',*,*,#4468,.F.);
#6154=ORIENTED_EDGE('',*,*,#4474,.T.);
#6155=ORIENTED_EDGE('',*,*,#4668,.T.);
#6156=ORIENTED_EDGE('',*,*,#4116,.F.);
#6157=ORIENTED_EDGE('',*,*,#4671,.T.);
#6158=ORIENTED_EDGE('',*,*,#4478,.F.);
#6159=ORIENTED_EDGE('',*,*,#4670,.F.);
#6160=ORIENTED_EDGE('',*,*,#4123,.F.);
#6161=ORIENTED_EDGE('',*,*,#4479,.F.);
#6162=ORIENTED_EDGE('',*,*,#4671,.F.);
#6163=ORIENTED_EDGE('',*,*,#4120,.F.);
#6164=ORIENTED_EDGE('',*,*,#4669,.F.);
#6165=ORIENTED_EDGE('',*,*,#4472,.T.);
#6166=ORIENTED_EDGE('',*,*,#4672,.T.);
#6167=ORIENTED_EDGE('',*,*,#4480,.F.);
#6168=ORIENTED_EDGE('',*,*,#4672,.F.);
#6169=ORIENTED_EDGE('',*,*,#4471,.T.);
#6170=ORIENTED_EDGE('',*,*,#4673,.T.);
#6171=ORIENTED_EDGE('',*,*,#4105,.T.);
#6172=ORIENTED_EDGE('',*,*,#4109,.T.);
#6173=ORIENTED_EDGE('',*,*,#4112,.T.);
#6174=ORIENTED_EDGE('',*,*,#4674,.F.);
#6175=ORIENTED_EDGE('',*,*,#4675,.F.);
#6176=ORIENTED_EDGE('',*,*,#4580,.T.);
#6177=ORIENTED_EDGE('',*,*,#4576,.F.);
#6178=ORIENTED_EDGE('',*,*,#4676,.F.);
#6179=ORIENTED_EDGE('',*,*,#4106,.T.);
#6180=ORIENTED_EDGE('',*,*,#4676,.T.);
#6181=ORIENTED_EDGE('',*,*,#4575,.F.);
#6182=ORIENTED_EDGE('',*,*,#4677,.F.);
#6183=ORIENTED_EDGE('',*,*,#4114,.T.);
#6184=ORIENTED_EDGE('',*,*,#4678,.F.);
#6185=ORIENTED_EDGE('',*,*,#4679,.F.);
#6186=ORIENTED_EDGE('',*,*,#4674,.T.);
#6187=ORIENTED_EDGE('',*,*,#4573,.F.);
#6188=ORIENTED_EDGE('',*,*,#4680,.F.);
#6189=ORIENTED_EDGE('',*,*,#4681,.F.);
#6190=ORIENTED_EDGE('',*,*,#4682,.T.);
#6191=ORIENTED_EDGE('',*,*,#4574,.F.);
#6192=ORIENTED_EDGE('',*,*,#4682,.F.);
#6193=ORIENTED_EDGE('',*,*,#4683,.F.);
#6194=ORIENTED_EDGE('',*,*,#4678,.T.);
#6195=ORIENTED_EDGE('',*,*,#4101,.T.);
#6196=ORIENTED_EDGE('',*,*,#4677,.T.);
#6197=ORIENTED_EDGE('',*,*,#4091,.T.);
#6198=ORIENTED_EDGE('',*,*,#4095,.T.);
#6199=ORIENTED_EDGE('',*,*,#4098,.T.);
#6200=ORIENTED_EDGE('',*,*,#4684,.F.);
#6201=ORIENTED_EDGE('',*,*,#4555,.T.);
#6202=ORIENTED_EDGE('',*,*,#4561,.T.);
#6203=ORIENTED_EDGE('',*,*,#4550,.F.);
#6204=ORIENTED_EDGE('',*,*,#4685,.F.);
#6205=ORIENTED_EDGE('',*,*,#4092,.T.);
#6206=ORIENTED_EDGE('',*,*,#4685,.T.);
#6207=ORIENTED_EDGE('',*,*,#4549,.F.);
#6208=ORIENTED_EDGE('',*,*,#4686,.F.);
#6209=ORIENTED_EDGE('',*,*,#4100,.T.);
#6210=ORIENTED_EDGE('',*,*,#4687,.F.);
#6211=ORIENTED_EDGE('',*,*,#4556,.T.);
#6212=ORIENTED_EDGE('',*,*,#4684,.T.);
#6213=ORIENTED_EDGE('',*,*,#4547,.F.);
#6214=ORIENTED_EDGE('',*,*,#4688,.F.);
#6215=ORIENTED_EDGE('',*,*,#4558,.T.);
#6216=ORIENTED_EDGE('',*,*,#4689,.T.);
#6217=ORIENTED_EDGE('',*,*,#4548,.F.);
#6218=ORIENTED_EDGE('',*,*,#4689,.F.);
#6219=ORIENTED_EDGE('',*,*,#4557,.T.);
#6220=ORIENTED_EDGE('',*,*,#4687,.T.);
#6221=ORIENTED_EDGE('',*,*,#4087,.T.);
#6222=ORIENTED_EDGE('',*,*,#4686,.T.);
#6223=ORIENTED_EDGE('',*,*,#4077,.T.);
#6224=ORIENTED_EDGE('',*,*,#4081,.T.);
#6225=ORIENTED_EDGE('',*,*,#4084,.T.);
#6226=ORIENTED_EDGE('',*,*,#4690,.F.);
#6227=ORIENTED_EDGE('',*,*,#4523,.T.);
#6228=ORIENTED_EDGE('',*,*,#4529,.T.);
#6229=ORIENTED_EDGE('',*,*,#4518,.F.);
#6230=ORIENTED_EDGE('',*,*,#4691,.F.);
#6231=ORIENTED_EDGE('',*,*,#4078,.T.);
#6232=ORIENTED_EDGE('',*,*,#4691,.T.);
#6233=ORIENTED_EDGE('',*,*,#4517,.F.);
#6234=ORIENTED_EDGE('',*,*,#4692,.F.);
#6235=ORIENTED_EDGE('',*,*,#4086,.T.);
#6236=ORIENTED_EDGE('',*,*,#4693,.F.);
#6237=ORIENTED_EDGE('',*,*,#4524,.T.);
#6238=ORIENTED_EDGE('',*,*,#4690,.T.);
#6239=ORIENTED_EDGE('',*,*,#4515,.F.);
#6240=ORIENTED_EDGE('',*,*,#4694,.F.);
#6241=ORIENTED_EDGE('',*,*,#4526,.T.);
#6242=ORIENTED_EDGE('',*,*,#4695,.T.);
#6243=ORIENTED_EDGE('',*,*,#4516,.F.);
#6244=ORIENTED_EDGE('',*,*,#4695,.F.);
#6245=ORIENTED_EDGE('',*,*,#4525,.T.);
#6246=ORIENTED_EDGE('',*,*,#4693,.T.);
#6247=ORIENTED_EDGE('',*,*,#4073,.T.);
#6248=ORIENTED_EDGE('',*,*,#4692,.T.);
#6249=ORIENTED_EDGE('',*,*,#4063,.T.);
#6250=ORIENTED_EDGE('',*,*,#4067,.T.);
#6251=ORIENTED_EDGE('',*,*,#4070,.T.);
#6252=ORIENTED_EDGE('',*,*,#4696,.F.);
#6253=ORIENTED_EDGE('',*,*,#4491,.T.);
#6254=ORIENTED_EDGE('',*,*,#4497,.T.);
#6255=ORIENTED_EDGE('',*,*,#4486,.F.);
#6256=ORIENTED_EDGE('',*,*,#4697,.F.);
#6257=ORIENTED_EDGE('',*,*,#4064,.T.);
#6258=ORIENTED_EDGE('',*,*,#4697,.T.);
#6259=ORIENTED_EDGE('',*,*,#4485,.F.);
#6260=ORIENTED_EDGE('',*,*,#4698,.F.);
#6261=ORIENTED_EDGE('',*,*,#4072,.T.);
#6262=ORIENTED_EDGE('',*,*,#4699,.F.);
#6263=ORIENTED_EDGE('',*,*,#4492,.T.);
#6264=ORIENTED_EDGE('',*,*,#4696,.T.);
#6265=ORIENTED_EDGE('',*,*,#4483,.F.);
#6266=ORIENTED_EDGE('',*,*,#4700,.F.);
#6267=ORIENTED_EDGE('',*,*,#4494,.T.);
#6268=ORIENTED_EDGE('',*,*,#4701,.T.);
#6269=ORIENTED_EDGE('',*,*,#4484,.F.);
#6270=ORIENTED_EDGE('',*,*,#4701,.F.);
#6271=ORIENTED_EDGE('',*,*,#4493,.T.);
#6272=ORIENTED_EDGE('',*,*,#4699,.T.);
#6273=ORIENTED_EDGE('',*,*,#4059,.T.);
#6274=ORIENTED_EDGE('',*,*,#4698,.T.);
#6275=ORIENTED_EDGE('',*,*,#4702,.F.);
#6276=ORIENTED_EDGE('',*,*,#4409,.T.);
#6277=ORIENTED_EDGE('',*,*,#4703,.T.);
#6278=ORIENTED_EDGE('',*,*,#4047,.F.);
#6279=ORIENTED_EDGE('',*,*,#4057,.F.);
#6280=ORIENTED_EDGE('',*,*,#4054,.F.);
#6281=ORIENTED_EDGE('',*,*,#4704,.T.);
#6282=ORIENTED_EDGE('',*,*,#4413,.F.);
#6283=ORIENTED_EDGE('',*,*,#4404,.F.);
#6284=ORIENTED_EDGE('',*,*,#4410,.T.);
#6285=ORIENTED_EDGE('',*,*,#4702,.T.);
#6286=ORIENTED_EDGE('',*,*,#4046,.F.);
#6287=ORIENTED_EDGE('',*,*,#4705,.T.);
#6288=ORIENTED_EDGE('',*,*,#4414,.F.);
#6289=ORIENTED_EDGE('',*,*,#4704,.F.);
#6290=ORIENTED_EDGE('',*,*,#4053,.F.);
#6291=ORIENTED_EDGE('',*,*,#4415,.F.);
#6292=ORIENTED_EDGE('',*,*,#4705,.F.);
#6293=ORIENTED_EDGE('',*,*,#4050,.F.);
#6294=ORIENTED_EDGE('',*,*,#4703,.F.);
#6295=ORIENTED_EDGE('',*,*,#4408,.T.);
#6296=ORIENTED_EDGE('',*,*,#4706,.T.);
#6297=ORIENTED_EDGE('',*,*,#4416,.F.);
#6298=ORIENTED_EDGE('',*,*,#4706,.F.);
#6299=ORIENTED_EDGE('',*,*,#4407,.T.);
#6300=ORIENTED_EDGE('',*,*,#4707,.T.);
#6301=ORIENTED_EDGE('',*,*,#4708,.F.);
#6302=ORIENTED_EDGE('',*,*,#4377,.T.);
#6303=ORIENTED_EDGE('',*,*,#4709,.T.);
#6304=ORIENTED_EDGE('',*,*,#4033,.F.);
#6305=ORIENTED_EDGE('',*,*,#4043,.F.);
#6306=ORIENTED_EDGE('',*,*,#4040,.F.);
#6307=ORIENTED_EDGE('',*,*,#4710,.T.);
#6308=ORIENTED_EDGE('',*,*,#4381,.F.);
#6309=ORIENTED_EDGE('',*,*,#4372,.F.);
#6310=ORIENTED_EDGE('',*,*,#4378,.T.);
#6311=ORIENTED_EDGE('',*,*,#4708,.T.);
#6312=ORIENTED_EDGE('',*,*,#4032,.F.);
#6313=ORIENTED_EDGE('',*,*,#4711,.T.);
#6314=ORIENTED_EDGE('',*,*,#4382,.F.);
#6315=ORIENTED_EDGE('',*,*,#4710,.F.);
#6316=ORIENTED_EDGE('',*,*,#4039,.F.);
#6317=ORIENTED_EDGE('',*,*,#4383,.F.);
#6318=ORIENTED_EDGE('',*,*,#4711,.F.);
#6319=ORIENTED_EDGE('',*,*,#4036,.F.);
#6320=ORIENTED_EDGE('',*,*,#4709,.F.);
#6321=ORIENTED_EDGE('',*,*,#4376,.T.);
#6322=ORIENTED_EDGE('',*,*,#4712,.T.);
#6323=ORIENTED_EDGE('',*,*,#4384,.F.);
#6324=ORIENTED_EDGE('',*,*,#4712,.F.);
#6325=ORIENTED_EDGE('',*,*,#4375,.T.);
#6326=ORIENTED_EDGE('',*,*,#4713,.T.);
#6327=ORIENTED_EDGE('',*,*,#4021,.T.);
#6328=ORIENTED_EDGE('',*,*,#4025,.T.);
#6329=ORIENTED_EDGE('',*,*,#4028,.T.);
#6330=ORIENTED_EDGE('',*,*,#4714,.F.);
#6331=ORIENTED_EDGE('',*,*,#4427,.T.);
#6332=ORIENTED_EDGE('',*,*,#4433,.T.);
#6333=ORIENTED_EDGE('',*,*,#4422,.F.);
#6334=ORIENTED_EDGE('',*,*,#4715,.F.);
#6335=ORIENTED_EDGE('',*,*,#4022,.T.);
#6336=ORIENTED_EDGE('',*,*,#4715,.T.);
#6337=ORIENTED_EDGE('',*,*,#4421,.F.);
#6338=ORIENTED_EDGE('',*,*,#4716,.F.);
#6339=ORIENTED_EDGE('',*,*,#4030,.T.);
#6340=ORIENTED_EDGE('',*,*,#4717,.F.);
#6341=ORIENTED_EDGE('',*,*,#4428,.T.);
#6342=ORIENTED_EDGE('',*,*,#4714,.T.);
#6343=ORIENTED_EDGE('',*,*,#4419,.F.);
#6344=ORIENTED_EDGE('',*,*,#4718,.F.);
#6345=ORIENTED_EDGE('',*,*,#4430,.T.);
#6346=ORIENTED_EDGE('',*,*,#4719,.T.);
#6347=ORIENTED_EDGE('',*,*,#4420,.F.);
#6348=ORIENTED_EDGE('',*,*,#4719,.F.);
#6349=ORIENTED_EDGE('',*,*,#4429,.T.);
#6350=ORIENTED_EDGE('',*,*,#4717,.T.);
#6351=ORIENTED_EDGE('',*,*,#4017,.T.);
#6352=ORIENTED_EDGE('',*,*,#4716,.T.);
#6353=ORIENTED_EDGE('',*,*,#4007,.T.);
#6354=ORIENTED_EDGE('',*,*,#4011,.T.);
#6355=ORIENTED_EDGE('',*,*,#4014,.T.);
#6356=ORIENTED_EDGE('',*,*,#4720,.F.);
#6357=ORIENTED_EDGE('',*,*,#4395,.T.);
#6358=ORIENTED_EDGE('',*,*,#4401,.T.);
#6359=ORIENTED_EDGE('',*,*,#4390,.F.);
#6360=ORIENTED_EDGE('',*,*,#4721,.F.);
#6361=ORIENTED_EDGE('',*,*,#4008,.T.);
#6362=ORIENTED_EDGE('',*,*,#4721,.T.);
#6363=ORIENTED_EDGE('',*,*,#4389,.F.);
#6364=ORIENTED_EDGE('',*,*,#4722,.F.);
#6365=ORIENTED_EDGE('',*,*,#4016,.T.);
#6366=ORIENTED_EDGE('',*,*,#4723,.F.);
#6367=ORIENTED_EDGE('',*,*,#4396,.T.);
#6368=ORIENTED_EDGE('',*,*,#4720,.T.);
#6369=ORIENTED_EDGE('',*,*,#4387,.F.);
#6370=ORIENTED_EDGE('',*,*,#4724,.F.);
#6371=ORIENTED_EDGE('',*,*,#4398,.T.);
#6372=ORIENTED_EDGE('',*,*,#4725,.T.);
#6373=ORIENTED_EDGE('',*,*,#4388,.F.);
#6374=ORIENTED_EDGE('',*,*,#4725,.F.);
#6375=ORIENTED_EDGE('',*,*,#4397,.T.);
#6376=ORIENTED_EDGE('',*,*,#4723,.T.);
#6377=ORIENTED_EDGE('',*,*,#4003,.T.);
#6378=ORIENTED_EDGE('',*,*,#4722,.T.);
#6379=ORIENTED_EDGE('',*,*,#4563,.T.);
#6380=ORIENTED_EDGE('',*,*,#4726,.T.);
#6381=ORIENTED_EDGE('',*,*,#4727,.T.);
#6382=ORIENTED_EDGE('',*,*,#4728,.F.);
#6383=ORIENTED_EDGE('',*,*,#4729,.T.);
#6384=ORIENTED_EDGE('',*,*,#4654,.T.);
#6385=ORIENTED_EDGE('',*,*,#4652,.T.);
#6386=ORIENTED_EDGE('',*,*,#4647,.T.);
#6387=ORIENTED_EDGE('',*,*,#4650,.T.);
#6388=ORIENTED_EDGE('',*,*,#4581,.T.);
#6389=ORIENTED_EDGE('',*,*,#4675,.T.);
#6390=ORIENTED_EDGE('',*,*,#4679,.T.);
#6391=ORIENTED_EDGE('',*,*,#4683,.T.);
#6392=ORIENTED_EDGE('',*,*,#4681,.T.);
#6393=ORIENTED_EDGE('',*,*,#4730,.T.);
#6394=ORIENTED_EDGE('',*,*,#4731,.F.);
#6395=ORIENTED_EDGE('',*,*,#4732,.T.);
#6396=ORIENTED_EDGE('',*,*,#4733,.T.);
#6397=ORIENTED_EDGE('',*,*,#4734,.F.);
#6398=ORIENTED_EDGE('',*,*,#4735,.F.);
#6399=ORIENTED_EDGE('',*,*,#4736,.T.);
#6400=ORIENTED_EDGE('',*,*,#4737,.T.);
#6401=ORIENTED_EDGE('',*,*,#4738,.T.);
#6402=ORIENTED_EDGE('',*,*,#4739,.T.);
#6403=ORIENTED_EDGE('',*,*,#4740,.F.);
#6404=ORIENTED_EDGE('',*,*,#4741,.F.);
#6405=ORIENTED_EDGE('',*,*,#4742,.T.);
#6406=ORIENTED_EDGE('',*,*,#4735,.T.);
#6407=ORIENTED_EDGE('',*,*,#4743,.T.);
#6408=ORIENTED_EDGE('',*,*,#4744,.T.);
#6409=ORIENTED_EDGE('',*,*,#4745,.F.);
#6410=ORIENTED_EDGE('',*,*,#4739,.F.);
#6411=ORIENTED_EDGE('',*,*,#4746,.T.);
#6412=ORIENTED_EDGE('',*,*,#4737,.F.);
#6413=ORIENTED_EDGE('',*,*,#4747,.T.);
#6414=ORIENTED_EDGE('',*,*,#4748,.T.);
#6415=ORIENTED_EDGE('',*,*,#4749,.T.);
#6416=ORIENTED_EDGE('',*,*,#4748,.F.);
#6417=ORIENTED_EDGE('',*,*,#4750,.T.);
#6418=ORIENTED_EDGE('',*,*,#4751,.T.);
#6419=ORIENTED_EDGE('',*,*,#4752,.F.);
#6420=ORIENTED_EDGE('',*,*,#4744,.F.);
#6421=ORIENTED_EDGE('',*,*,#4753,.T.);
#6422=ORIENTED_EDGE('',*,*,#4754,.T.);
#6423=ORIENTED_EDGE('',*,*,#4755,.F.);
#6424=ORIENTED_EDGE('',*,*,#4756,.F.);
#6425=ORIENTED_EDGE('',*,*,#4757,.T.);
#6426=ORIENTED_EDGE('',*,*,#4758,.T.);
#6427=ORIENTED_EDGE('',*,*,#4759,.F.);
#6428=ORIENTED_EDGE('',*,*,#4760,.F.);
#6429=ORIENTED_EDGE('',*,*,#4761,.F.);
#6430=ORIENTED_EDGE('',*,*,#4762,.F.);
#6431=ORIENTED_EDGE('',*,*,#4763,.T.);
#6432=ORIENTED_EDGE('',*,*,#4756,.T.);
#6433=ORIENTED_EDGE('',*,*,#4760,.T.);
#6434=ORIENTED_EDGE('',*,*,#4764,.F.);
#6435=ORIENTED_EDGE('',*,*,#4765,.F.);
#6436=ORIENTED_EDGE('',*,*,#4766,.F.);
#6437=ORIENTED_EDGE('',*,*,#4767,.F.);
#6438=ORIENTED_EDGE('',*,*,#4768,.F.);
#6439=ORIENTED_EDGE('',*,*,#4765,.T.);
#6440=ORIENTED_EDGE('',*,*,#4769,.F.);
#6441=ORIENTED_EDGE('',*,*,#4770,.F.);
#6442=ORIENTED_EDGE('',*,*,#4771,.T.);
#6443=ORIENTED_EDGE('',*,*,#4772,.T.);
#6444=ORIENTED_EDGE('',*,*,#4773,.F.);
#6445=ORIENTED_EDGE('',*,*,#4772,.F.);
#6446=ORIENTED_EDGE('',*,*,#4774,.T.);
#6447=ORIENTED_EDGE('',*,*,#4762,.T.);
#6448=ORIENTED_EDGE('',*,*,#4775,.F.);
#6449=ORIENTED_EDGE('',*,*,#4776,.F.);
#6450=ORIENTED_EDGE('',*,*,#4777,.T.);
#6451=ORIENTED_EDGE('',*,*,#4778,.F.);
#6452=ORIENTED_EDGE('',*,*,#4779,.F.);
#6453=ORIENTED_EDGE('',*,*,#4780,.F.);
#6454=ORIENTED_EDGE('',*,*,#4781,.T.);
#6455=ORIENTED_EDGE('',*,*,#4782,.F.);
#6456=ORIENTED_EDGE('',*,*,#4783,.F.);
#6457=ORIENTED_EDGE('',*,*,#4784,.T.);
#6458=ORIENTED_EDGE('',*,*,#4785,.F.);
#6459=ORIENTED_EDGE('',*,*,#4786,.F.);
#6460=ORIENTED_EDGE('',*,*,#4787,.T.);
#6461=ORIENTED_EDGE('',*,*,#4788,.F.);
#6462=ORIENTED_EDGE('',*,*,#4789,.F.);
#6463=ORIENTED_EDGE('',*,*,#4790,.F.);
#6464=ORIENTED_EDGE('',*,*,#4791,.F.);
#6465=ORIENTED_EDGE('',*,*,#4792,.F.);
#6466=ORIENTED_EDGE('',*,*,#4793,.F.);
#6467=ORIENTED_EDGE('',*,*,#4791,.T.);
#6468=ORIENTED_EDGE('',*,*,#4794,.T.);
#6469=ORIENTED_EDGE('',*,*,#4795,.F.);
#6470=ORIENTED_EDGE('',*,*,#4794,.F.);
#6471=ORIENTED_EDGE('',*,*,#4790,.T.);
#6472=ORIENTED_EDGE('',*,*,#4796,.T.);
#6473=ORIENTED_EDGE('',*,*,#4797,.F.);
#6474=ORIENTED_EDGE('',*,*,#4796,.F.);
#6475=ORIENTED_EDGE('',*,*,#4789,.T.);
#6476=ORIENTED_EDGE('',*,*,#4798,.T.);
#6477=ORIENTED_EDGE('',*,*,#4799,.F.);
#6478=ORIENTED_EDGE('',*,*,#4798,.F.);
#6479=ORIENTED_EDGE('',*,*,#4788,.T.);
#6480=ORIENTED_EDGE('',*,*,#4793,.T.);
#6481=ORIENTED_EDGE('',*,*,#4800,.T.);
#6482=ORIENTED_EDGE('',*,*,#4801,.T.);
#6483=ORIENTED_EDGE('',*,*,#4802,.T.);
#6484=ORIENTED_EDGE('',*,*,#4803,.T.);
#6485=ORIENTED_EDGE('',*,*,#4804,.T.);
#6486=ORIENTED_EDGE('',*,*,#4805,.F.);
#6487=ORIENTED_EDGE('',*,*,#4803,.F.);
#6488=ORIENTED_EDGE('',*,*,#4806,.T.);
#6489=ORIENTED_EDGE('',*,*,#4807,.T.);
#6490=ORIENTED_EDGE('',*,*,#4806,.F.);
#6491=ORIENTED_EDGE('',*,*,#4802,.F.);
#6492=ORIENTED_EDGE('',*,*,#4808,.T.);
#6493=ORIENTED_EDGE('',*,*,#4809,.T.);
#6494=ORIENTED_EDGE('',*,*,#4808,.F.);
#6495=ORIENTED_EDGE('',*,*,#4801,.F.);
#6496=ORIENTED_EDGE('',*,*,#4810,.T.);
#6497=ORIENTED_EDGE('',*,*,#4811,.T.);
#6498=ORIENTED_EDGE('',*,*,#4810,.F.);
#6499=ORIENTED_EDGE('',*,*,#4800,.F.);
#6500=ORIENTED_EDGE('',*,*,#4805,.T.);
#6501=ORIENTED_EDGE('',*,*,#4812,.T.);
#6502=ORIENTED_EDGE('',*,*,#4813,.F.);
#6503=ORIENTED_EDGE('',*,*,#4751,.F.);
#6504=ORIENTED_EDGE('',*,*,#4814,.T.);
#6505=ORIENTED_EDGE('',*,*,#4815,.T.);
#6506=ORIENTED_EDGE('',*,*,#4816,.T.);
#6507=ORIENTED_EDGE('',*,*,#4814,.F.);
#6508=ORIENTED_EDGE('',*,*,#4750,.F.);
#6509=ORIENTED_EDGE('',*,*,#4747,.F.);
#6510=ORIENTED_EDGE('',*,*,#4736,.F.);
#6511=ORIENTED_EDGE('',*,*,#4742,.F.);
#6512=ORIENTED_EDGE('',*,*,#4817,.F.);
#6513=ORIENTED_EDGE('',*,*,#4818,.F.);
#6514=ORIENTED_EDGE('',*,*,#4819,.F.);
#6515=ORIENTED_EDGE('',*,*,#4820,.T.);
#6516=ORIENTED_EDGE('',*,*,#4740,.T.);
#6517=ORIENTED_EDGE('',*,*,#4734,.T.);
#6518=ORIENTED_EDGE('',*,*,#4745,.T.);
#6519=ORIENTED_EDGE('',*,*,#4752,.T.);
#6520=ORIENTED_EDGE('',*,*,#4813,.T.);
#6521=ORIENTED_EDGE('',*,*,#4821,.T.);
#6522=ORIENTED_EDGE('',*,*,#4822,.T.);
#6523=ORIENTED_EDGE('',*,*,#4823,.T.);
#6524=ORIENTED_EDGE('',*,*,#4824,.F.);
#6525=ORIENTED_EDGE('',*,*,#4770,.T.);
#6526=ORIENTED_EDGE('',*,*,#4825,.T.);
#6527=ORIENTED_EDGE('',*,*,#4826,.F.);
#6528=ORIENTED_EDGE('',*,*,#4827,.F.);
#6529=ORIENTED_EDGE('',*,*,#4757,.F.);
#6530=ORIENTED_EDGE('',*,*,#4763,.F.);
#6531=ORIENTED_EDGE('',*,*,#4774,.F.);
#6532=ORIENTED_EDGE('',*,*,#4771,.F.);
#6533=ORIENTED_EDGE('',*,*,#4824,.T.);
#6534=ORIENTED_EDGE('',*,*,#4828,.T.);
#6535=ORIENTED_EDGE('',*,*,#4829,.T.);
#6536=ORIENTED_EDGE('',*,*,#4830,.T.);
#6537=ORIENTED_EDGE('',*,*,#4831,.T.);
#6538=ORIENTED_EDGE('',*,*,#4825,.F.);
#6539=ORIENTED_EDGE('',*,*,#4769,.T.);
#6540=ORIENTED_EDGE('',*,*,#4764,.T.);
#6541=ORIENTED_EDGE('',*,*,#4759,.T.);
#6542=ORIENTED_EDGE('',*,*,#4755,.T.);
#6543=ORIENTED_EDGE('',*,*,#4832,.T.);
#6544=ORIENTED_EDGE('',*,*,#4833,.F.);
#6545=ORIENTED_EDGE('',*,*,#4829,.F.);
#6546=ORIENTED_EDGE('',*,*,#4834,.F.);
#6547=ORIENTED_EDGE('',*,*,#4835,.T.);
#6548=ORIENTED_EDGE('',*,*,#4836,.F.);
#6549=ORIENTED_EDGE('',*,*,#4815,.F.);
#6550=ORIENTED_EDGE('',*,*,#4837,.F.);
#6551=ORIENTED_EDGE('',*,*,#4838,.T.);
#6552=ORIENTED_EDGE('',*,*,#4839,.F.);
#6553=ORIENTED_EDGE('',*,*,#4835,.F.);
#6554=ORIENTED_EDGE('',*,*,#4840,.F.);
#6555=ORIENTED_EDGE('',*,*,#4838,.F.);
#6556=ORIENTED_EDGE('',*,*,#4841,.F.);
#6557=ORIENTED_EDGE('',*,*,#4842,.F.);
#6558=ORIENTED_EDGE('',*,*,#4826,.T.);
#6559=ORIENTED_EDGE('',*,*,#4836,.T.);
#6560=ORIENTED_EDGE('',*,*,#4843,.F.);
#6561=ORIENTED_EDGE('',*,*,#4843,.T.);
#6562=ORIENTED_EDGE('',*,*,#4841,.T.);
#6563=ORIENTED_EDGE('',*,*,#4844,.F.);
#6564=ORIENTED_EDGE('',*,*,#4845,.F.);
#6565=ORIENTED_EDGE('',*,*,#4837,.T.);
#6566=ORIENTED_EDGE('',*,*,#4818,.T.);
#6567=ORIENTED_EDGE('',*,*,#4846,.F.);
#6568=ORIENTED_EDGE('',*,*,#4844,.T.);
#6569=ORIENTED_EDGE('',*,*,#4847,.T.);
#6570=ORIENTED_EDGE('',*,*,#4848,.F.);
#6571=ORIENTED_EDGE('',*,*,#4849,.F.);
#6572=ORIENTED_EDGE('',*,*,#4850,.T.);
#6573=ORIENTED_EDGE('',*,*,#4851,.T.);
#6574=ORIENTED_EDGE('',*,*,#4850,.F.);
#6575=ORIENTED_EDGE('',*,*,#4852,.F.);
#6576=ORIENTED_EDGE('',*,*,#4853,.T.);
#6577=ORIENTED_EDGE('',*,*,#4854,.T.);
#6578=ORIENTED_EDGE('',*,*,#4853,.F.);
#6579=ORIENTED_EDGE('',*,*,#4855,.F.);
#6580=ORIENTED_EDGE('',*,*,#4856,.T.);
#6581=ORIENTED_EDGE('',*,*,#4857,.T.);
#6582=ORIENTED_EDGE('',*,*,#4856,.F.);
#6583=ORIENTED_EDGE('',*,*,#4858,.F.);
#6584=ORIENTED_EDGE('',*,*,#4358,.T.);
#6585=ORIENTED_EDGE('',*,*,#4727,.F.);
#6586=ORIENTED_EDGE('',*,*,#4859,.F.);
#6587=ORIENTED_EDGE('',*,*,#4830,.F.);
#6588=ORIENTED_EDGE('',*,*,#4860,.F.);
#6589=ORIENTED_EDGE('',*,*,#4732,.F.);
#6590=ORIENTED_EDGE('',*,*,#4861,.F.);
#6591=ORIENTED_EDGE('',*,*,#4822,.F.);
#6592=ORIENTED_EDGE('',*,*,#4862,.F.);
#6593=ORIENTED_EDGE('',*,*,#4863,.F.);
#6594=ORIENTED_EDGE('',*,*,#4728,.T.);
#6595=ORIENTED_EDGE('',*,*,#4860,.T.);
#6596=ORIENTED_EDGE('',*,*,#4833,.T.);
#6597=ORIENTED_EDGE('',*,*,#4861,.T.);
#6598=ORIENTED_EDGE('',*,*,#4731,.T.);
#6599=ORIENTED_EDGE('',*,*,#4864,.F.);
#6600=ORIENTED_EDGE('',*,*,#4819,.T.);
#6601=ORIENTED_EDGE('',*,*,#4780,.T.);
#6602=ORIENTED_EDGE('',*,*,#4865,.T.);
#6603=ORIENTED_EDGE('',*,*,#4786,.T.);
#6604=ORIENTED_EDGE('',*,*,#4866,.T.);
#6605=ORIENTED_EDGE('',*,*,#4865,.F.);
#6606=ORIENTED_EDGE('',*,*,#4783,.T.);
#6607=ORIENTED_EDGE('',*,*,#4867,.T.);
#6608=ORIENTED_EDGE('',*,*,#4787,.F.);
#6609=ORIENTED_EDGE('',*,*,#4868,.T.);
#6610=ORIENTED_EDGE('',*,*,#4781,.F.);
#6611=ORIENTED_EDGE('',*,*,#4866,.F.);
#6612=ORIENTED_EDGE('',*,*,#4785,.T.);
#6613=ORIENTED_EDGE('',*,*,#4869,.T.);
#6614=ORIENTED_EDGE('',*,*,#4776,.T.);
#6615=ORIENTED_EDGE('',*,*,#4870,.T.);
#6616=ORIENTED_EDGE('',*,*,#4617,.T.);
#6617=ORIENTED_EDGE('',*,*,#4871,.T.);
#6618=ORIENTED_EDGE('',*,*,#4777,.F.);
#6619=ORIENTED_EDGE('',*,*,#4869,.F.);
#6620=ORIENTED_EDGE('',*,*,#4620,.T.);
#6621=ORIENTED_EDGE('',*,*,#4870,.F.);
#6622=ORIENTED_EDGE('',*,*,#4779,.T.);
#6623=ORIENTED_EDGE('',*,*,#4872,.T.);
#6624=ORIENTED_EDGE('',*,*,#4618,.F.);
#6625=ORIENTED_EDGE('',*,*,#4873,.F.);
#6626=ORIENTED_EDGE('',*,*,#4847,.F.);
#6627=ORIENTED_EDGE('',*,*,#4851,.F.);
#6628=ORIENTED_EDGE('',*,*,#4854,.F.);
#6629=ORIENTED_EDGE('',*,*,#4857,.F.);
#6630=ORIENTED_EDGE('',*,*,#4357,.F.);
#6631=ORIENTED_EDGE('',*,*,#4365,.F.);
#6632=ORIENTED_EDGE('',*,*,#4361,.F.);
#6633=ORIENTED_EDGE('',*,*,#4594,.T.);
#6634=ORIENTED_EDGE('',*,*,#4604,.T.);
#6635=ORIENTED_EDGE('',*,*,#4601,.T.);
#6636=ORIENTED_EDGE('',*,*,#4598,.T.);
#6637=ORIENTED_EDGE('',*,*,#4249,.F.);
#6638=ORIENTED_EDGE('',*,*,#4621,.T.);
#6639=ORIENTED_EDGE('',*,*,#4255,.F.);
#6640=ORIENTED_EDGE('',*,*,#4622,.T.);
#6641=ORIENTED_EDGE('',*,*,#4239,.F.);
#6642=ORIENTED_EDGE('',*,*,#4623,.T.);
#6643=ORIENTED_EDGE('',*,*,#4245,.F.);
#6644=ORIENTED_EDGE('',*,*,#4624,.T.);
#6645=ORIENTED_EDGE('',*,*,#4229,.F.);
#6646=ORIENTED_EDGE('',*,*,#4625,.T.);
#6647=ORIENTED_EDGE('',*,*,#4235,.F.);
#6648=ORIENTED_EDGE('',*,*,#4626,.T.);
#6649=ORIENTED_EDGE('',*,*,#4219,.F.);
#6650=ORIENTED_EDGE('',*,*,#4627,.T.);
#6651=ORIENTED_EDGE('',*,*,#4225,.F.);
#6652=ORIENTED_EDGE('',*,*,#4628,.T.);
#6653=ORIENTED_EDGE('',*,*,#4209,.F.);
#6654=ORIENTED_EDGE('',*,*,#4629,.T.);
#6655=ORIENTED_EDGE('',*,*,#4215,.F.);
#6656=ORIENTED_EDGE('',*,*,#4630,.T.);
#6657=ORIENTED_EDGE('',*,*,#4199,.F.);
#6658=ORIENTED_EDGE('',*,*,#4631,.T.);
#6659=ORIENTED_EDGE('',*,*,#4205,.F.);
#6660=ORIENTED_EDGE('',*,*,#4632,.T.);
#6661=ORIENTED_EDGE('',*,*,#4612,.F.);
#6662=ORIENTED_EDGE('',*,*,#4633,.T.);
#6663=ORIENTED_EDGE('',*,*,#4613,.F.);
#6664=ORIENTED_EDGE('',*,*,#4606,.F.);
#6665=ORIENTED_EDGE('',*,*,#4170,.T.);
#6666=ORIENTED_EDGE('',*,*,#4161,.T.);
#6667=ORIENTED_EDGE('',*,*,#4164,.T.);
#6668=ORIENTED_EDGE('',*,*,#4168,.T.);
#6669=ORIENTED_EDGE('',*,*,#4156,.T.);
#6670=ORIENTED_EDGE('',*,*,#4147,.T.);
#6671=ORIENTED_EDGE('',*,*,#4150,.T.);
#6672=ORIENTED_EDGE('',*,*,#4154,.T.);
#6673=ORIENTED_EDGE('',*,*,#4142,.T.);
#6674=ORIENTED_EDGE('',*,*,#4133,.T.);
#6675=ORIENTED_EDGE('',*,*,#4136,.T.);
#6676=ORIENTED_EDGE('',*,*,#4140,.T.);
#6677=ORIENTED_EDGE('',*,*,#4128,.T.);
#6678=ORIENTED_EDGE('',*,*,#4119,.T.);
#6679=ORIENTED_EDGE('',*,*,#4122,.T.);
#6680=ORIENTED_EDGE('',*,*,#4126,.T.);
#6681=ORIENTED_EDGE('',*,*,#4198,.T.);
#6682=ORIENTED_EDGE('',*,*,#4189,.T.);
#6683=ORIENTED_EDGE('',*,*,#4192,.T.);
#6684=ORIENTED_EDGE('',*,*,#4196,.T.);
#6685=ORIENTED_EDGE('',*,*,#4058,.T.);
#6686=ORIENTED_EDGE('',*,*,#4049,.T.);
#6687=ORIENTED_EDGE('',*,*,#4052,.T.);
#6688=ORIENTED_EDGE('',*,*,#4056,.T.);
#6689=ORIENTED_EDGE('',*,*,#4044,.T.);
#6690=ORIENTED_EDGE('',*,*,#4035,.T.);
#6691=ORIENTED_EDGE('',*,*,#4038,.T.);
#6692=ORIENTED_EDGE('',*,*,#4042,.T.);
#6693=ORIENTED_EDGE('',*,*,#4015,.F.);
#6694=ORIENTED_EDGE('',*,*,#4012,.F.);
#6695=ORIENTED_EDGE('',*,*,#4009,.F.);
#6696=ORIENTED_EDGE('',*,*,#4005,.F.);
#6697=ORIENTED_EDGE('',*,*,#4029,.F.);
#6698=ORIENTED_EDGE('',*,*,#4026,.F.);
#6699=ORIENTED_EDGE('',*,*,#4023,.F.);
#6700=ORIENTED_EDGE('',*,*,#4019,.F.);
#6701=ORIENTED_EDGE('',*,*,#4183,.F.);
#6702=ORIENTED_EDGE('',*,*,#4180,.F.);
#6703=ORIENTED_EDGE('',*,*,#4177,.F.);
#6704=ORIENTED_EDGE('',*,*,#4173,.F.);
#6705=ORIENTED_EDGE('',*,*,#4071,.F.);
#6706=ORIENTED_EDGE('',*,*,#4068,.F.);
#6707=ORIENTED_EDGE('',*,*,#4065,.F.);
#6708=ORIENTED_EDGE('',*,*,#4061,.F.);
#6709=ORIENTED_EDGE('',*,*,#4085,.F.);
#6710=ORIENTED_EDGE('',*,*,#4082,.F.);
#6711=ORIENTED_EDGE('',*,*,#4079,.F.);
#6712=ORIENTED_EDGE('',*,*,#4075,.F.);
#6713=ORIENTED_EDGE('',*,*,#4099,.F.);
#6714=ORIENTED_EDGE('',*,*,#4096,.F.);
#6715=ORIENTED_EDGE('',*,*,#4093,.F.);
#6716=ORIENTED_EDGE('',*,*,#4089,.F.);
#6717=ORIENTED_EDGE('',*,*,#4113,.F.);
#6718=ORIENTED_EDGE('',*,*,#4110,.F.);
#6719=ORIENTED_EDGE('',*,*,#4107,.F.);
#6720=ORIENTED_EDGE('',*,*,#4103,.F.);
#6721=ORIENTED_EDGE('',*,*,#4586,.F.);
#6722=ORIENTED_EDGE('',*,*,#4582,.F.);
#6723=ORIENTED_EDGE('',*,*,#4592,.F.);
#6724=ORIENTED_EDGE('',*,*,#4589,.F.);
#6725=ORIENTED_EDGE('',*,*,#4871,.F.);
#6726=ORIENTED_EDGE('',*,*,#4619,.T.);
#6727=ORIENTED_EDGE('',*,*,#4872,.F.);
#6728=ORIENTED_EDGE('',*,*,#4778,.T.);
#6729=ORIENTED_EDGE('',*,*,#4809,.F.);
#6730=ORIENTED_EDGE('',*,*,#4811,.F.);
#6731=ORIENTED_EDGE('',*,*,#4804,.F.);
#6732=ORIENTED_EDGE('',*,*,#4807,.F.);
#6733=ORIENTED_EDGE('',*,*,#4874,.T.);
#6734=ORIENTED_EDGE('',*,*,#4875,.T.);
#6735=ORIENTED_EDGE('',*,*,#4876,.T.);
#6736=ORIENTED_EDGE('',*,*,#4877,.T.);
#6737=ORIENTED_EDGE('',*,*,#4878,.F.);
#6738=ORIENTED_EDGE('',*,*,#4879,.F.);
#6739=ORIENTED_EDGE('',*,*,#4880,.F.);
#6740=ORIENTED_EDGE('',*,*,#4881,.F.);
#6741=ORIENTED_EDGE('',*,*,#4782,.T.);
#6742=ORIENTED_EDGE('',*,*,#4868,.F.);
#6743=ORIENTED_EDGE('',*,*,#4784,.F.);
#6744=ORIENTED_EDGE('',*,*,#4867,.F.);
#6745=ORIENTED_EDGE('',*,*,#4799,.T.);
#6746=ORIENTED_EDGE('',*,*,#4792,.T.);
#6747=ORIENTED_EDGE('',*,*,#4795,.T.);
#6748=ORIENTED_EDGE('',*,*,#4797,.T.);
#6749=ORIENTED_EDGE('',*,*,#4882,.F.);
#6750=ORIENTED_EDGE('',*,*,#4767,.T.);
#6751=ORIENTED_EDGE('',*,*,#4883,.T.);
#6752=ORIENTED_EDGE('',*,*,#4874,.F.);
#6753=ORIENTED_EDGE('',*,*,#4766,.T.);
#6754=ORIENTED_EDGE('',*,*,#4768,.T.);
#6755=ORIENTED_EDGE('',*,*,#4882,.T.);
#6756=ORIENTED_EDGE('',*,*,#4877,.F.);
#6757=ORIENTED_EDGE('',*,*,#4884,.F.);
#6758=ORIENTED_EDGE('',*,*,#4885,.F.);
#6759=ORIENTED_EDGE('',*,*,#4761,.T.);
#6760=ORIENTED_EDGE('',*,*,#4884,.T.);
#6761=ORIENTED_EDGE('',*,*,#4876,.F.);
#6762=ORIENTED_EDGE('',*,*,#4883,.F.);
#6763=ORIENTED_EDGE('',*,*,#4773,.T.);
#6764=ORIENTED_EDGE('',*,*,#4775,.T.);
#6765=ORIENTED_EDGE('',*,*,#4885,.T.);
#6766=ORIENTED_EDGE('',*,*,#4875,.F.);
#6767=ORIENTED_EDGE('',*,*,#4738,.F.);
#6768=ORIENTED_EDGE('',*,*,#4886,.T.);
#6769=ORIENTED_EDGE('',*,*,#4881,.T.);
#6770=ORIENTED_EDGE('',*,*,#4887,.F.);
#6771=ORIENTED_EDGE('',*,*,#4753,.F.);
#6772=ORIENTED_EDGE('',*,*,#4743,.F.);
#6773=ORIENTED_EDGE('',*,*,#4887,.T.);
#6774=ORIENTED_EDGE('',*,*,#4880,.T.);
#6775=ORIENTED_EDGE('',*,*,#4888,.F.);
#6776=ORIENTED_EDGE('',*,*,#4754,.F.);
#6777=ORIENTED_EDGE('',*,*,#4888,.T.);
#6778=ORIENTED_EDGE('',*,*,#4879,.T.);
#6779=ORIENTED_EDGE('',*,*,#4889,.F.);
#6780=ORIENTED_EDGE('',*,*,#4749,.F.);
#6781=ORIENTED_EDGE('',*,*,#4889,.T.);
#6782=ORIENTED_EDGE('',*,*,#4878,.T.);
#6783=ORIENTED_EDGE('',*,*,#4886,.F.);
#6784=ORIENTED_EDGE('',*,*,#4746,.F.);
#6785=ORIENTED_EDGE('',*,*,#4729,.F.);
#6786=ORIENTED_EDGE('',*,*,#4863,.T.);
#6787=ORIENTED_EDGE('',*,*,#4832,.F.);
#6788=ORIENTED_EDGE('',*,*,#4758,.F.);
#6789=ORIENTED_EDGE('',*,*,#4827,.T.);
#6790=ORIENTED_EDGE('',*,*,#4842,.T.);
#6791=ORIENTED_EDGE('',*,*,#4845,.T.);
#6792=ORIENTED_EDGE('',*,*,#4846,.T.);
#6793=ORIENTED_EDGE('',*,*,#4817,.T.);
#6794=ORIENTED_EDGE('',*,*,#4741,.T.);
#6795=ORIENTED_EDGE('',*,*,#4820,.F.);
#6796=ORIENTED_EDGE('',*,*,#4864,.T.);
#6797=ORIENTED_EDGE('',*,*,#4730,.F.);
#6798=ORIENTED_EDGE('',*,*,#4680,.T.);
#6799=ORIENTED_EDGE('',*,*,#4572,.F.);
#6800=ORIENTED_EDGE('',*,*,#4259,.T.);
#6801=ORIENTED_EDGE('',*,*,#4559,.T.);
#6802=ORIENTED_EDGE('',*,*,#4688,.T.);
#6803=ORIENTED_EDGE('',*,*,#4546,.F.);
#6804=ORIENTED_EDGE('',*,*,#4263,.T.);
#6805=ORIENTED_EDGE('',*,*,#4527,.T.);
#6806=ORIENTED_EDGE('',*,*,#4694,.T.);
#6807=ORIENTED_EDGE('',*,*,#4514,.F.);
#6808=ORIENTED_EDGE('',*,*,#4267,.T.);
#6809=ORIENTED_EDGE('',*,*,#4495,.T.);
#6810=ORIENTED_EDGE('',*,*,#4700,.T.);
#6811=ORIENTED_EDGE('',*,*,#4482,.F.);
#6812=ORIENTED_EDGE('',*,*,#4271,.T.);
#6813=ORIENTED_EDGE('',*,*,#4463,.T.);
#6814=ORIENTED_EDGE('',*,*,#4644,.T.);
#6815=ORIENTED_EDGE('',*,*,#4450,.F.);
#6816=ORIENTED_EDGE('',*,*,#4275,.T.);
#6817=ORIENTED_EDGE('',*,*,#4431,.T.);
#6818=ORIENTED_EDGE('',*,*,#4718,.T.);
#6819=ORIENTED_EDGE('',*,*,#4418,.F.);
#6820=ORIENTED_EDGE('',*,*,#4279,.T.);
#6821=ORIENTED_EDGE('',*,*,#4399,.T.);
#6822=ORIENTED_EDGE('',*,*,#4724,.T.);
#6823=ORIENTED_EDGE('',*,*,#4386,.F.);
#6824=ORIENTED_EDGE('',*,*,#4283,.T.);
#6825=ORIENTED_EDGE('',*,*,#4368,.T.);
#6826=ORIENTED_EDGE('',*,*,#4313,.T.);
#6827=ORIENTED_EDGE('',*,*,#4385,.F.);
#6828=ORIENTED_EDGE('',*,*,#4713,.F.);
#6829=ORIENTED_EDGE('',*,*,#4374,.T.);
#6830=ORIENTED_EDGE('',*,*,#4309,.T.);
#6831=ORIENTED_EDGE('',*,*,#4417,.F.);
#6832=ORIENTED_EDGE('',*,*,#4707,.F.);
#6833=ORIENTED_EDGE('',*,*,#4406,.T.);
#6834=ORIENTED_EDGE('',*,*,#4305,.T.);
#6835=ORIENTED_EDGE('',*,*,#4449,.F.);
#6836=ORIENTED_EDGE('',*,*,#4639,.F.);
#6837=ORIENTED_EDGE('',*,*,#4438,.T.);
#6838=ORIENTED_EDGE('',*,*,#4301,.T.);
#6839=ORIENTED_EDGE('',*,*,#4481,.F.);
#6840=ORIENTED_EDGE('',*,*,#4673,.F.);
#6841=ORIENTED_EDGE('',*,*,#4470,.T.);
#6842=ORIENTED_EDGE('',*,*,#4297,.T.);
#6843=ORIENTED_EDGE('',*,*,#4513,.F.);
#6844=ORIENTED_EDGE('',*,*,#4667,.F.);
#6845=ORIENTED_EDGE('',*,*,#4502,.T.);
#6846=ORIENTED_EDGE('',*,*,#4293,.T.);
#6847=ORIENTED_EDGE('',*,*,#4545,.F.);
#6848=ORIENTED_EDGE('',*,*,#4661,.F.);
#6849=ORIENTED_EDGE('',*,*,#4534,.T.);
#6850=ORIENTED_EDGE('',*,*,#4289,.T.);
#6851=ORIENTED_EDGE('',*,*,#4571,.F.);
#6852=ORIENTED_EDGE('',*,*,#4655,.F.);
#6853=ORIENTED_EDGE('',*,*,#4890,.T.);
#6854=ORIENTED_EDGE('',*,*,#4363,.T.);
#6855=ORIENTED_EDGE('',*,*,#4366,.T.);
#6856=ORIENTED_EDGE('',*,*,#4359,.T.);
#6857=ORIENTED_EDGE('',*,*,#4858,.T.);
#6858=ORIENTED_EDGE('',*,*,#4855,.T.);
#6859=ORIENTED_EDGE('',*,*,#4852,.T.);
#6860=ORIENTED_EDGE('',*,*,#4849,.T.);
#6861=ORIENTED_EDGE('',*,*,#4733,.F.);
#6862=ORIENTED_EDGE('',*,*,#4862,.T.);
#6863=ORIENTED_EDGE('',*,*,#4821,.F.);
#6864=ORIENTED_EDGE('',*,*,#4812,.F.);
#6865=ORIENTED_EDGE('',*,*,#4816,.F.);
#6866=ORIENTED_EDGE('',*,*,#4839,.T.);
#6867=ORIENTED_EDGE('',*,*,#4840,.T.);
#6868=ORIENTED_EDGE('',*,*,#4834,.T.);
#6869=ORIENTED_EDGE('',*,*,#4828,.F.);
#6870=ORIENTED_EDGE('',*,*,#4823,.F.);
#6871=ORIENTED_EDGE('',*,*,#4831,.F.);
#6872=ORIENTED_EDGE('',*,*,#4859,.T.);
#6873=ORIENTED_EDGE('',*,*,#4726,.F.);
#6874=ORIENTED_EDGE('',*,*,#4562,.F.);
#6875=ORIENTED_EDGE('',*,*,#4566,.F.);
#6876=ORIENTED_EDGE('',*,*,#4338,.T.);
#6877=ORIENTED_EDGE('',*,*,#4539,.F.);
#6878=ORIENTED_EDGE('',*,*,#4530,.F.);
#6879=ORIENTED_EDGE('',*,*,#4540,.F.);
#6880=ORIENTED_EDGE('',*,*,#4341,.T.);
#6881=ORIENTED_EDGE('',*,*,#4507,.F.);
#6882=ORIENTED_EDGE('',*,*,#4498,.F.);
#6883=ORIENTED_EDGE('',*,*,#4508,.F.);
#6884=ORIENTED_EDGE('',*,*,#4344,.T.);
#6885=ORIENTED_EDGE('',*,*,#4475,.F.);
#6886=ORIENTED_EDGE('',*,*,#4466,.F.);
#6887=ORIENTED_EDGE('',*,*,#4476,.F.);
#6888=ORIENTED_EDGE('',*,*,#4347,.T.);
#6889=ORIENTED_EDGE('',*,*,#4443,.F.);
#6890=ORIENTED_EDGE('',*,*,#4434,.F.);
#6891=ORIENTED_EDGE('',*,*,#4444,.F.);
#6892=ORIENTED_EDGE('',*,*,#4350,.T.);
#6893=ORIENTED_EDGE('',*,*,#4411,.F.);
#6894=ORIENTED_EDGE('',*,*,#4402,.F.);
#6895=ORIENTED_EDGE('',*,*,#4412,.F.);
#6896=ORIENTED_EDGE('',*,*,#4353,.T.);
#6897=ORIENTED_EDGE('',*,*,#4379,.F.);
#6898=ORIENTED_EDGE('',*,*,#4370,.F.);
#6899=ORIENTED_EDGE('',*,*,#4380,.F.);
#6900=ORIENTED_EDGE('',*,*,#4356,.T.);
#6901=ORIENTED_EDGE('',*,*,#4369,.T.);
#6902=ORIENTED_EDGE('',*,*,#4334,.T.);
#6903=ORIENTED_EDGE('',*,*,#4392,.F.);
#6904=ORIENTED_EDGE('',*,*,#4400,.F.);
#6905=ORIENTED_EDGE('',*,*,#4393,.F.);
#6906=ORIENTED_EDGE('',*,*,#4331,.T.);
#6907=ORIENTED_EDGE('',*,*,#4424,.F.);
#6908=ORIENTED_EDGE('',*,*,#4432,.F.);
#6909=ORIENTED_EDGE('',*,*,#4425,.F.);
#6910=ORIENTED_EDGE('',*,*,#4328,.T.);
#6911=ORIENTED_EDGE('',*,*,#4456,.F.);
#6912=ORIENTED_EDGE('',*,*,#4464,.F.);
#6913=ORIENTED_EDGE('',*,*,#4457,.F.);
#6914=ORIENTED_EDGE('',*,*,#4325,.T.);
#6915=ORIENTED_EDGE('',*,*,#4488,.F.);
#6916=ORIENTED_EDGE('',*,*,#4496,.F.);
#6917=ORIENTED_EDGE('',*,*,#4489,.F.);
#6918=ORIENTED_EDGE('',*,*,#4322,.T.);
#6919=ORIENTED_EDGE('',*,*,#4520,.F.);
#6920=ORIENTED_EDGE('',*,*,#4528,.F.);
#6921=ORIENTED_EDGE('',*,*,#4521,.F.);
#6922=ORIENTED_EDGE('',*,*,#4319,.T.);
#6923=ORIENTED_EDGE('',*,*,#4552,.F.);
#6924=ORIENTED_EDGE('',*,*,#4560,.F.);
#6925=ORIENTED_EDGE('',*,*,#4553,.F.);
#6926=ORIENTED_EDGE('',*,*,#4316,.T.);
#6927=ORIENTED_EDGE('',*,*,#4578,.F.);
#6928=ORIENTED_EDGE('',*,*,#4579,.F.);
#6929=ORIENTED_EDGE('',*,*,#4890,.F.);
#6930=ORIENTED_EDGE('',*,*,#4848,.T.);
#6931=ORIENTED_EDGE('',*,*,#4873,.T.);
#6932=ORIENTED_EDGE('',*,*,#4364,.F.);
#6933=ORIENTED_EDGE('',*,*,#4891,.T.);
#6934=ORIENTED_EDGE('',*,*,#4892,.T.);
#6935=ORIENTED_EDGE('',*,*,#4893,.T.);
#6936=ORIENTED_EDGE('',*,*,#4894,.F.);
#6937=ORIENTED_EDGE('',*,*,#4895,.F.);
#6938=ORIENTED_EDGE('',*,*,#4896,.F.);
#6939=ORIENTED_EDGE('',*,*,#4897,.F.);
#6940=ORIENTED_EDGE('',*,*,#4898,.T.);
#6941=ORIENTED_EDGE('',*,*,#4899,.T.);
#6942=ORIENTED_EDGE('',*,*,#4900,.T.);
#6943=ORIENTED_EDGE('',*,*,#4901,.T.);
#6944=ORIENTED_EDGE('',*,*,#4902,.T.);
#6945=ORIENTED_EDGE('',*,*,#4903,.F.);
#6946=ORIENTED_EDGE('',*,*,#4904,.F.);
#6947=ORIENTED_EDGE('',*,*,#4905,.F.);
#6948=ORIENTED_EDGE('',*,*,#4906,.T.);
#6949=ORIENTED_EDGE('',*,*,#4907,.T.);
#6950=ORIENTED_EDGE('',*,*,#4908,.T.);
#6951=ORIENTED_EDGE('',*,*,#4909,.T.);
#6952=ORIENTED_EDGE('',*,*,#4910,.T.);
#6953=ORIENTED_EDGE('',*,*,#4911,.F.);
#6954=ORIENTED_EDGE('',*,*,#4912,.T.);
#6955=ORIENTED_EDGE('',*,*,#4913,.T.);
#6956=ORIENTED_EDGE('',*,*,#4914,.T.);
#6957=ORIENTED_EDGE('',*,*,#4915,.T.);
#6958=ORIENTED_EDGE('',*,*,#4916,.T.);
#6959=ORIENTED_EDGE('',*,*,#4917,.T.);
#6960=ORIENTED_EDGE('',*,*,#4918,.T.);
#6961=ORIENTED_EDGE('',*,*,#4919,.T.);
#6962=ORIENTED_EDGE('',*,*,#4920,.T.);
#6963=ORIENTED_EDGE('',*,*,#4921,.F.);
#6964=ORIENTED_EDGE('',*,*,#4922,.T.);
#6965=ORIENTED_EDGE('',*,*,#4923,.F.);
#6966=ORIENTED_EDGE('',*,*,#4924,.F.);
#6967=ORIENTED_EDGE('',*,*,#4925,.F.);
#6968=ORIENTED_EDGE('',*,*,#4926,.F.);
#6969=ORIENTED_EDGE('',*,*,#4927,.F.);
#6970=ORIENTED_EDGE('',*,*,#4928,.T.);
#6971=ORIENTED_EDGE('',*,*,#4929,.F.);
#6972=ORIENTED_EDGE('',*,*,#4930,.F.);
#6973=ORIENTED_EDGE('',*,*,#4931,.F.);
#6974=ORIENTED_EDGE('',*,*,#4932,.F.);
#6975=ORIENTED_EDGE('',*,*,#4906,.F.);
#6976=ORIENTED_EDGE('',*,*,#4933,.F.);
#6977=ORIENTED_EDGE('',*,*,#4934,.T.);
#6978=ORIENTED_EDGE('',*,*,#4935,.T.);
#6979=ORIENTED_EDGE('',*,*,#4936,.F.);
#6980=ORIENTED_EDGE('',*,*,#4908,.F.);
#6981=ORIENTED_EDGE('',*,*,#4937,.F.);
#6982=ORIENTED_EDGE('',*,*,#4938,.F.);
#6983=ORIENTED_EDGE('',*,*,#4939,.F.);
#6984=ORIENTED_EDGE('',*,*,#4940,.T.);
#6985=ORIENTED_EDGE('',*,*,#4941,.F.);
#6986=ORIENTED_EDGE('',*,*,#4942,.F.);
#6987=ORIENTED_EDGE('',*,*,#4943,.T.);
#6988=ORIENTED_EDGE('',*,*,#4935,.F.);
#6989=ORIENTED_EDGE('',*,*,#4944,.T.);
#6990=ORIENTED_EDGE('',*,*,#4937,.T.);
#6991=ORIENTED_EDGE('',*,*,#4945,.T.);
#6992=ORIENTED_EDGE('',*,*,#4946,.F.);
#6993=ORIENTED_EDGE('',*,*,#4898,.F.);
#6994=ORIENTED_EDGE('',*,*,#4942,.T.);
#6995=ORIENTED_EDGE('',*,*,#4947,.F.);
#6996=ORIENTED_EDGE('',*,*,#4948,.F.);
#6997=ORIENTED_EDGE('',*,*,#4940,.F.);
#6998=ORIENTED_EDGE('',*,*,#4900,.F.);
#6999=ORIENTED_EDGE('',*,*,#4949,.F.);
#7000=ORIENTED_EDGE('',*,*,#4933,.T.);
#7001=ORIENTED_EDGE('',*,*,#4950,.F.);
#7002=ORIENTED_EDGE('',*,*,#4936,.T.);
#7003=ORIENTED_EDGE('',*,*,#4951,.F.);
#7004=ORIENTED_EDGE('',*,*,#4947,.T.);
#7005=ORIENTED_EDGE('',*,*,#4952,.F.);
#7006=ORIENTED_EDGE('',*,*,#4946,.T.);
#7007=ORIENTED_EDGE('',*,*,#4913,.F.);
#7008=ORIENTED_EDGE('',*,*,#4953,.F.);
#7009=ORIENTED_EDGE('',*,*,#4954,.T.);
#7010=ORIENTED_EDGE('',*,*,#4955,.T.);
#7011=ORIENTED_EDGE('',*,*,#4914,.F.);
#7012=ORIENTED_EDGE('',*,*,#4955,.F.);
#7013=ORIENTED_EDGE('',*,*,#4956,.T.);
#7014=ORIENTED_EDGE('',*,*,#4957,.T.);
#7015=ORIENTED_EDGE('',*,*,#4915,.F.);
#7016=ORIENTED_EDGE('',*,*,#4957,.F.);
#7017=ORIENTED_EDGE('',*,*,#4958,.T.);
#7018=ORIENTED_EDGE('',*,*,#4959,.T.);
#7019=ORIENTED_EDGE('',*,*,#4916,.F.);
#7020=ORIENTED_EDGE('',*,*,#4959,.F.);
#7021=ORIENTED_EDGE('',*,*,#4960,.T.);
#7022=ORIENTED_EDGE('',*,*,#4961,.T.);
#7023=ORIENTED_EDGE('',*,*,#4917,.F.);
#7024=ORIENTED_EDGE('',*,*,#4961,.F.);
#7025=ORIENTED_EDGE('',*,*,#4962,.T.);
#7026=ORIENTED_EDGE('',*,*,#4963,.T.);
#7027=ORIENTED_EDGE('',*,*,#4918,.F.);
#7028=ORIENTED_EDGE('',*,*,#4963,.F.);
#7029=ORIENTED_EDGE('',*,*,#4964,.T.);
#7030=ORIENTED_EDGE('',*,*,#4965,.T.);
#7031=ORIENTED_EDGE('',*,*,#4919,.F.);
#7032=ORIENTED_EDGE('',*,*,#4965,.F.);
#7033=ORIENTED_EDGE('',*,*,#4966,.T.);
#7034=ORIENTED_EDGE('',*,*,#4967,.T.);
#7035=ORIENTED_EDGE('',*,*,#4920,.F.);
#7036=ORIENTED_EDGE('',*,*,#4967,.F.);
#7037=ORIENTED_EDGE('',*,*,#4968,.T.);
#7038=ORIENTED_EDGE('',*,*,#4969,.F.);
#7039=ORIENTED_EDGE('',*,*,#4912,.F.);
#7040=ORIENTED_EDGE('',*,*,#4970,.T.);
#7041=ORIENTED_EDGE('',*,*,#4971,.T.);
#7042=ORIENTED_EDGE('',*,*,#4953,.T.);
#7043=ORIENTED_EDGE('',*,*,#4971,.F.);
#7044=ORIENTED_EDGE('',*,*,#4972,.T.);
#7045=ORIENTED_EDGE('',*,*,#4968,.F.);
#7046=ORIENTED_EDGE('',*,*,#4966,.F.);
#7047=ORIENTED_EDGE('',*,*,#4964,.F.);
#7048=ORIENTED_EDGE('',*,*,#4962,.F.);
#7049=ORIENTED_EDGE('',*,*,#4960,.F.);
#7050=ORIENTED_EDGE('',*,*,#4958,.F.);
#7051=ORIENTED_EDGE('',*,*,#4956,.F.);
#7052=ORIENTED_EDGE('',*,*,#4954,.F.);
#7053=ORIENTED_EDGE('',*,*,#4973,.T.);
#7054=ORIENTED_EDGE('',*,*,#4974,.F.);
#7055=ORIENTED_EDGE('',*,*,#4975,.F.);
#7056=ORIENTED_EDGE('',*,*,#4976,.F.);
#7057=ORIENTED_EDGE('',*,*,#4977,.T.);
#7058=ORIENTED_EDGE('',*,*,#4978,.F.);
#7059=ORIENTED_EDGE('',*,*,#4979,.F.);
#7060=ORIENTED_EDGE('',*,*,#4980,.F.);
#7061=ORIENTED_EDGE('',*,*,#4981,.F.);
#7062=ORIENTED_EDGE('',*,*,#4982,.T.);
#7063=ORIENTED_EDGE('',*,*,#4969,.T.);
#7064=ORIENTED_EDGE('',*,*,#4983,.F.);
#7065=ORIENTED_EDGE('',*,*,#4984,.F.);
#7066=ORIENTED_EDGE('',*,*,#4970,.F.);
#7067=ORIENTED_EDGE('',*,*,#4985,.T.);
#7068=ORIENTED_EDGE('',*,*,#4986,.T.);
#7069=ORIENTED_EDGE('',*,*,#4987,.T.);
#7070=ORIENTED_EDGE('',*,*,#4988,.F.);
#7071=ORIENTED_EDGE('',*,*,#4982,.F.);
#7072=ORIENTED_EDGE('',*,*,#4989,.F.);
#7073=ORIENTED_EDGE('',*,*,#4985,.F.);
#7074=ORIENTED_EDGE('',*,*,#4911,.T.);
#7075=ORIENTED_EDGE('',*,*,#4983,.T.);
#7076=ORIENTED_EDGE('',*,*,#4972,.F.);
#7077=ORIENTED_EDGE('',*,*,#4988,.T.);
#7078=ORIENTED_EDGE('',*,*,#4990,.T.);
#7079=ORIENTED_EDGE('',*,*,#4991,.F.);
#7080=ORIENTED_EDGE('',*,*,#4981,.T.);
#7081=ORIENTED_EDGE('',*,*,#4984,.T.);
#7082=ORIENTED_EDGE('',*,*,#4992,.T.);
#7083=ORIENTED_EDGE('',*,*,#4993,.T.);
#7084=ORIENTED_EDGE('',*,*,#4994,.T.);
#7085=ORIENTED_EDGE('',*,*,#4987,.F.);
#7086=ORIENTED_EDGE('',*,*,#4986,.F.);
#7087=ORIENTED_EDGE('',*,*,#4995,.F.);
#7088=ORIENTED_EDGE('',*,*,#4996,.F.);
#7089=ORIENTED_EDGE('',*,*,#4995,.T.);
#7090=ORIENTED_EDGE('',*,*,#4989,.T.);
#7091=ORIENTED_EDGE('',*,*,#4991,.T.);
#7092=ORIENTED_EDGE('',*,*,#4997,.T.);
#7093=ORIENTED_EDGE('',*,*,#4990,.F.);
#7094=ORIENTED_EDGE('',*,*,#4994,.F.);
#7095=ORIENTED_EDGE('',*,*,#4998,.F.);
#7096=ORIENTED_EDGE('',*,*,#4992,.F.);
#7097=ORIENTED_EDGE('',*,*,#4999,.T.);
#7098=ORIENTED_EDGE('',*,*,#5000,.T.);
#7099=ORIENTED_EDGE('',*,*,#4993,.F.);
#7100=ORIENTED_EDGE('',*,*,#5001,.F.);
#7101=ORIENTED_EDGE('',*,*,#5002,.T.);
#7102=ORIENTED_EDGE('',*,*,#5003,.F.);
#7103=ORIENTED_EDGE('',*,*,#5004,.F.);
#7104=ORIENTED_EDGE('',*,*,#4996,.T.);
#7105=ORIENTED_EDGE('',*,*,#4997,.F.);
#7106=ORIENTED_EDGE('',*,*,#5000,.F.);
#7107=ORIENTED_EDGE('',*,*,#5005,.T.);
#7108=ORIENTED_EDGE('',*,*,#5002,.F.);
#7109=ORIENTED_EDGE('',*,*,#4998,.T.);
#7110=ORIENTED_EDGE('',*,*,#5004,.T.);
#7111=ORIENTED_EDGE('',*,*,#5006,.T.);
#7112=ORIENTED_EDGE('',*,*,#5001,.T.);
#7113=ORIENTED_EDGE('',*,*,#5007,.F.);
#7114=ORIENTED_EDGE('',*,*,#4902,.F.);
#7115=ORIENTED_EDGE('',*,*,#5008,.F.);
#7116=ORIENTED_EDGE('',*,*,#5006,.F.);
#7117=ORIENTED_EDGE('',*,*,#5009,.F.);
#7118=ORIENTED_EDGE('',*,*,#4910,.F.);
#7119=ORIENTED_EDGE('',*,*,#5007,.T.);
#7120=ORIENTED_EDGE('',*,*,#5010,.T.);
#7121=ORIENTED_EDGE('',*,*,#5011,.T.);
#7122=ORIENTED_EDGE('',*,*,#5012,.F.);
#7123=ORIENTED_EDGE('',*,*,#4896,.T.);
#7124=ORIENTED_EDGE('',*,*,#5011,.F.);
#7125=ORIENTED_EDGE('',*,*,#4904,.T.);
#7126=ORIENTED_EDGE('',*,*,#5013,.T.);
#7127=ORIENTED_EDGE('',*,*,#5005,.F.);
#7128=ORIENTED_EDGE('',*,*,#5014,.T.);
#7129=ORIENTED_EDGE('',*,*,#5015,.F.);
#7130=ORIENTED_EDGE('',*,*,#5009,.T.);
#7131=ORIENTED_EDGE('',*,*,#5003,.T.);
#7132=ORIENTED_EDGE('',*,*,#5013,.F.);
#7133=ORIENTED_EDGE('',*,*,#5016,.T.);
#7134=ORIENTED_EDGE('',*,*,#5014,.F.);
#7135=ORIENTED_EDGE('',*,*,#4999,.F.);
#7136=ORIENTED_EDGE('',*,*,#5008,.T.);
#7137=ORIENTED_EDGE('',*,*,#4950,.T.);
#7138=ORIENTED_EDGE('',*,*,#4905,.T.);
#7139=ORIENTED_EDGE('',*,*,#5010,.F.);
#7140=ORIENTED_EDGE('',*,*,#4909,.F.);
#7141=ORIENTED_EDGE('',*,*,#5015,.T.);
#7142=ORIENTED_EDGE('',*,*,#4903,.T.);
#7143=ORIENTED_EDGE('',*,*,#4943,.F.);
#7144=ORIENTED_EDGE('',*,*,#4907,.F.);
#7145=ORIENTED_EDGE('',*,*,#5012,.T.);
#7146=ORIENTED_EDGE('',*,*,#4895,.T.);
#7147=ORIENTED_EDGE('',*,*,#4952,.T.);
#7148=ORIENTED_EDGE('',*,*,#4899,.F.);
#7149=ORIENTED_EDGE('',*,*,#4939,.T.);
#7150=ORIENTED_EDGE('',*,*,#4897,.T.);
#7151=ORIENTED_EDGE('',*,*,#5016,.F.);
#7152=ORIENTED_EDGE('',*,*,#4901,.F.);
#7153=ORIENTED_EDGE('',*,*,#5017,.T.);
#7154=ORIENTED_EDGE('',*,*,#5018,.T.);
#7155=ORIENTED_EDGE('',*,*,#4949,.T.);
#7156=ORIENTED_EDGE('',*,*,#5019,.F.);
#7157=ORIENTED_EDGE('',*,*,#4944,.F.);
#7158=ORIENTED_EDGE('',*,*,#5020,.T.);
#7159=ORIENTED_EDGE('',*,*,#5021,.F.);
#7160=ORIENTED_EDGE('',*,*,#5022,.F.);
#7161=ORIENTED_EDGE('',*,*,#5022,.T.);
#7162=ORIENTED_EDGE('',*,*,#5023,.T.);
#7163=ORIENTED_EDGE('',*,*,#5019,.T.);
#7164=ORIENTED_EDGE('',*,*,#4938,.T.);
#7165=ORIENTED_EDGE('',*,*,#5020,.F.);
#7166=ORIENTED_EDGE('',*,*,#4934,.F.);
#7167=ORIENTED_EDGE('',*,*,#5018,.F.);
#7168=ORIENTED_EDGE('',*,*,#5024,.T.);
#7169=ORIENTED_EDGE('',*,*,#4951,.T.);
#7170=ORIENTED_EDGE('',*,*,#5025,.T.);
#7171=ORIENTED_EDGE('',*,*,#5026,.T.);
#7172=ORIENTED_EDGE('',*,*,#5027,.F.);
#7173=ORIENTED_EDGE('',*,*,#5028,.T.);
#7174=ORIENTED_EDGE('',*,*,#5029,.T.);
#7175=ORIENTED_EDGE('',*,*,#4941,.T.);
#7176=ORIENTED_EDGE('',*,*,#5030,.F.);
#7177=ORIENTED_EDGE('',*,*,#5030,.T.);
#7178=ORIENTED_EDGE('',*,*,#4948,.T.);
#7179=ORIENTED_EDGE('',*,*,#5027,.T.);
#7180=ORIENTED_EDGE('',*,*,#5031,.T.);
#7181=ORIENTED_EDGE('',*,*,#5029,.F.);
#7182=ORIENTED_EDGE('',*,*,#5032,.T.);
#7183=ORIENTED_EDGE('',*,*,#5025,.F.);
#7184=ORIENTED_EDGE('',*,*,#4945,.F.);
#7185=ORIENTED_EDGE('',*,*,#5033,.F.);
#7186=ORIENTED_EDGE('',*,*,#5023,.F.);
#7187=ORIENTED_EDGE('',*,*,#5034,.F.);
#7188=ORIENTED_EDGE('',*,*,#5035,.F.);
#7189=ORIENTED_EDGE('',*,*,#5036,.F.);
#7190=ORIENTED_EDGE('',*,*,#5034,.T.);
#7191=ORIENTED_EDGE('',*,*,#5021,.T.);
#7192=ORIENTED_EDGE('',*,*,#5037,.F.);
#7193=ORIENTED_EDGE('',*,*,#5024,.F.);
#7194=ORIENTED_EDGE('',*,*,#5038,.F.);
#7195=ORIENTED_EDGE('',*,*,#5039,.T.);
#7196=ORIENTED_EDGE('',*,*,#5037,.T.);
#7197=ORIENTED_EDGE('',*,*,#5040,.F.);
#7198=ORIENTED_EDGE('',*,*,#5038,.T.);
#7199=ORIENTED_EDGE('',*,*,#5017,.F.);
#7200=ORIENTED_EDGE('',*,*,#5033,.T.);
#7201=ORIENTED_EDGE('',*,*,#5041,.F.);
#7202=ORIENTED_EDGE('',*,*,#5042,.F.);
#7203=ORIENTED_EDGE('',*,*,#5043,.F.);
#7204=ORIENTED_EDGE('',*,*,#5031,.F.);
#7205=ORIENTED_EDGE('',*,*,#5044,.F.);
#7206=ORIENTED_EDGE('',*,*,#5041,.T.);
#7207=ORIENTED_EDGE('',*,*,#5026,.F.);
#7208=ORIENTED_EDGE('',*,*,#5045,.T.);
#7209=ORIENTED_EDGE('',*,*,#5046,.T.);
#7210=ORIENTED_EDGE('',*,*,#5045,.F.);
#7211=ORIENTED_EDGE('',*,*,#5032,.F.);
#7212=ORIENTED_EDGE('',*,*,#5047,.T.);
#7213=ORIENTED_EDGE('',*,*,#5048,.T.);
#7214=ORIENTED_EDGE('',*,*,#5047,.F.);
#7215=ORIENTED_EDGE('',*,*,#5028,.F.);
#7216=ORIENTED_EDGE('',*,*,#5043,.T.);
#7217=ORIENTED_EDGE('',*,*,#5044,.T.);
#7218=ORIENTED_EDGE('',*,*,#5049,.T.);
#7219=ORIENTED_EDGE('',*,*,#4892,.F.);
#7220=ORIENTED_EDGE('',*,*,#5050,.F.);
#7221=ORIENTED_EDGE('',*,*,#5051,.T.);
#7222=ORIENTED_EDGE('',*,*,#5052,.T.);
#7223=ORIENTED_EDGE('',*,*,#5048,.F.);
#7224=ORIENTED_EDGE('',*,*,#5053,.F.);
#7225=ORIENTED_EDGE('',*,*,#5053,.T.);
#7226=ORIENTED_EDGE('',*,*,#5042,.T.);
#7227=ORIENTED_EDGE('',*,*,#5050,.T.);
#7228=ORIENTED_EDGE('',*,*,#5054,.T.);
#7229=ORIENTED_EDGE('',*,*,#5052,.F.);
#7230=ORIENTED_EDGE('',*,*,#5055,.T.);
#7231=ORIENTED_EDGE('',*,*,#5049,.F.);
#7232=ORIENTED_EDGE('',*,*,#5046,.F.);
#7233=ORIENTED_EDGE('',*,*,#4894,.T.);
#7234=ORIENTED_EDGE('',*,*,#5056,.T.);
#7235=ORIENTED_EDGE('',*,*,#5040,.T.);
#7236=ORIENTED_EDGE('',*,*,#5057,.F.);
#7237=ORIENTED_EDGE('',*,*,#5036,.T.);
#7238=ORIENTED_EDGE('',*,*,#5058,.T.);
#7239=ORIENTED_EDGE('',*,*,#5059,.F.);
#7240=ORIENTED_EDGE('',*,*,#5060,.F.);
#7241=ORIENTED_EDGE('',*,*,#5060,.T.);
#7242=ORIENTED_EDGE('',*,*,#5061,.T.);
#7243=ORIENTED_EDGE('',*,*,#5057,.T.);
#7244=ORIENTED_EDGE('',*,*,#5035,.T.);
#7245=ORIENTED_EDGE('',*,*,#5058,.F.);
#7246=ORIENTED_EDGE('',*,*,#5039,.F.);
#7247=ORIENTED_EDGE('',*,*,#5056,.F.);
#7248=ORIENTED_EDGE('',*,*,#5062,.T.);
#7249=ORIENTED_EDGE('',*,*,#4891,.F.);
#7250=ORIENTED_EDGE('',*,*,#5061,.F.);
#7251=ORIENTED_EDGE('',*,*,#5063,.F.);
#7252=ORIENTED_EDGE('',*,*,#5064,.F.);
#7253=ORIENTED_EDGE('',*,*,#5065,.F.);
#7254=ORIENTED_EDGE('',*,*,#5054,.F.);
#7255=ORIENTED_EDGE('',*,*,#5059,.T.);
#7256=ORIENTED_EDGE('',*,*,#5066,.F.);
#7257=ORIENTED_EDGE('',*,*,#5067,.T.);
#7258=ORIENTED_EDGE('',*,*,#5063,.T.);
#7259=ORIENTED_EDGE('',*,*,#5062,.F.);
#7260=ORIENTED_EDGE('',*,*,#4893,.F.);
#7261=ORIENTED_EDGE('',*,*,#5055,.F.);
#7262=ORIENTED_EDGE('',*,*,#5068,.T.);
#7263=ORIENTED_EDGE('',*,*,#5069,.T.);
#7264=ORIENTED_EDGE('',*,*,#5066,.T.);
#7265=ORIENTED_EDGE('',*,*,#5051,.F.);
#7266=ORIENTED_EDGE('',*,*,#5065,.T.);
#7267=ORIENTED_EDGE('',*,*,#5070,.F.);
#7268=ORIENTED_EDGE('',*,*,#5068,.F.);
#7269=ORIENTED_EDGE('',*,*,#5071,.T.);
#7270=ORIENTED_EDGE('',*,*,#5072,.T.);
#7271=ORIENTED_EDGE('',*,*,#5070,.T.);
#7272=ORIENTED_EDGE('',*,*,#5073,.F.);
#7273=ORIENTED_EDGE('',*,*,#5074,.T.);
#7274=ORIENTED_EDGE('',*,*,#5075,.F.);
#7275=ORIENTED_EDGE('',*,*,#5076,.F.);
#7276=ORIENTED_EDGE('',*,*,#5067,.F.);
#7277=ORIENTED_EDGE('',*,*,#5064,.T.);
#7278=ORIENTED_EDGE('',*,*,#5076,.T.);
#7279=ORIENTED_EDGE('',*,*,#5077,.T.);
#7280=ORIENTED_EDGE('',*,*,#5073,.T.);
#7281=ORIENTED_EDGE('',*,*,#5069,.F.);
#7282=ORIENTED_EDGE('',*,*,#5072,.F.);
#7283=ORIENTED_EDGE('',*,*,#5078,.T.);
#7284=ORIENTED_EDGE('',*,*,#5074,.F.);
#7285=ORIENTED_EDGE('',*,*,#5079,.F.);
#7286=ORIENTED_EDGE('',*,*,#5080,.F.);
#7287=ORIENTED_EDGE('',*,*,#5081,.F.);
#7288=ORIENTED_EDGE('',*,*,#5082,.F.);
#7289=ORIENTED_EDGE('',*,*,#5083,.F.);
#7290=ORIENTED_EDGE('',*,*,#5084,.F.);
#7291=ORIENTED_EDGE('',*,*,#5085,.F.);
#7292=ORIENTED_EDGE('',*,*,#5086,.F.);
#7293=ORIENTED_EDGE('',*,*,#5087,.F.);
#7294=ORIENTED_EDGE('',*,*,#5086,.T.);
#7295=ORIENTED_EDGE('',*,*,#5088,.T.);
#7296=ORIENTED_EDGE('',*,*,#5080,.T.);
#7297=ORIENTED_EDGE('',*,*,#5088,.F.);
#7298=ORIENTED_EDGE('',*,*,#5085,.T.);
#7299=ORIENTED_EDGE('',*,*,#5089,.F.);
#7300=ORIENTED_EDGE('',*,*,#5077,.F.);
#7301=ORIENTED_EDGE('',*,*,#5090,.F.);
#7302=ORIENTED_EDGE('',*,*,#5081,.T.);
#7303=ORIENTED_EDGE('',*,*,#5091,.F.);
#7304=ORIENTED_EDGE('',*,*,#5082,.T.);
#7305=ORIENTED_EDGE('',*,*,#5090,.T.);
#7306=ORIENTED_EDGE('',*,*,#5075,.T.);
#7307=ORIENTED_EDGE('',*,*,#5092,.T.);
#7308=ORIENTED_EDGE('',*,*,#5083,.T.);
#7309=ORIENTED_EDGE('',*,*,#5087,.T.);
#7310=ORIENTED_EDGE('',*,*,#5079,.T.);
#7311=ORIENTED_EDGE('',*,*,#5091,.T.);
#7312=ORIENTED_EDGE('',*,*,#5078,.F.);
#7313=ORIENTED_EDGE('',*,*,#5089,.T.);
#7314=ORIENTED_EDGE('',*,*,#5084,.T.);
#7315=ORIENTED_EDGE('',*,*,#5092,.F.);
#7316=ORIENTED_EDGE('',*,*,#5071,.F.);
#7317=ORIENTED_EDGE('',*,*,#4977,.F.);
#7318=ORIENTED_EDGE('',*,*,#5093,.F.);
#7319=ORIENTED_EDGE('',*,*,#5094,.F.);
#7320=ORIENTED_EDGE('',*,*,#5095,.F.);
#7321=ORIENTED_EDGE('',*,*,#5096,.F.);
#7322=ORIENTED_EDGE('',*,*,#5097,.F.);
#7323=ORIENTED_EDGE('',*,*,#5098,.F.);
#7324=ORIENTED_EDGE('',*,*,#5099,.F.);
#7325=ORIENTED_EDGE('',*,*,#5100,.F.);
#7326=ORIENTED_EDGE('',*,*,#5101,.F.);
#7327=ORIENTED_EDGE('',*,*,#5102,.F.);
#7328=ORIENTED_EDGE('',*,*,#5103,.F.);
#7329=ORIENTED_EDGE('',*,*,#5104,.F.);
#7330=ORIENTED_EDGE('',*,*,#5105,.F.);
#7331=ORIENTED_EDGE('',*,*,#4973,.F.);
#7332=ORIENTED_EDGE('',*,*,#5106,.F.);
#7333=ORIENTED_EDGE('',*,*,#5107,.F.);
#7334=ORIENTED_EDGE('',*,*,#5108,.F.);
#7335=ORIENTED_EDGE('',*,*,#5109,.F.);
#7336=ORIENTED_EDGE('',*,*,#5110,.F.);
#7337=ORIENTED_EDGE('',*,*,#5105,.T.);
#7338=ORIENTED_EDGE('',*,*,#5111,.T.);
#7339=ORIENTED_EDGE('',*,*,#5112,.T.);
#7340=ORIENTED_EDGE('',*,*,#4974,.T.);
#7341=ORIENTED_EDGE('',*,*,#5112,.F.);
#7342=ORIENTED_EDGE('',*,*,#5107,.T.);
#7343=ORIENTED_EDGE('',*,*,#5113,.T.);
#7344=ORIENTED_EDGE('',*,*,#4975,.T.);
#7345=ORIENTED_EDGE('',*,*,#5111,.F.);
#7346=ORIENTED_EDGE('',*,*,#5104,.T.);
#7347=ORIENTED_EDGE('',*,*,#5114,.T.);
#7348=ORIENTED_EDGE('',*,*,#5108,.T.);
#7349=ORIENTED_EDGE('',*,*,#4976,.T.);
#7350=ORIENTED_EDGE('',*,*,#5113,.F.);
#7351=ORIENTED_EDGE('',*,*,#5115,.T.);
#7352=ORIENTED_EDGE('',*,*,#5093,.T.);
#7353=ORIENTED_EDGE('',*,*,#5116,.T.);
#7354=ORIENTED_EDGE('',*,*,#5117,.T.);
#7355=ORIENTED_EDGE('',*,*,#5114,.F.);
#7356=ORIENTED_EDGE('',*,*,#5115,.F.);
#7357=ORIENTED_EDGE('',*,*,#5110,.T.);
#7358=ORIENTED_EDGE('',*,*,#5118,.T.);
#7359=ORIENTED_EDGE('',*,*,#5094,.T.);
#7360=ORIENTED_EDGE('',*,*,#5117,.F.);
#7361=ORIENTED_EDGE('',*,*,#5119,.T.);
#7362=ORIENTED_EDGE('',*,*,#5120,.T.);
#7363=ORIENTED_EDGE('',*,*,#5109,.T.);
#7364=ORIENTED_EDGE('',*,*,#5116,.F.);
#7365=ORIENTED_EDGE('',*,*,#5103,.T.);
#7366=ORIENTED_EDGE('',*,*,#5121,.T.);
#7367=ORIENTED_EDGE('',*,*,#5122,.T.);
#7368=ORIENTED_EDGE('',*,*,#5120,.F.);
#7369=ORIENTED_EDGE('',*,*,#5123,.T.);
#7370=ORIENTED_EDGE('',*,*,#5118,.F.);
#7371=ORIENTED_EDGE('',*,*,#5124,.T.);
#7372=ORIENTED_EDGE('',*,*,#5125,.T.);
#7373=ORIENTED_EDGE('',*,*,#5121,.F.);
#7374=ORIENTED_EDGE('',*,*,#5123,.F.);
#7375=ORIENTED_EDGE('',*,*,#5126,.T.);
#7376=ORIENTED_EDGE('',*,*,#5127,.T.);
#7377=ORIENTED_EDGE('',*,*,#5095,.T.);
#7378=ORIENTED_EDGE('',*,*,#5125,.F.);
#7379=ORIENTED_EDGE('',*,*,#5099,.T.);
#7380=ORIENTED_EDGE('',*,*,#5128,.T.);
#7381=ORIENTED_EDGE('',*,*,#5129,.T.);
#7382=ORIENTED_EDGE('',*,*,#5124,.F.);
#7383=ORIENTED_EDGE('',*,*,#5102,.T.);
#7384=ORIENTED_EDGE('',*,*,#5130,.T.);
#7385=ORIENTED_EDGE('',*,*,#5100,.T.);
#7386=ORIENTED_EDGE('',*,*,#5128,.F.);
#7387=ORIENTED_EDGE('',*,*,#5131,.T.);
#7388=ORIENTED_EDGE('',*,*,#5127,.F.);
#7389=ORIENTED_EDGE('',*,*,#5106,.T.);
#7390=ORIENTED_EDGE('',*,*,#4980,.T.);
#7391=ORIENTED_EDGE('',*,*,#5132,.T.);
#7392=ORIENTED_EDGE('',*,*,#5130,.F.);
#7393=ORIENTED_EDGE('',*,*,#5131,.F.);
#7394=ORIENTED_EDGE('',*,*,#5098,.T.);
#7395=ORIENTED_EDGE('',*,*,#5133,.T.);
#7396=ORIENTED_EDGE('',*,*,#5096,.T.);
#7397=ORIENTED_EDGE('',*,*,#5132,.F.);
#7398=ORIENTED_EDGE('',*,*,#4979,.T.);
#7399=ORIENTED_EDGE('',*,*,#5134,.T.);
#7400=ORIENTED_EDGE('',*,*,#5101,.T.);
#7401=ORIENTED_EDGE('',*,*,#5097,.T.);
#7402=ORIENTED_EDGE('',*,*,#5133,.F.);
#7403=ORIENTED_EDGE('',*,*,#5134,.F.);
#7404=ORIENTED_EDGE('',*,*,#4978,.T.);
#7405=ORIENTED_EDGE('',*,*,#5126,.F.);
#7406=ORIENTED_EDGE('',*,*,#5119,.F.);
#7407=ORIENTED_EDGE('',*,*,#5122,.F.);
#7408=ORIENTED_EDGE('',*,*,#5129,.F.);
#7409=ORIENTED_EDGE('',*,*,#5135,.F.);
#7410=ORIENTED_EDGE('',*,*,#4927,.T.);
#7411=ORIENTED_EDGE('',*,*,#5136,.T.);
#7412=ORIENTED_EDGE('',*,*,#5136,.F.);
#7413=ORIENTED_EDGE('',*,*,#4926,.T.);
#7414=ORIENTED_EDGE('',*,*,#5137,.T.);
#7415=ORIENTED_EDGE('',*,*,#5138,.T.);
#7416=ORIENTED_EDGE('',*,*,#5139,.T.);
#7417=ORIENTED_EDGE('',*,*,#4923,.T.);
#7418=ORIENTED_EDGE('',*,*,#5140,.F.);
#7419=ORIENTED_EDGE('',*,*,#5137,.F.);
#7420=ORIENTED_EDGE('',*,*,#4925,.T.);
#7421=ORIENTED_EDGE('',*,*,#5141,.T.);
#7422=ORIENTED_EDGE('',*,*,#5142,.F.);
#7423=ORIENTED_EDGE('',*,*,#5143,.T.);
#7424=ORIENTED_EDGE('',*,*,#5144,.F.);
#7425=ORIENTED_EDGE('',*,*,#5138,.F.);
#7426=ORIENTED_EDGE('',*,*,#5145,.F.);
#7427=ORIENTED_EDGE('',*,*,#5141,.F.);
#7428=ORIENTED_EDGE('',*,*,#4924,.T.);
#7429=ORIENTED_EDGE('',*,*,#5139,.F.);
#7430=ORIENTED_EDGE('',*,*,#5146,.T.);
#7431=ORIENTED_EDGE('',*,*,#5147,.T.);
#7432=ORIENTED_EDGE('',*,*,#4930,.T.);
#7433=ORIENTED_EDGE('',*,*,#5148,.T.);
#7434=ORIENTED_EDGE('',*,*,#5143,.F.);
#7435=ORIENTED_EDGE('',*,*,#5149,.T.);
#7436=ORIENTED_EDGE('',*,*,#5150,.F.);
#7437=ORIENTED_EDGE('',*,*,#5146,.F.);
#7438=ORIENTED_EDGE('',*,*,#5151,.F.);
#7439=ORIENTED_EDGE('',*,*,#5152,.T.);
#7440=ORIENTED_EDGE('',*,*,#4931,.T.);
#7441=ORIENTED_EDGE('',*,*,#5147,.F.);
#7442=ORIENTED_EDGE('',*,*,#5153,.F.);
#7443=ORIENTED_EDGE('',*,*,#5148,.F.);
#7444=ORIENTED_EDGE('',*,*,#4929,.T.);
#7445=ORIENTED_EDGE('',*,*,#5154,.F.);
#7446=ORIENTED_EDGE('',*,*,#5155,.T.);
#7447=ORIENTED_EDGE('',*,*,#4932,.T.);
#7448=ORIENTED_EDGE('',*,*,#5152,.F.);
#7449=ORIENTED_EDGE('',*,*,#5149,.F.);
#7450=ORIENTED_EDGE('',*,*,#5156,.F.);
#7451=ORIENTED_EDGE('',*,*,#4921,.T.);
#7452=ORIENTED_EDGE('',*,*,#5155,.F.);
#7453=ORIENTED_EDGE('',*,*,#5145,.T.);
#7454=ORIENTED_EDGE('',*,*,#5142,.T.);
#7455=ORIENTED_EDGE('',*,*,#5150,.T.);
#7456=ORIENTED_EDGE('',*,*,#5153,.T.);
#7457=ORIENTED_EDGE('',*,*,#4922,.F.);
#7458=ORIENTED_EDGE('',*,*,#5156,.T.);
#7459=ORIENTED_EDGE('',*,*,#5151,.T.);
#7460=ORIENTED_EDGE('',*,*,#5140,.T.);
#7461=ORIENTED_EDGE('',*,*,#4928,.F.);
#7462=ORIENTED_EDGE('',*,*,#5135,.T.);
#7463=ORIENTED_EDGE('',*,*,#5144,.T.);
#7464=ORIENTED_EDGE('',*,*,#5154,.T.);
#7465=PLANE('',#8294);
#7466=PLANE('',#8295);
#7467=PLANE('',#8296);
#7468=PLANE('',#8297);
#7469=PLANE('',#8298);
#7470=PLANE('',#8299);
#7471=PLANE('',#8300);
#7472=PLANE('',#8301);
#7473=PLANE('',#8302);
#7474=PLANE('',#8303);
#7475=PLANE('',#8304);
#7476=PLANE('',#8305);
#7477=PLANE('',#8306);
#7478=PLANE('',#8307);
#7479=PLANE('',#8308);
#7480=PLANE('',#8309);
#7481=PLANE('',#8310);
#7482=PLANE('',#8311);
#7483=PLANE('',#8312);
#7484=PLANE('',#8313);
#7485=PLANE('',#8314);
#7486=PLANE('',#8315);
#7487=PLANE('',#8316);
#7488=PLANE('',#8317);
#7489=PLANE('',#8318);
#7490=PLANE('',#8319);
#7491=PLANE('',#8320);
#7492=PLANE('',#8321);
#7493=PLANE('',#8322);
#7494=PLANE('',#8323);
#7495=PLANE('',#8324);
#7496=PLANE('',#8325);
#7497=PLANE('',#8326);
#7498=PLANE('',#8327);
#7499=PLANE('',#8328);
#7500=PLANE('',#8329);
#7501=PLANE('',#8330);
#7502=PLANE('',#8331);
#7503=PLANE('',#8332);
#7504=PLANE('',#8333);
#7505=PLANE('',#8334);
#7506=PLANE('',#8335);
#7507=PLANE('',#8336);
#7508=PLANE('',#8337);
#7509=PLANE('',#8338);
#7510=PLANE('',#8339);
#7511=PLANE('',#8340);
#7512=PLANE('',#8341);
#7513=PLANE('',#8342);
#7514=PLANE('',#8343);
#7515=PLANE('',#8344);
#7516=PLANE('',#8345);
#7517=PLANE('',#8346);
#7518=PLANE('',#8347);
#7519=PLANE('',#8348);
#7520=PLANE('',#8349);
#7521=PLANE('',#8350);
#7522=PLANE('',#8351);
#7523=PLANE('',#8352);
#7524=PLANE('',#8353);
#7525=PLANE('',#8354);
#7526=PLANE('',#8355);
#7527=PLANE('',#8356);
#7528=PLANE('',#8357);
#7529=PLANE('',#8358);
#7530=PLANE('',#8359);
#7531=PLANE('',#8360);
#7532=PLANE('',#8361);
#7533=PLANE('',#8362);
#7534=PLANE('',#8363);
#7535=PLANE('',#8364);
#7536=PLANE('',#8365);
#7537=PLANE('',#8366);
#7538=PLANE('',#8367);
#7539=PLANE('',#8368);
#7540=PLANE('',#8369);
#7541=PLANE('',#8370);
#7542=PLANE('',#8371);
#7543=PLANE('',#8372);
#7544=PLANE('',#8373);
#7545=PLANE('',#8374);
#7546=PLANE('',#8375);
#7547=PLANE('',#8376);
#7548=PLANE('',#8377);
#7549=PLANE('',#8378);
#7550=PLANE('',#8379);
#7551=PLANE('',#8380);
#7552=PLANE('',#8381);
#7553=PLANE('',#8382);
#7554=PLANE('',#8383);
#7555=PLANE('',#8384);
#7556=PLANE('',#8385);
#7557=PLANE('',#8386);
#7558=PLANE('',#8387);
#7559=PLANE('',#8388);
#7560=PLANE('',#8389);
#7561=PLANE('',#8390);
#7562=PLANE('',#8391);
#7563=PLANE('',#8392);
#7564=PLANE('',#8393);
#7565=PLANE('',#8394);
#7566=PLANE('',#8395);
#7567=PLANE('',#8402);
#7568=PLANE('',#8403);
#7569=PLANE('',#8404);
#7570=PLANE('',#8405);
#7571=PLANE('',#8406);
#7572=PLANE('',#8407);
#7573=PLANE('',#8408);
#7574=PLANE('',#8409);
#7575=PLANE('',#8410);
#7576=PLANE('',#8411);
#7577=PLANE('',#8412);
#7578=PLANE('',#8413);
#7579=PLANE('',#8414);
#7580=PLANE('',#8415);
#7581=PLANE('',#8416);
#7582=PLANE('',#8417);
#7583=PLANE('',#8418);
#7584=PLANE('',#8419);
#7585=PLANE('',#8420);
#7586=PLANE('',#8421);
#7587=PLANE('',#8422);
#7588=PLANE('',#8423);
#7589=PLANE('',#8424);
#7590=PLANE('',#8425);
#7591=PLANE('',#8426);
#7592=PLANE('',#8427);
#7593=PLANE('',#8428);
#7594=PLANE('',#8429);
#7595=PLANE('',#8430);
#7596=PLANE('',#8431);
#7597=PLANE('',#8432);
#7598=PLANE('',#8433);
#7599=PLANE('',#8434);
#7600=PLANE('',#8435);
#7601=PLANE('',#8436);
#7602=PLANE('',#8437);
#7603=PLANE('',#8438);
#7604=PLANE('',#8439);
#7605=PLANE('',#8440);
#7606=PLANE('',#8441);
#7607=PLANE('',#8442);
#7608=PLANE('',#8443);
#7609=PLANE('',#8444);
#7610=PLANE('',#8445);
#7611=PLANE('',#8446);
#7612=PLANE('',#8447);
#7613=PLANE('',#8448);
#7614=PLANE('',#8449);
#7615=PLANE('',#8450);
#7616=PLANE('',#8451);
#7617=PLANE('',#8452);
#7618=PLANE('',#8453);
#7619=PLANE('',#8454);
#7620=PLANE('',#8455);
#7621=PLANE('',#8456);
#7622=PLANE('',#8457);
#7623=PLANE('',#8458);
#7624=PLANE('',#8459);
#7625=PLANE('',#8460);
#7626=PLANE('',#8461);
#7627=PLANE('',#8462);
#7628=PLANE('',#8463);
#7629=PLANE('',#8464);
#7630=PLANE('',#8465);
#7631=PLANE('',#8466);
#7632=PLANE('',#8467);
#7633=PLANE('',#8468);
#7634=PLANE('',#8469);
#7635=PLANE('',#8470);
#7636=PLANE('',#8471);
#7637=PLANE('',#8472);
#7638=PLANE('',#8473);
#7639=PLANE('',#8474);
#7640=PLANE('',#8475);
#7641=PLANE('',#8476);
#7642=PLANE('',#8477);
#7643=PLANE('',#8478);
#7644=PLANE('',#8479);
#7645=PLANE('',#8480);
#7646=PLANE('',#8481);
#7647=PLANE('',#8482);
#7648=PLANE('',#8483);
#7649=PLANE('',#8484);
#7650=PLANE('',#8485);
#7651=PLANE('',#8486);
#7652=PLANE('',#8487);
#7653=PLANE('',#8488);
#7654=PLANE('',#8489);
#7655=PLANE('',#8490);
#7656=PLANE('',#8491);
#7657=PLANE('',#8492);
#7658=PLANE('',#8493);
#7659=PLANE('',#8494);
#7660=PLANE('',#8495);
#7661=PLANE('',#8496);
#7662=PLANE('',#8497);
#7663=PLANE('',#8498);
#7664=PLANE('',#8499);
#7665=PLANE('',#8500);
#7666=PLANE('',#8501);
#7667=PLANE('',#8502);
#7668=PLANE('',#8503);
#7669=PLANE('',#8504);
#7670=PLANE('',#8505);
#7671=PLANE('',#8506);
#7672=PLANE('',#8507);
#7673=PLANE('',#8508);
#7674=PLANE('',#8509);
#7675=PLANE('',#8510);
#7676=PLANE('',#8511);
#7677=PLANE('',#8512);
#7678=PLANE('',#8513);
#7679=PLANE('',#8514);
#7680=PLANE('',#8515);
#7681=PLANE('',#8516);
#7682=PLANE('',#8517);
#7683=PLANE('',#8518);
#7684=PLANE('',#8519);
#7685=PLANE('',#8520);
#7686=PLANE('',#8521);
#7687=PLANE('',#8522);
#7688=PLANE('',#8523);
#7689=PLANE('',#8524);
#7690=PLANE('',#8525);
#7691=PLANE('',#8526);
#7692=PLANE('',#8527);
#7693=PLANE('',#8528);
#7694=PLANE('',#8529);
#7695=PLANE('',#8530);
#7696=PLANE('',#8531);
#7697=PLANE('',#8532);
#7698=PLANE('',#8533);
#7699=PLANE('',#8534);
#7700=PLANE('',#8535);
#7701=PLANE('',#8536);
#7702=PLANE('',#8537);
#7703=PLANE('',#8538);
#7704=PLANE('',#8539);
#7705=PLANE('',#8540);
#7706=PLANE('',#8541);
#7707=PLANE('',#8542);
#7708=PLANE('',#8543);
#7709=PLANE('',#8544);
#7710=PLANE('',#8545);
#7711=PLANE('',#8546);
#7712=PLANE('',#8547);
#7713=PLANE('',#8548);
#7714=PLANE('',#8549);
#7715=PLANE('',#8550);
#7716=PLANE('',#8551);
#7717=PLANE('',#8552);
#7718=PLANE('',#8553);
#7719=PLANE('',#8554);
#7720=PLANE('',#8555);
#7721=PLANE('',#8556);
#7722=PLANE('',#8557);
#7723=PLANE('',#8558);
#7724=PLANE('',#8559);
#7725=PLANE('',#8560);
#7726=PLANE('',#8561);
#7727=PLANE('',#8562);
#7728=PLANE('',#8563);
#7729=PLANE('',#8564);
#7730=PLANE('',#8565);
#7731=PLANE('',#8566);
#7732=PLANE('',#8567);
#7733=PLANE('',#8568);
#7734=PLANE('',#8569);
#7735=PLANE('',#8570);
#7736=PLANE('',#8571);
#7737=PLANE('',#8572);
#7738=PLANE('',#8573);
#7739=PLANE('',#8574);
#7740=PLANE('',#8575);
#7741=PLANE('',#8576);
#7742=PLANE('',#8577);
#7743=PLANE('',#8578);
#7744=PLANE('',#8579);
#7745=PLANE('',#8583);
#7746=PLANE('',#8587);
#7747=PLANE('',#8588);
#7748=PLANE('',#8589);
#7749=PLANE('',#8590);
#7750=PLANE('',#8591);
#7751=PLANE('',#8592);
#7752=PLANE('',#8593);
#7753=PLANE('',#8594);
#7754=PLANE('',#8595);
#7755=PLANE('',#8596);
#7756=PLANE('',#8597);
#7757=PLANE('',#8598);
#7758=PLANE('',#8599);
#7759=PLANE('',#8600);
#7760=PLANE('',#8601);
#7761=PLANE('',#8602);
#7762=PLANE('',#8603);
#7763=PLANE('',#8604);
#7764=PLANE('',#8605);
#7765=PLANE('',#8606);
#7766=PLANE('',#8607);
#7767=PLANE('',#8608);
#7768=PLANE('',#8609);
#7769=PLANE('',#8626);
#7770=PLANE('',#8635);
#7771=PLANE('',#8636);
#7772=PLANE('',#8637);
#7773=PLANE('',#8638);
#7774=PLANE('',#8639);
#7775=PLANE('',#8640);
#7776=PLANE('',#8641);
#7777=PLANE('',#8642);
#7778=PLANE('',#8643);
#7779=PLANE('',#8644);
#7780=PLANE('',#8645);
#7781=PLANE('',#8646);
#7782=PLANE('',#8647);
#7783=PLANE('',#8648);
#7784=PLANE('',#8649);
#7785=PLANE('',#8650);
#7786=PLANE('',#8651);
#7787=PLANE('',#8652);
#7788=PLANE('',#8655);
#7789=PLANE('',#8656);
#7790=PLANE('',#8657);
#7791=PLANE('',#8658);
#7792=PLANE('',#8659);
#7793=PLANE('',#8662);
#7794=PLANE('',#8667);
#7795=PLANE('',#8671);
#7796=PLANE('',#8672);
#7797=PLANE('',#8673);
#7798=PLANE('',#8674);
#7799=PLANE('',#8675);
#7800=PLANE('',#8676);
#7801=PLANE('',#8677);
#7802=PLANE('',#8678);
#7803=PLANE('',#8681);
#7804=PLANE('',#8686);
#7805=PLANE('',#8689);
#7806=PLANE('',#8694);
#7807=PLANE('',#8695);
#7808=PLANE('',#8696);
#7809=PLANE('',#8697);
#7810=PLANE('',#8698);
#7811=PLANE('',#8699);
#7812=PLANE('',#8700);
#7813=PLANE('',#8701);
#7814=PLANE('',#8702);
#7815=PLANE('',#8705);
#7816=PLANE('',#8710);
#7817=PLANE('',#8713);
#7818=PLANE('',#8718);
#7819=PLANE('',#8719);
#7820=PLANE('',#8720);
#7821=PLANE('',#8721);
#7822=PLANE('',#8722);
#7823=PLANE('',#8725);
#7824=PLANE('',#8736);
#7825=PLANE('',#8737);
#7826=PLANE('',#8738);
#7827=PLANE('',#8739);
#7828=PLANE('',#8740);
#7829=PLANE('',#8741);
#7830=PLANE('',#8742);
#7831=PLANE('',#8743);
#7832=PLANE('',#8744);
#7833=PLANE('',#8775);
#7834=PLANE('',#8800);
#7835=PLANE('',#8801);
#7836=PLANE('',#8802);
#7837=ADVANCED_FACE('',(#277),#7465,.F.);
#7838=ADVANCED_FACE('',(#278),#7466,.F.);
#7839=ADVANCED_FACE('',(#279),#7467,.F.);
#7840=ADVANCED_FACE('',(#280),#7468,.F.);
#7841=ADVANCED_FACE('',(#281),#7469,.F.);
#7842=ADVANCED_FACE('',(#282),#7470,.F.);
#7843=ADVANCED_FACE('',(#283),#7471,.F.);
#7844=ADVANCED_FACE('',(#284),#7472,.F.);
#7845=ADVANCED_FACE('',(#285),#7473,.T.);
#7846=ADVANCED_FACE('',(#286),#7474,.T.);
#7847=ADVANCED_FACE('',(#287),#7475,.T.);
#7848=ADVANCED_FACE('',(#288),#7476,.T.);
#7849=ADVANCED_FACE('',(#289),#7477,.T.);
#7850=ADVANCED_FACE('',(#290),#7478,.T.);
#7851=ADVANCED_FACE('',(#291),#7479,.T.);
#7852=ADVANCED_FACE('',(#292),#7480,.T.);
#7853=ADVANCED_FACE('',(#293),#7481,.F.);
#7854=ADVANCED_FACE('',(#294),#7482,.F.);
#7855=ADVANCED_FACE('',(#295),#7483,.F.);
#7856=ADVANCED_FACE('',(#296),#7484,.F.);
#7857=ADVANCED_FACE('',(#297),#7485,.F.);
#7858=ADVANCED_FACE('',(#298),#7486,.F.);
#7859=ADVANCED_FACE('',(#299),#7487,.F.);
#7860=ADVANCED_FACE('',(#300),#7488,.F.);
#7861=ADVANCED_FACE('',(#301),#7489,.F.);
#7862=ADVANCED_FACE('',(#302),#7490,.F.);
#7863=ADVANCED_FACE('',(#303),#7491,.F.);
#7864=ADVANCED_FACE('',(#304),#7492,.F.);
#7865=ADVANCED_FACE('',(#305),#7493,.F.);
#7866=ADVANCED_FACE('',(#306),#7494,.F.);
#7867=ADVANCED_FACE('',(#307),#7495,.F.);
#7868=ADVANCED_FACE('',(#308),#7496,.F.);
#7869=ADVANCED_FACE('',(#309),#7497,.T.);
#7870=ADVANCED_FACE('',(#310),#7498,.T.);
#7871=ADVANCED_FACE('',(#311),#7499,.T.);
#7872=ADVANCED_FACE('',(#312),#7500,.T.);
#7873=ADVANCED_FACE('',(#313),#7501,.T.);
#7874=ADVANCED_FACE('',(#314),#7502,.T.);
#7875=ADVANCED_FACE('',(#315),#7503,.T.);
#7876=ADVANCED_FACE('',(#316),#7504,.T.);
#7877=ADVANCED_FACE('',(#317),#7505,.T.);
#7878=ADVANCED_FACE('',(#318),#7506,.T.);
#7879=ADVANCED_FACE('',(#319),#7507,.T.);
#7880=ADVANCED_FACE('',(#320),#7508,.T.);
#7881=ADVANCED_FACE('',(#321),#7509,.T.);
#7882=ADVANCED_FACE('',(#322),#7510,.T.);
#7883=ADVANCED_FACE('',(#323),#7511,.T.);
#7884=ADVANCED_FACE('',(#324),#7512,.T.);
#7885=ADVANCED_FACE('',(#325),#7513,.F.);
#7886=ADVANCED_FACE('',(#326),#7514,.F.);
#7887=ADVANCED_FACE('',(#327),#7515,.F.);
#7888=ADVANCED_FACE('',(#328),#7516,.F.);
#7889=ADVANCED_FACE('',(#329),#7517,.T.);
#7890=ADVANCED_FACE('',(#330),#7518,.T.);
#7891=ADVANCED_FACE('',(#331),#7519,.T.);
#7892=ADVANCED_FACE('',(#332),#7520,.T.);
#7893=ADVANCED_FACE('',(#333),#7521,.F.);
#7894=ADVANCED_FACE('',(#334),#7522,.F.);
#7895=ADVANCED_FACE('',(#335),#7523,.T.);
#7896=ADVANCED_FACE('',(#336),#7524,.F.);
#7897=ADVANCED_FACE('',(#337),#7525,.F.);
#7898=ADVANCED_FACE('',(#338),#7526,.T.);
#7899=ADVANCED_FACE('',(#339),#7527,.F.);
#7900=ADVANCED_FACE('',(#340),#7528,.F.);
#7901=ADVANCED_FACE('',(#341),#7529,.T.);
#7902=ADVANCED_FACE('',(#342),#7530,.F.);
#7903=ADVANCED_FACE('',(#343),#7531,.F.);
#7904=ADVANCED_FACE('',(#344),#7532,.T.);
#7905=ADVANCED_FACE('',(#345),#7533,.F.);
#7906=ADVANCED_FACE('',(#346),#7534,.F.);
#7907=ADVANCED_FACE('',(#347),#7535,.T.);
#7908=ADVANCED_FACE('',(#348),#7536,.F.);
#7909=ADVANCED_FACE('',(#349),#7537,.F.);
#7910=ADVANCED_FACE('',(#350),#7538,.T.);
#7911=ADVANCED_FACE('',(#351),#7539,.F.);
#7912=ADVANCED_FACE('',(#352),#7540,.F.);
#7913=ADVANCED_FACE('',(#353),#7541,.F.);
#7914=ADVANCED_FACE('',(#354),#7542,.F.);
#7915=ADVANCED_FACE('',(#355),#7543,.F.);
#7916=ADVANCED_FACE('',(#356),#7544,.F.);
#7917=ADVANCED_FACE('',(#357),#7545,.F.);
#7918=ADVANCED_FACE('',(#358),#7546,.F.);
#7919=ADVANCED_FACE('',(#359),#7547,.F.);
#7920=ADVANCED_FACE('',(#360),#7548,.F.);
#7921=ADVANCED_FACE('',(#361),#7549,.F.);
#7922=ADVANCED_FACE('',(#362),#7550,.F.);
#7923=ADVANCED_FACE('',(#363),#7551,.F.);
#7924=ADVANCED_FACE('',(#364),#7552,.F.);
#7925=ADVANCED_FACE('',(#365),#7553,.F.);
#7926=ADVANCED_FACE('',(#366),#7554,.F.);
#7927=ADVANCED_FACE('',(#367),#7555,.F.);
#7928=ADVANCED_FACE('',(#368),#7556,.F.);
#7929=ADVANCED_FACE('',(#369),#7557,.F.);
#7930=ADVANCED_FACE('',(#370),#7558,.F.);
#7931=ADVANCED_FACE('',(#371),#7559,.F.);
#7932=ADVANCED_FACE('',(#372),#7560,.F.);
#7933=ADVANCED_FACE('',(#373),#7561,.F.);
#7934=ADVANCED_FACE('',(#374),#7562,.F.);
#7935=ADVANCED_FACE('',(#375),#7563,.F.);
#7936=ADVANCED_FACE('',(#376),#7564,.F.);
#7937=ADVANCED_FACE('',(#377),#7565,.F.);
#7938=ADVANCED_FACE('',(#378),#7566,.F.);
#7939=ADVANCED_FACE('',(#379),#233,.T.);
#7940=ADVANCED_FACE('',(#380),#234,.T.);
#7941=ADVANCED_FACE('',(#381),#7567,.F.);
#7942=ADVANCED_FACE('',(#382),#7568,.F.);
#7943=ADVANCED_FACE('',(#383),#7569,.F.);
#7944=ADVANCED_FACE('',(#384),#7570,.F.);
#7945=ADVANCED_FACE('',(#385),#7571,.F.);
#7946=ADVANCED_FACE('',(#386),#7572,.F.);
#7947=ADVANCED_FACE('',(#387),#7573,.F.);
#7948=ADVANCED_FACE('',(#388),#7574,.F.);
#7949=ADVANCED_FACE('',(#389),#7575,.F.);
#7950=ADVANCED_FACE('',(#390),#7576,.F.);
#7951=ADVANCED_FACE('',(#391),#7577,.F.);
#7952=ADVANCED_FACE('',(#392),#7578,.F.);
#7953=ADVANCED_FACE('',(#393),#7579,.F.);
#7954=ADVANCED_FACE('',(#394),#7580,.F.);
#7955=ADVANCED_FACE('',(#395),#7581,.F.);
#7956=ADVANCED_FACE('',(#396),#7582,.F.);
#7957=ADVANCED_FACE('',(#397),#7583,.F.);
#7958=ADVANCED_FACE('',(#398),#7584,.F.);
#7959=ADVANCED_FACE('',(#399),#7585,.F.);
#7960=ADVANCED_FACE('',(#400),#7586,.F.);
#7961=ADVANCED_FACE('',(#401),#7587,.F.);
#7962=ADVANCED_FACE('',(#402),#7588,.F.);
#7963=ADVANCED_FACE('',(#403),#7589,.F.);
#7964=ADVANCED_FACE('',(#404),#7590,.F.);
#7965=ADVANCED_FACE('',(#405),#7591,.F.);
#7966=ADVANCED_FACE('',(#406),#7592,.F.);
#7967=ADVANCED_FACE('',(#407),#7593,.F.);
#7968=ADVANCED_FACE('',(#408),#7594,.F.);
#7969=ADVANCED_FACE('',(#409),#7595,.F.);
#7970=ADVANCED_FACE('',(#410),#7596,.F.);
#7971=ADVANCED_FACE('',(#411),#7597,.F.);
#7972=ADVANCED_FACE('',(#412),#7598,.F.);
#7973=ADVANCED_FACE('',(#413),#7599,.F.);
#7974=ADVANCED_FACE('',(#414),#7600,.F.);
#7975=ADVANCED_FACE('',(#415),#7601,.F.);
#7976=ADVANCED_FACE('',(#416),#7602,.F.);
#7977=ADVANCED_FACE('',(#417),#7603,.F.);
#7978=ADVANCED_FACE('',(#418),#7604,.F.);
#7979=ADVANCED_FACE('',(#419),#7605,.F.);
#7980=ADVANCED_FACE('',(#420),#7606,.F.);
#7981=ADVANCED_FACE('',(#421),#7607,.F.);
#7982=ADVANCED_FACE('',(#422),#7608,.F.);
#7983=ADVANCED_FACE('',(#423),#7609,.F.);
#7984=ADVANCED_FACE('',(#424),#7610,.T.);
#7985=ADVANCED_FACE('',(#425),#7611,.F.);
#7986=ADVANCED_FACE('',(#426),#7612,.F.);
#7987=ADVANCED_FACE('',(#427),#7613,.T.);
#7988=ADVANCED_FACE('',(#428),#7614,.T.);
#7989=ADVANCED_FACE('',(#429),#7615,.T.);
#7990=ADVANCED_FACE('',(#430),#7616,.T.);
#7991=ADVANCED_FACE('',(#431),#7617,.T.);
#7992=ADVANCED_FACE('',(#432),#7618,.T.);
#7993=ADVANCED_FACE('',(#433),#7619,.T.);
#7994=ADVANCED_FACE('',(#434),#7620,.F.);
#7995=ADVANCED_FACE('',(#435),#7621,.F.);
#7996=ADVANCED_FACE('',(#436),#7622,.F.);
#7997=ADVANCED_FACE('',(#437),#7623,.T.);
#7998=ADVANCED_FACE('',(#438),#7624,.T.);
#7999=ADVANCED_FACE('',(#439),#7625,.T.);
#8000=ADVANCED_FACE('',(#440),#7626,.T.);
#8001=ADVANCED_FACE('',(#441),#7627,.T.);
#8002=ADVANCED_FACE('',(#442),#7628,.T.);
#8003=ADVANCED_FACE('',(#443),#7629,.T.);
#8004=ADVANCED_FACE('',(#444),#7630,.T.);
#8005=ADVANCED_FACE('',(#445),#7631,.T.);
#8006=ADVANCED_FACE('',(#446),#7632,.T.);
#8007=ADVANCED_FACE('',(#447),#7633,.T.);
#8008=ADVANCED_FACE('',(#448),#7634,.T.);
#8009=ADVANCED_FACE('',(#449),#7635,.T.);
#8010=ADVANCED_FACE('',(#450),#7636,.T.);
#8011=ADVANCED_FACE('',(#451),#7637,.T.);
#8012=ADVANCED_FACE('',(#452),#7638,.T.);
#8013=ADVANCED_FACE('',(#453),#7639,.T.);
#8014=ADVANCED_FACE('',(#454),#7640,.T.);
#8015=ADVANCED_FACE('',(#455),#7641,.T.);
#8016=ADVANCED_FACE('',(#456),#7642,.T.);
#8017=ADVANCED_FACE('',(#457),#7643,.T.);
#8018=ADVANCED_FACE('',(#458),#7644,.T.);
#8019=ADVANCED_FACE('',(#459),#7645,.T.);
#8020=ADVANCED_FACE('',(#460),#7646,.T.);
#8021=ADVANCED_FACE('',(#461),#7647,.T.);
#8022=ADVANCED_FACE('',(#462),#7648,.T.);
#8023=ADVANCED_FACE('',(#463),#7649,.T.);
#8024=ADVANCED_FACE('',(#464),#7650,.T.);
#8025=ADVANCED_FACE('',(#465),#7651,.T.);
#8026=ADVANCED_FACE('',(#466),#7652,.T.);
#8027=ADVANCED_FACE('',(#467),#7653,.T.);
#8028=ADVANCED_FACE('',(#468),#7654,.T.);
#8029=ADVANCED_FACE('',(#469),#7655,.T.);
#8030=ADVANCED_FACE('',(#470),#7656,.T.);
#8031=ADVANCED_FACE('',(#471),#7657,.T.);
#8032=ADVANCED_FACE('',(#472),#7658,.T.);
#8033=ADVANCED_FACE('',(#473),#7659,.T.);
#8034=ADVANCED_FACE('',(#474),#7660,.T.);
#8035=ADVANCED_FACE('',(#475),#7661,.T.);
#8036=ADVANCED_FACE('',(#476),#7662,.T.);
#8037=ADVANCED_FACE('',(#477),#7663,.T.);
#8038=ADVANCED_FACE('',(#478),#7664,.T.);
#8039=ADVANCED_FACE('',(#479),#7665,.T.);
#8040=ADVANCED_FACE('',(#480),#7666,.T.);
#8041=ADVANCED_FACE('',(#481),#7667,.T.);
#8042=ADVANCED_FACE('',(#482),#7668,.T.);
#8043=ADVANCED_FACE('',(#483),#7669,.T.);
#8044=ADVANCED_FACE('',(#484),#7670,.T.);
#8045=ADVANCED_FACE('',(#485),#7671,.T.);
#8046=ADVANCED_FACE('',(#486),#7672,.T.);
#8047=ADVANCED_FACE('',(#487),#7673,.T.);
#8048=ADVANCED_FACE('',(#488),#7674,.T.);
#8049=ADVANCED_FACE('',(#489),#7675,.T.);
#8050=ADVANCED_FACE('',(#490),#7676,.T.);
#8051=ADVANCED_FACE('',(#491),#7677,.T.);
#8052=ADVANCED_FACE('',(#492),#7678,.T.);
#8053=ADVANCED_FACE('',(#493),#7679,.T.);
#8054=ADVANCED_FACE('',(#494),#7680,.T.);
#8055=ADVANCED_FACE('',(#495),#7681,.T.);
#8056=ADVANCED_FACE('',(#496),#7682,.T.);
#8057=ADVANCED_FACE('',(#497),#7683,.T.);
#8058=ADVANCED_FACE('',(#498),#7684,.T.);
#8059=ADVANCED_FACE('',(#499),#7685,.T.);
#8060=ADVANCED_FACE('',(#500),#7686,.T.);
#8061=ADVANCED_FACE('',(#501),#7687,.T.);
#8062=ADVANCED_FACE('',(#502),#7688,.T.);
#8063=ADVANCED_FACE('',(#503),#7689,.T.);
#8064=ADVANCED_FACE('',(#504),#7690,.T.);
#8065=ADVANCED_FACE('',(#505),#7691,.T.);
#8066=ADVANCED_FACE('',(#506),#7692,.T.);
#8067=ADVANCED_FACE('',(#507),#7693,.T.);
#8068=ADVANCED_FACE('',(#508),#7694,.T.);
#8069=ADVANCED_FACE('',(#509),#7695,.T.);
#8070=ADVANCED_FACE('',(#510),#7696,.T.);
#8071=ADVANCED_FACE('',(#511),#7697,.T.);
#8072=ADVANCED_FACE('',(#512),#7698,.T.);
#8073=ADVANCED_FACE('',(#513),#7699,.T.);
#8074=ADVANCED_FACE('',(#514),#7700,.T.);
#8075=ADVANCED_FACE('',(#515),#7701,.T.);
#8076=ADVANCED_FACE('',(#516),#7702,.T.);
#8077=ADVANCED_FACE('',(#517),#7703,.T.);
#8078=ADVANCED_FACE('',(#518),#7704,.T.);
#8079=ADVANCED_FACE('',(#519),#7705,.T.);
#8080=ADVANCED_FACE('',(#520),#7706,.T.);
#8081=ADVANCED_FACE('',(#521),#7707,.T.);
#8082=ADVANCED_FACE('',(#522),#7708,.F.);
#8083=ADVANCED_FACE('',(#523),#7709,.F.);
#8084=ADVANCED_FACE('',(#524),#7710,.T.);
#8085=ADVANCED_FACE('',(#525),#7711,.T.);
#8086=ADVANCED_FACE('',(#526),#7712,.T.);
#8087=ADVANCED_FACE('',(#527),#7713,.T.);
#8088=ADVANCED_FACE('',(#528),#7714,.T.);
#8089=ADVANCED_FACE('',(#529),#7715,.T.);
#8090=ADVANCED_FACE('',(#530),#7716,.T.);
#8091=ADVANCED_FACE('',(#531),#7717,.T.);
#8092=ADVANCED_FACE('',(#532),#7718,.T.);
#8093=ADVANCED_FACE('',(#533),#7719,.T.);
#8094=ADVANCED_FACE('',(#534),#7720,.T.);
#8095=ADVANCED_FACE('',(#535),#7721,.T.);
#8096=ADVANCED_FACE('',(#536),#7722,.F.);
#8097=ADVANCED_FACE('',(#537),#7723,.T.);
#8098=ADVANCED_FACE('',(#538),#7724,.T.);
#8099=ADVANCED_FACE('',(#539),#7725,.T.);
#8100=ADVANCED_FACE('',(#540),#7726,.T.);
#8101=ADVANCED_FACE('',(#541),#7727,.T.);
#8102=ADVANCED_FACE('',(#542),#7728,.T.);
#8103=ADVANCED_FACE('',(#543),#7729,.T.);
#8104=ADVANCED_FACE('',(#544),#7730,.F.);
#8105=ADVANCED_FACE('',(#545),#7731,.F.);
#8106=ADVANCED_FACE('',(#546),#7732,.T.);
#8107=ADVANCED_FACE('',(#547),#7733,.F.);
#8108=ADVANCED_FACE('',(#548),#7734,.F.);
#8109=ADVANCED_FACE('',(#549),#7735,.F.);
#8110=ADVANCED_FACE('',(#550),#7736,.F.);
#8111=ADVANCED_FACE('',(#551),#7737,.F.);
#8112=ADVANCED_FACE('',(#552),#7738,.F.);
#8113=ADVANCED_FACE('',(#553),#7739,.F.);
#8114=ADVANCED_FACE('',(#554),#7740,.F.);
#8115=ADVANCED_FACE('',(#555),#7741,.F.);
#8116=ADVANCED_FACE('',(#556),#7742,.F.);
#8117=ADVANCED_FACE('',(#557),#7743,.F.);
#8118=ADVANCED_FACE('',(#558),#7744,.F.);
#8119=ADVANCED_FACE('',(#559),#235,.T.);
#8120=ADVANCED_FACE('',(#560),#7745,.F.);
#8121=ADVANCED_FACE('',(#561),#236,.T.);
#8122=ADVANCED_FACE('',(#562),#7746,.F.);
#8123=ADVANCED_FACE('',(#563),#7747,.F.);
#8124=ADVANCED_FACE('',(#564),#7748,.F.);
#8125=ADVANCED_FACE('',(#565),#7749,.F.);
#8126=ADVANCED_FACE('',(#566),#7750,.F.);
#8127=ADVANCED_FACE('',(#567),#7751,.T.);
#8128=ADVANCED_FACE('',(#568),#7752,.F.);
#8129=ADVANCED_FACE('',(#569),#7753,.F.);
#8130=ADVANCED_FACE('',(#570),#7754,.T.);
#8131=ADVANCED_FACE('',(#571),#7755,.F.);
#8132=ADVANCED_FACE('',(#572),#7756,.F.);
#8133=ADVANCED_FACE('',(#573,#121,#122,#123,#124,#125,#126,#127,#128,#129,
#130,#131,#132,#133,#134,#135,#136,#137,#138,#139,#140,#141,#142,#143,#144,
#145,#146,#147,#148,#149),#7757,.T.);
#8134=ADVANCED_FACE('',(#574),#7758,.T.);
#8135=ADVANCED_FACE('',(#575),#7759,.T.);
#8136=ADVANCED_FACE('',(#576),#7760,.T.);
#8137=ADVANCED_FACE('',(#577),#7761,.T.);
#8138=ADVANCED_FACE('',(#578),#7762,.F.);
#8139=ADVANCED_FACE('',(#579),#7763,.F.);
#8140=ADVANCED_FACE('',(#580),#7764,.F.);
#8141=ADVANCED_FACE('',(#581),#7765,.F.);
#8142=ADVANCED_FACE('',(#582),#7766,.T.);
#8143=ADVANCED_FACE('',(#583,#150),#7767,.F.);
#8144=ADVANCED_FACE('',(#584),#7768,.F.);
#8145=ADVANCED_FACE('',(#585),#237,.F.);
#8146=ADVANCED_FACE('',(#586),#238,.T.);
#8147=ADVANCED_FACE('',(#587),#239,.F.);
#8148=ADVANCED_FACE('',(#588),#240,.T.);
#8149=ADVANCED_FACE('',(#589),#241,.F.);
#8150=ADVANCED_FACE('',(#590,#151),#7769,.T.);
#8151=ADVANCED_FACE('',(#591),#7770,.F.);
#8152=ADVANCED_FACE('',(#592),#7771,.T.);
#8153=ADVANCED_FACE('',(#593),#7772,.F.);
#8154=ADVANCED_FACE('',(#594),#7773,.F.);
#8155=ADVANCED_FACE('',(#595),#7774,.F.);
#8156=ADVANCED_FACE('',(#596),#7775,.T.);
#8157=ADVANCED_FACE('',(#597),#7776,.F.);
#8158=ADVANCED_FACE('',(#598),#7777,.F.);
#8159=ADVANCED_FACE('',(#599),#7778,.T.);
#8160=ADVANCED_FACE('',(#600),#7779,.T.);
#8161=ADVANCED_FACE('',(#601),#7780,.T.);
#8162=ADVANCED_FACE('',(#602),#7781,.T.);
#8163=ADVANCED_FACE('',(#603),#7782,.T.);
#8164=ADVANCED_FACE('',(#604),#7783,.T.);
#8165=ADVANCED_FACE('',(#605),#7784,.T.);
#8166=ADVANCED_FACE('',(#606),#7785,.T.);
#8167=ADVANCED_FACE('',(#607),#7786,.T.);
#8168=ADVANCED_FACE('',(#608,#152),#7787,.F.);
#8169=ADVANCED_FACE('',(#609),#91,.T.);
#8170=ADVANCED_FACE('',(#610),#92,.T.);
#8171=ADVANCED_FACE('',(#611),#242,.F.);
#8172=ADVANCED_FACE('',(#612),#243,.T.);
#8173=ADVANCED_FACE('',(#613),#7788,.T.);
#8174=ADVANCED_FACE('',(#614),#7789,.T.);
#8175=ADVANCED_FACE('',(#615),#7790,.T.);
#8176=ADVANCED_FACE('',(#616),#7791,.F.);
#8177=ADVANCED_FACE('',(#617),#7792,.F.);
#8178=ADVANCED_FACE('',(#618),#7793,.F.);
#8179=ADVANCED_FACE('',(#619),#244,.T.);
#8180=ADVANCED_FACE('',(#620),#245,.F.);
#8181=ADVANCED_FACE('',(#621),#7794,.T.);
#8182=ADVANCED_FACE('',(#622),#246,.F.);
#8183=ADVANCED_FACE('',(#623),#7795,.F.);
#8184=ADVANCED_FACE('',(#624),#7796,.F.);
#8185=ADVANCED_FACE('',(#625),#7797,.F.);
#8186=ADVANCED_FACE('',(#626),#7798,.F.);
#8187=ADVANCED_FACE('',(#627),#7799,.F.);
#8188=ADVANCED_FACE('',(#628),#7800,.F.);
#8189=ADVANCED_FACE('',(#629),#7801,.F.);
#8190=ADVANCED_FACE('',(#630),#7802,.F.);
#8191=ADVANCED_FACE('',(#631),#7803,.F.);
#8192=ADVANCED_FACE('',(#632),#247,.F.);
#8193=ADVANCED_FACE('',(#633),#248,.T.);
#8194=ADVANCED_FACE('',(#634),#7804,.F.);
#8195=ADVANCED_FACE('',(#635),#7805,.F.);
#8196=ADVANCED_FACE('',(#636),#249,.F.);
#8197=ADVANCED_FACE('',(#637),#250,.T.);
#8198=ADVANCED_FACE('',(#638),#7806,.T.);
#8199=ADVANCED_FACE('',(#639),#7807,.F.);
#8200=ADVANCED_FACE('',(#640),#7808,.F.);
#8201=ADVANCED_FACE('',(#641),#7809,.F.);
#8202=ADVANCED_FACE('',(#642),#7810,.T.);
#8203=ADVANCED_FACE('',(#643),#7811,.F.);
#8204=ADVANCED_FACE('',(#644),#7812,.F.);
#8205=ADVANCED_FACE('',(#645),#7813,.F.);
#8206=ADVANCED_FACE('',(#646),#7814,.F.);
#8207=ADVANCED_FACE('',(#647),#7815,.F.);
#8208=ADVANCED_FACE('',(#648),#251,.F.);
#8209=ADVANCED_FACE('',(#649),#252,.T.);
#8210=ADVANCED_FACE('',(#650),#7816,.F.);
#8211=ADVANCED_FACE('',(#651),#7817,.F.);
#8212=ADVANCED_FACE('',(#652),#253,.F.);
#8213=ADVANCED_FACE('',(#653),#254,.T.);
#8214=ADVANCED_FACE('',(#654),#7818,.T.);
#8215=ADVANCED_FACE('',(#655),#7819,.F.);
#8216=ADVANCED_FACE('',(#656),#7820,.F.);
#8217=ADVANCED_FACE('',(#657),#7821,.F.);
#8218=ADVANCED_FACE('',(#658),#7822,.F.);
#8219=ADVANCED_FACE('',(#659),#7823,.F.);
#8220=ADVANCED_FACE('',(#660),#255,.F.);
#8221=ADVANCED_FACE('',(#661),#256,.T.);
#8222=ADVANCED_FACE('',(#662),#257,.T.);
#8223=ADVANCED_FACE('',(#663),#258,.T.);
#8224=ADVANCED_FACE('',(#664),#7824,.F.);
#8225=ADVANCED_FACE('',(#665),#7825,.T.);
#8226=ADVANCED_FACE('',(#666),#7826,.F.);
#8227=ADVANCED_FACE('',(#667),#7827,.F.);
#8228=ADVANCED_FACE('',(#668),#7828,.F.);
#8229=ADVANCED_FACE('',(#669),#7829,.F.);
#8230=ADVANCED_FACE('',(#670),#7830,.F.);
#8231=ADVANCED_FACE('',(#671),#7831,.F.);
#8232=ADVANCED_FACE('',(#672),#7832,.F.);
#8233=ADVANCED_FACE('',(#673),#87,.T.);
#8234=ADVANCED_FACE('',(#674),#259,.T.);
#8235=ADVANCED_FACE('',(#675),#260,.F.);
#8236=ADVANCED_FACE('',(#676),#88,.T.);
#8237=ADVANCED_FACE('',(#677),#79,.F.);
#8238=ADVANCED_FACE('',(#678),#261,.F.);
#8239=ADVANCED_FACE('',(#679),#262,.F.);
#8240=ADVANCED_FACE('',(#680),#263,.F.);
#8241=ADVANCED_FACE('',(#681),#80,.F.);
#8242=ADVANCED_FACE('',(#682),#81,.F.);
#8243=ADVANCED_FACE('',(#683),#264,.F.);
#8244=ADVANCED_FACE('',(#684),#265,.F.);
#8245=ADVANCED_FACE('',(#685),#266,.F.);
#8246=ADVANCED_FACE('',(#686),#82,.F.);
#8247=ADVANCED_FACE('',(#687),#89,.T.);
#8248=ADVANCED_FACE('',(#688),#267,.F.);
#8249=ADVANCED_FACE('',(#689),#268,.T.);
#8250=ADVANCED_FACE('',(#690),#90,.T.);
#8251=ADVANCED_FACE('',(#691),#7833,.F.);
#8252=ADVANCED_FACE('',(#692),#269,.T.);
#8253=ADVANCED_FACE('',(#693),#83,.T.);
#8254=ADVANCED_FACE('',(#694),#270,.T.);
#8255=ADVANCED_FACE('',(#695),#271,.T.);
#8256=ADVANCED_FACE('',(#696),#272,.T.);
#8257=ADVANCED_FACE('',(#697),#84,.T.);
#8258=ADVANCED_FACE('',(#698),#85,.T.);
#8259=ADVANCED_FACE('',(#699),#273,.T.);
#8260=ADVANCED_FACE('',(#700),#274,.T.);
#8261=ADVANCED_FACE('',(#701),#275,.T.);
#8262=ADVANCED_FACE('',(#702),#86,.T.);
#8263=ADVANCED_FACE('',(#703),#276,.T.);
#8264=ADVANCED_FACE('',(#704),#7834,.T.);
#8265=ADVANCED_FACE('',(#705),#7835,.T.);
#8266=ADVANCED_FACE('',(#706),#7836,.T.);
#8267=CLOSED_SHELL('',(#7837,#7838,#7839,#7840,#7841,#7842,#7843,#7844,
#7845,#7846,#7847,#7848,#7849,#7850,#7851,#7852,#7853,#7854,#7855,#7856,
#7857,#7858,#7859,#7860,#7861,#7862,#7863,#7864,#7865,#7866,#7867,#7868,
#7869,#7870,#7871,#7872,#7873,#7874,#7875,#7876,#7877,#7878,#7879,#7880,
#7881,#7882,#7883,#7884,#7885,#7886,#7887,#7888,#7889,#7890,#7891,#7892,
#7893,#7894,#7895,#7896,#7897,#7898,#7899,#7900,#7901,#7902,#7903,#7904,
#7905,#7906,#7907,#7908,#7909,#7910,#7911,#7912,#7913,#7914,#7915,#7916,
#7917,#7918,#7919,#7920,#7921,#7922,#7923,#7924,#7925,#7926,#7927,#7928,
#7929,#7930,#7931,#7932,#7933,#7934,#7935,#7936,#7937,#7938,#7939,#7940,
#7941,#7942,#7943,#7944,#7945,#7946,#7947,#7948,#7949,#7950,#7951,#7952,
#7953,#7954,#7955,#7956,#7957,#7958,#7959,#7960,#7961,#7962,#7963,#7964,
#7965,#7966,#7967,#7968,#7969,#7970,#7971,#7972,#7973,#7974,#7975,#7976,
#7977,#7978,#7979,#7980,#7981,#7982,#7983,#7984,#7985,#7986,#7987,#7988,
#7989,#7990,#7991,#7992,#7993,#7994,#7995,#7996,#7997,#7998,#7999,#8000,
#8001,#8002,#8003,#8004,#8005,#8006,#8007,#8008,#8009,#8010,#8011,#8012,
#8013,#8014,#8015,#8016,#8017,#8018,#8019,#8020,#8021,#8022,#8023,#8024,
#8025,#8026,#8027,#8028,#8029,#8030,#8031,#8032,#8033,#8034,#8035,#8036,
#8037,#8038,#8039,#8040,#8041,#8042,#8043,#8044,#8045,#8046,#8047,#8048,
#8049,#8050,#8051,#8052,#8053,#8054,#8055,#8056,#8057,#8058,#8059,#8060,
#8061,#8062,#8063,#8064,#8065,#8066,#8067,#8068,#8069,#8070,#8071,#8072,
#8073,#8074,#8075,#8076,#8077,#8078,#8079,#8080,#8081,#8082,#8083,#8084,
#8085,#8086,#8087,#8088,#8089,#8090,#8091,#8092,#8093,#8094,#8095,#8096,
#8097,#8098,#8099,#8100,#8101,#8102,#8103,#8104,#8105,#8106,#8107,#8108,
#8109,#8110,#8111,#8112,#8113,#8114,#8115,#8116,#8117,#8118,#8119,#8120,
#8121,#8122,#8123,#8124,#8125,#8126,#8127,#8128,#8129,#8130,#8131,#8132,
#8133,#8134,#8135,#8136,#8137,#8138,#8139,#8140,#8141,#8142,#8143,#8144));
#8268=CLOSED_SHELL('',(#8145,#8146,#8147,#8148,#8149,#8150,#8151,#8152,
#8153,#8154,#8155,#8156,#8157,#8158,#8159,#8160,#8161,#8162,#8163,#8164,
#8165,#8166,#8167,#8168,#8169,#8170,#8171,#8172,#8173,#8174,#8175,#8176,
#8177,#8178,#8179,#8180,#8181,#8182,#8183,#8184,#8185,#8186,#8187,#8188,
#8189,#8190,#8191,#8192,#8193,#8194,#8195,#8196,#8197,#8198,#8199,#8200,
#8201,#8202,#8203,#8204,#8205,#8206,#8207,#8208,#8209,#8210,#8211,#8212,
#8213,#8214,#8215,#8216,#8217,#8218,#8219,#8220,#8221,#8222,#8223,#8224,
#8225,#8226,#8227,#8228,#8229,#8230,#8231,#8232,#8233,#8234,#8235,#8236,
#8237,#8238,#8239,#8240,#8241,#8242,#8243,#8244,#8245,#8246,#8247,#8248,
#8249,#8250,#8251,#8252,#8253,#8254,#8255,#8256,#8257,#8258,#8259,#8260,
#8261,#8262,#8263,#8264,#8265,#8266));
#8269=DERIVED_UNIT_ELEMENT(#8273,1.);
#8270=DERIVED_UNIT_ELEMENT(#13795,-3.);
#8271=DERIVED_UNIT_ELEMENT(#8273,1.);
#8272=DERIVED_UNIT_ELEMENT(#13795,-3.);
#8273=(
MASS_UNIT()
NAMED_UNIT(*)
SI_UNIT(.KILO.,.GRAM.)
);
#8274=DERIVED_UNIT((#8269,#8270));
#8275=DERIVED_UNIT((#8271,#8272));
#8276=MEASURE_REPRESENTATION_ITEM('density measure',
POSITIVE_RATIO_MEASURE(7850.),#8274);
#8277=MEASURE_REPRESENTATION_ITEM('density measure',
POSITIVE_RATIO_MEASURE(7850.),#8275);
#8278=PROPERTY_DEFINITION_REPRESENTATION(#8288,#8282);
#8279=PROPERTY_DEFINITION_REPRESENTATION(#8289,#8283);
#8280=PROPERTY_DEFINITION_REPRESENTATION(#8290,#8284);
#8281=PROPERTY_DEFINITION_REPRESENTATION(#8291,#8285);
#8282=REPRESENTATION('material name',(#8286),#13791);
#8283=REPRESENTATION('density',(#8276),#13791);
#8284=REPRESENTATION('material name',(#8287),#13792);
#8285=REPRESENTATION('density',(#8277),#13792);
#8286=DESCRIPTIVE_REPRESENTATION_ITEM('Steel','Steel');
#8287=DESCRIPTIVE_REPRESENTATION_ITEM('Steel','Steel');
#8288=PROPERTY_DEFINITION('material property','material name',#13826);
#8289=PROPERTY_DEFINITION('material property','density of part',#13826);
#8290=PROPERTY_DEFINITION('material property','material name',#13827);
#8291=PROPERTY_DEFINITION('material property','density of part',#13827);
#8292=AXIS2_PLACEMENT_3D('',#10930,#8820,#8821);
#8293=AXIS2_PLACEMENT_3D('',#10931,#8822,#8823);
#8294=AXIS2_PLACEMENT_3D('',#10932,#8824,#8825);
#8295=AXIS2_PLACEMENT_3D('',#10941,#8830,#8831);
#8296=AXIS2_PLACEMENT_3D('',#10949,#8836,#8837);
#8297=AXIS2_PLACEMENT_3D('',#10955,#8841,#8842);
#8298=AXIS2_PLACEMENT_3D('',#10960,#8846,#8847);
#8299=AXIS2_PLACEMENT_3D('',#10969,#8852,#8853);
#8300=AXIS2_PLACEMENT_3D('',#10977,#8858,#8859);
#8301=AXIS2_PLACEMENT_3D('',#10983,#8863,#8864);
#8302=AXIS2_PLACEMENT_3D('',#10988,#8868,#8869);
#8303=AXIS2_PLACEMENT_3D('',#10999,#8875,#8876);
#8304=AXIS2_PLACEMENT_3D('',#11005,#8880,#8881);
#8305=AXIS2_PLACEMENT_3D('',#11013,#8886,#8887);
#8306=AXIS2_PLACEMENT_3D('',#11016,#8890,#8891);
#8307=AXIS2_PLACEMENT_3D('',#11027,#8897,#8898);
#8308=AXIS2_PLACEMENT_3D('',#11033,#8902,#8903);
#8309=AXIS2_PLACEMENT_3D('',#11041,#8908,#8909);
#8310=AXIS2_PLACEMENT_3D('',#11044,#8912,#8913);
#8311=AXIS2_PLACEMENT_3D('',#11053,#8918,#8919);
#8312=AXIS2_PLACEMENT_3D('',#11061,#8924,#8925);
#8313=AXIS2_PLACEMENT_3D('',#11067,#8929,#8930);
#8314=AXIS2_PLACEMENT_3D('',#11072,#8934,#8935);
#8315=AXIS2_PLACEMENT_3D('',#11081,#8940,#8941);
#8316=AXIS2_PLACEMENT_3D('',#11089,#8946,#8947);
#8317=AXIS2_PLACEMENT_3D('',#11095,#8951,#8952);
#8318=AXIS2_PLACEMENT_3D('',#11100,#8956,#8957);
#8319=AXIS2_PLACEMENT_3D('',#11109,#8962,#8963);
#8320=AXIS2_PLACEMENT_3D('',#11117,#8968,#8969);
#8321=AXIS2_PLACEMENT_3D('',#11123,#8973,#8974);
#8322=AXIS2_PLACEMENT_3D('',#11128,#8978,#8979);
#8323=AXIS2_PLACEMENT_3D('',#11137,#8984,#8985);
#8324=AXIS2_PLACEMENT_3D('',#11145,#8990,#8991);
#8325=AXIS2_PLACEMENT_3D('',#11151,#8995,#8996);
#8326=AXIS2_PLACEMENT_3D('',#11156,#9000,#9001);
#8327=AXIS2_PLACEMENT_3D('',#11167,#9007,#9008);
#8328=AXIS2_PLACEMENT_3D('',#11173,#9012,#9013);
#8329=AXIS2_PLACEMENT_3D('',#11181,#9018,#9019);
#8330=AXIS2_PLACEMENT_3D('',#11184,#9022,#9023);
#8331=AXIS2_PLACEMENT_3D('',#11195,#9029,#9030);
#8332=AXIS2_PLACEMENT_3D('',#11201,#9034,#9035);
#8333=AXIS2_PLACEMENT_3D('',#11209,#9040,#9041);
#8334=AXIS2_PLACEMENT_3D('',#11212,#9044,#9045);
#8335=AXIS2_PLACEMENT_3D('',#11223,#9051,#9052);
#8336=AXIS2_PLACEMENT_3D('',#11229,#9056,#9057);
#8337=AXIS2_PLACEMENT_3D('',#11237,#9062,#9063);
#8338=AXIS2_PLACEMENT_3D('',#11240,#9066,#9067);
#8339=AXIS2_PLACEMENT_3D('',#11251,#9073,#9074);
#8340=AXIS2_PLACEMENT_3D('',#11257,#9078,#9079);
#8341=AXIS2_PLACEMENT_3D('',#11265,#9084,#9085);
#8342=AXIS2_PLACEMENT_3D('',#11268,#9088,#9089);
#8343=AXIS2_PLACEMENT_3D('',#11277,#9094,#9095);
#8344=AXIS2_PLACEMENT_3D('',#11285,#9100,#9101);
#8345=AXIS2_PLACEMENT_3D('',#11291,#9105,#9106);
#8346=AXIS2_PLACEMENT_3D('',#11296,#9110,#9111);
#8347=AXIS2_PLACEMENT_3D('',#11307,#9117,#9118);
#8348=AXIS2_PLACEMENT_3D('',#11313,#9122,#9123);
#8349=AXIS2_PLACEMENT_3D('',#11321,#9128,#9129);
#8350=AXIS2_PLACEMENT_3D('',#11324,#9132,#9133);
#8351=AXIS2_PLACEMENT_3D('',#11333,#9138,#9139);
#8352=AXIS2_PLACEMENT_3D('',#11342,#9144,#9145);
#8353=AXIS2_PLACEMENT_3D('',#11345,#9148,#9149);
#8354=AXIS2_PLACEMENT_3D('',#11354,#9154,#9155);
#8355=AXIS2_PLACEMENT_3D('',#11363,#9160,#9161);
#8356=AXIS2_PLACEMENT_3D('',#11366,#9164,#9165);
#8357=AXIS2_PLACEMENT_3D('',#11375,#9170,#9171);
#8358=AXIS2_PLACEMENT_3D('',#11384,#9176,#9177);
#8359=AXIS2_PLACEMENT_3D('',#11387,#9180,#9181);
#8360=AXIS2_PLACEMENT_3D('',#11396,#9186,#9187);
#8361=AXIS2_PLACEMENT_3D('',#11405,#9192,#9193);
#8362=AXIS2_PLACEMENT_3D('',#11408,#9196,#9197);
#8363=AXIS2_PLACEMENT_3D('',#11417,#9202,#9203);
#8364=AXIS2_PLACEMENT_3D('',#11426,#9208,#9209);
#8365=AXIS2_PLACEMENT_3D('',#11429,#9212,#9213);
#8366=AXIS2_PLACEMENT_3D('',#11438,#9218,#9219);
#8367=AXIS2_PLACEMENT_3D('',#11447,#9224,#9225);
#8368=AXIS2_PLACEMENT_3D('',#11450,#9228,#9229);
#8369=AXIS2_PLACEMENT_3D('',#11459,#9234,#9235);
#8370=AXIS2_PLACEMENT_3D('',#11468,#9240,#9241);
#8371=AXIS2_PLACEMENT_3D('',#11477,#9246,#9247);
#8372=AXIS2_PLACEMENT_3D('',#11486,#9252,#9253);
#8373=AXIS2_PLACEMENT_3D('',#11495,#9258,#9259);
#8374=AXIS2_PLACEMENT_3D('',#11504,#9264,#9265);
#8375=AXIS2_PLACEMENT_3D('',#11513,#9270,#9271);
#8376=AXIS2_PLACEMENT_3D('',#11522,#9276,#9277);
#8377=AXIS2_PLACEMENT_3D('',#11531,#9282,#9283);
#8378=AXIS2_PLACEMENT_3D('',#11540,#9288,#9289);
#8379=AXIS2_PLACEMENT_3D('',#11549,#9294,#9295);
#8380=AXIS2_PLACEMENT_3D('',#11558,#9300,#9301);
#8381=AXIS2_PLACEMENT_3D('',#11567,#9306,#9307);
#8382=AXIS2_PLACEMENT_3D('',#11576,#9312,#9313);
#8383=AXIS2_PLACEMENT_3D('',#11582,#9317,#9318);
#8384=AXIS2_PLACEMENT_3D('',#11588,#9322,#9323);
#8385=AXIS2_PLACEMENT_3D('',#11594,#9327,#9328);
#8386=AXIS2_PLACEMENT_3D('',#11600,#9332,#9333);
#8387=AXIS2_PLACEMENT_3D('',#11606,#9337,#9338);
#8388=AXIS2_PLACEMENT_3D('',#11612,#9342,#9343);
#8389=AXIS2_PLACEMENT_3D('',#11618,#9347,#9348);
#8390=AXIS2_PLACEMENT_3D('',#11624,#9352,#9353);
#8391=AXIS2_PLACEMENT_3D('',#11630,#9357,#9358);
#8392=AXIS2_PLACEMENT_3D('',#11636,#9362,#9363);
#8393=AXIS2_PLACEMENT_3D('',#11642,#9367,#9368);
#8394=AXIS2_PLACEMENT_3D('',#11648,#9372,#9373);
#8395=AXIS2_PLACEMENT_3D('',#11654,#9377,#9378);
#8396=AXIS2_PLACEMENT_3D('',#11660,#9382,#9383);
#8397=AXIS2_PLACEMENT_3D('',#11663,#9384,#9385);
#8398=AXIS2_PLACEMENT_3D('',#11667,#9387,#9388);
#8399=AXIS2_PLACEMENT_3D('',#11669,#9390,#9391);
#8400=AXIS2_PLACEMENT_3D('',#11672,#9392,#9393);
#8401=AXIS2_PLACEMENT_3D('',#11676,#9395,#9396);
#8402=AXIS2_PLACEMENT_3D('',#11678,#9398,#9399);
#8403=AXIS2_PLACEMENT_3D('',#11681,#9402,#9403);
#8404=AXIS2_PLACEMENT_3D('',#11684,#9406,#9407);
#8405=AXIS2_PLACEMENT_3D('',#11686,#9409,#9410);
#8406=AXIS2_PLACEMENT_3D('',#11695,#9415,#9416);
#8407=AXIS2_PLACEMENT_3D('',#11706,#9423,#9424);
#8408=AXIS2_PLACEMENT_3D('',#11717,#9431,#9432);
#8409=AXIS2_PLACEMENT_3D('',#11731,#9440,#9441);
#8410=AXIS2_PLACEMENT_3D('',#11745,#9449,#9450);
#8411=AXIS2_PLACEMENT_3D('',#11748,#9453,#9454);
#8412=AXIS2_PLACEMENT_3D('',#11757,#9459,#9460);
#8413=AXIS2_PLACEMENT_3D('',#11768,#9467,#9468);
#8414=AXIS2_PLACEMENT_3D('',#11779,#9475,#9476);
#8415=AXIS2_PLACEMENT_3D('',#11793,#9484,#9485);
#8416=AXIS2_PLACEMENT_3D('',#11807,#9493,#9494);
#8417=AXIS2_PLACEMENT_3D('',#11810,#9497,#9498);
#8418=AXIS2_PLACEMENT_3D('',#11819,#9503,#9504);
#8419=AXIS2_PLACEMENT_3D('',#11830,#9511,#9512);
#8420=AXIS2_PLACEMENT_3D('',#11841,#9519,#9520);
#8421=AXIS2_PLACEMENT_3D('',#11855,#9528,#9529);
#8422=AXIS2_PLACEMENT_3D('',#11869,#9537,#9538);
#8423=AXIS2_PLACEMENT_3D('',#11872,#9541,#9542);
#8424=AXIS2_PLACEMENT_3D('',#11881,#9547,#9548);
#8425=AXIS2_PLACEMENT_3D('',#11892,#9555,#9556);
#8426=AXIS2_PLACEMENT_3D('',#11903,#9563,#9564);
#8427=AXIS2_PLACEMENT_3D('',#11917,#9572,#9573);
#8428=AXIS2_PLACEMENT_3D('',#11931,#9581,#9582);
#8429=AXIS2_PLACEMENT_3D('',#11934,#9585,#9586);
#8430=AXIS2_PLACEMENT_3D('',#11943,#9591,#9592);
#8431=AXIS2_PLACEMENT_3D('',#11954,#9599,#9600);
#8432=AXIS2_PLACEMENT_3D('',#11965,#9607,#9608);
#8433=AXIS2_PLACEMENT_3D('',#11979,#9616,#9617);
#8434=AXIS2_PLACEMENT_3D('',#11993,#9625,#9626);
#8435=AXIS2_PLACEMENT_3D('',#11996,#9629,#9630);
#8436=AXIS2_PLACEMENT_3D('',#12005,#9635,#9636);
#8437=AXIS2_PLACEMENT_3D('',#12016,#9643,#9644);
#8438=AXIS2_PLACEMENT_3D('',#12027,#9651,#9652);
#8439=AXIS2_PLACEMENT_3D('',#12041,#9660,#9661);
#8440=AXIS2_PLACEMENT_3D('',#12055,#9669,#9670);
#8441=AXIS2_PLACEMENT_3D('',#12058,#9673,#9674);
#8442=AXIS2_PLACEMENT_3D('',#12067,#9679,#9680);
#8443=AXIS2_PLACEMENT_3D('',#12078,#9687,#9688);
#8444=AXIS2_PLACEMENT_3D('',#12092,#9696,#9697);
#8445=AXIS2_PLACEMENT_3D('',#12098,#9701,#9702);
#8446=AXIS2_PLACEMENT_3D('',#12107,#9707,#9708);
#8447=AXIS2_PLACEMENT_3D('',#12113,#9712,#9713);
#8448=AXIS2_PLACEMENT_3D('',#12119,#9717,#9718);
#8449=AXIS2_PLACEMENT_3D('',#12122,#9721,#9722);
#8450=AXIS2_PLACEMENT_3D('',#12123,#9723,#9724);
#8451=AXIS2_PLACEMENT_3D('',#12132,#9729,#9730);
#8452=AXIS2_PLACEMENT_3D('',#12138,#9734,#9735);
#8453=AXIS2_PLACEMENT_3D('',#12144,#9739,#9740);
#8454=AXIS2_PLACEMENT_3D('',#12147,#9743,#9744);
#8455=AXIS2_PLACEMENT_3D('',#12148,#9745,#9746);
#8456=AXIS2_PLACEMENT_3D('',#12157,#9751,#9752);
#8457=AXIS2_PLACEMENT_3D('',#12163,#9756,#9757);
#8458=AXIS2_PLACEMENT_3D('',#12169,#9761,#9762);
#8459=AXIS2_PLACEMENT_3D('',#12171,#9764,#9765);
#8460=AXIS2_PLACEMENT_3D('',#12180,#9770,#9771);
#8461=AXIS2_PLACEMENT_3D('',#12182,#9773,#9774);
#8462=AXIS2_PLACEMENT_3D('',#12184,#9776,#9777);
#8463=AXIS2_PLACEMENT_3D('',#12186,#9779,#9780);
#8464=AXIS2_PLACEMENT_3D('',#12188,#9782,#9783);
#8465=AXIS2_PLACEMENT_3D('',#12190,#9785,#9786);
#8466=AXIS2_PLACEMENT_3D('',#12192,#9788,#9789);
#8467=AXIS2_PLACEMENT_3D('',#12194,#9791,#9792);
#8468=AXIS2_PLACEMENT_3D('',#12196,#9794,#9795);
#8469=AXIS2_PLACEMENT_3D('',#12198,#9797,#9798);
#8470=AXIS2_PLACEMENT_3D('',#12200,#9800,#9801);
#8471=AXIS2_PLACEMENT_3D('',#12202,#9803,#9804);
#8472=AXIS2_PLACEMENT_3D('',#12204,#9806,#9807);
#8473=AXIS2_PLACEMENT_3D('',#12206,#9809,#9810);
#8474=AXIS2_PLACEMENT_3D('',#12209,#9813,#9814);
#8475=AXIS2_PLACEMENT_3D('',#12211,#9816,#9817);
#8476=AXIS2_PLACEMENT_3D('',#12213,#9819,#9820);
#8477=AXIS2_PLACEMENT_3D('',#12215,#9822,#9823);
#8478=AXIS2_PLACEMENT_3D('',#12217,#9825,#9826);
#8479=AXIS2_PLACEMENT_3D('',#12220,#9829,#9830);
#8480=AXIS2_PLACEMENT_3D('',#12222,#9832,#9833);
#8481=AXIS2_PLACEMENT_3D('',#12224,#9835,#9836);
#8482=AXIS2_PLACEMENT_3D('',#12227,#9839,#9840);
#8483=AXIS2_PLACEMENT_3D('',#12228,#9841,#9842);
#8484=AXIS2_PLACEMENT_3D('',#12234,#9846,#9847);
#8485=AXIS2_PLACEMENT_3D('',#12237,#9850,#9851);
#8486=AXIS2_PLACEMENT_3D('',#12239,#9853,#9854);
#8487=AXIS2_PLACEMENT_3D('',#12243,#9857,#9858);
#8488=AXIS2_PLACEMENT_3D('',#12247,#9861,#9862);
#8489=AXIS2_PLACEMENT_3D('',#12250,#9865,#9866);
#8490=AXIS2_PLACEMENT_3D('',#12252,#9868,#9869);
#8491=AXIS2_PLACEMENT_3D('',#12254,#9871,#9872);
#8492=AXIS2_PLACEMENT_3D('',#12256,#9874,#9875);
#8493=AXIS2_PLACEMENT_3D('',#12258,#9877,#9878);
#8494=AXIS2_PLACEMENT_3D('',#12261,#9881,#9882);
#8495=AXIS2_PLACEMENT_3D('',#12263,#9884,#9885);
#8496=AXIS2_PLACEMENT_3D('',#12265,#9887,#9888);
#8497=AXIS2_PLACEMENT_3D('',#12267,#9890,#9891);
#8498=AXIS2_PLACEMENT_3D('',#12269,#9893,#9894);
#8499=AXIS2_PLACEMENT_3D('',#12272,#9897,#9898);
#8500=AXIS2_PLACEMENT_3D('',#12274,#9900,#9901);
#8501=AXIS2_PLACEMENT_3D('',#12276,#9903,#9904);
#8502=AXIS2_PLACEMENT_3D('',#12278,#9906,#9907);
#8503=AXIS2_PLACEMENT_3D('',#12280,#9909,#9910);
#8504=AXIS2_PLACEMENT_3D('',#12285,#9914,#9915);
#8505=AXIS2_PLACEMENT_3D('',#12287,#9917,#9918);
#8506=AXIS2_PLACEMENT_3D('',#12291,#9921,#9922);
#8507=AXIS2_PLACEMENT_3D('',#12297,#9926,#9927);
#8508=AXIS2_PLACEMENT_3D('',#12299,#9929,#9930);
#8509=AXIS2_PLACEMENT_3D('',#12302,#9933,#9934);
#8510=AXIS2_PLACEMENT_3D('',#12304,#9936,#9937);
#8511=AXIS2_PLACEMENT_3D('',#12306,#9939,#9940);
#8512=AXIS2_PLACEMENT_3D('',#12309,#9943,#9944);
#8513=AXIS2_PLACEMENT_3D('',#12310,#9945,#9946);
#8514=AXIS2_PLACEMENT_3D('',#12313,#9949,#9950);
#8515=AXIS2_PLACEMENT_3D('',#12315,#9952,#9953);
#8516=AXIS2_PLACEMENT_3D('',#12317,#9955,#9956);
#8517=AXIS2_PLACEMENT_3D('',#12320,#9959,#9960);
#8518=AXIS2_PLACEMENT_3D('',#12321,#9961,#9962);
#8519=AXIS2_PLACEMENT_3D('',#12324,#9965,#9966);
#8520=AXIS2_PLACEMENT_3D('',#12326,#9968,#9969);
#8521=AXIS2_PLACEMENT_3D('',#12328,#9971,#9972);
#8522=AXIS2_PLACEMENT_3D('',#12331,#9975,#9976);
#8523=AXIS2_PLACEMENT_3D('',#12332,#9977,#9978);
#8524=AXIS2_PLACEMENT_3D('',#12335,#9981,#9982);
#8525=AXIS2_PLACEMENT_3D('',#12337,#9984,#9985);
#8526=AXIS2_PLACEMENT_3D('',#12339,#9987,#9988);
#8527=AXIS2_PLACEMENT_3D('',#12341,#9990,#9991);
#8528=AXIS2_PLACEMENT_3D('',#12343,#9993,#9994);
#8529=AXIS2_PLACEMENT_3D('',#12346,#9997,#9998);
#8530=AXIS2_PLACEMENT_3D('',#12348,#10000,#10001);
#8531=AXIS2_PLACEMENT_3D('',#12350,#10003,#10004);
#8532=AXIS2_PLACEMENT_3D('',#12352,#10006,#10007);
#8533=AXIS2_PLACEMENT_3D('',#12354,#10009,#10010);
#8534=AXIS2_PLACEMENT_3D('',#12357,#10013,#10014);
#8535=AXIS2_PLACEMENT_3D('',#12359,#10016,#10017);
#8536=AXIS2_PLACEMENT_3D('',#12361,#10019,#10020);
#8537=AXIS2_PLACEMENT_3D('',#12364,#10023,#10024);
#8538=AXIS2_PLACEMENT_3D('',#12365,#10025,#10026);
#8539=AXIS2_PLACEMENT_3D('',#12368,#10029,#10030);
#8540=AXIS2_PLACEMENT_3D('',#12370,#10032,#10033);
#8541=AXIS2_PLACEMENT_3D('',#12372,#10035,#10036);
#8542=AXIS2_PLACEMENT_3D('',#12375,#10039,#10040);
#8543=AXIS2_PLACEMENT_3D('',#12376,#10041,#10042);
#8544=AXIS2_PLACEMENT_3D('',#12384,#10047,#10048);
#8545=AXIS2_PLACEMENT_3D('',#12392,#10053,#10054);
#8546=AXIS2_PLACEMENT_3D('',#12405,#10061,#10062);
#8547=AXIS2_PLACEMENT_3D('',#12411,#10066,#10067);
#8548=AXIS2_PLACEMENT_3D('',#12417,#10071,#10072);
#8549=AXIS2_PLACEMENT_3D('',#12423,#10076,#10077);
#8550=AXIS2_PLACEMENT_3D('',#12434,#10084,#10085);
#8551=AXIS2_PLACEMENT_3D('',#12443,#10090,#10091);
#8552=AXIS2_PLACEMENT_3D('',#12453,#10097,#10098);
#8553=AXIS2_PLACEMENT_3D('',#12459,#10102,#10103);
#8554=AXIS2_PLACEMENT_3D('',#12473,#10111,#10112);
#8555=AXIS2_PLACEMENT_3D('',#12476,#10115,#10116);
#8556=AXIS2_PLACEMENT_3D('',#12485,#10121,#10122);
#8557=AXIS2_PLACEMENT_3D('',#12494,#10127,#10128);
#8558=AXIS2_PLACEMENT_3D('',#12503,#10133,#10134);
#8559=AXIS2_PLACEMENT_3D('',#12512,#10139,#10140);
#8560=AXIS2_PLACEMENT_3D('',#12518,#10144,#10145);
#8561=AXIS2_PLACEMENT_3D('',#12522,#10148,#10149);
#8562=AXIS2_PLACEMENT_3D('',#12526,#10152,#10153);
#8563=AXIS2_PLACEMENT_3D('',#12528,#10155,#10156);
#8564=AXIS2_PLACEMENT_3D('',#12537,#10161,#10162);
#8565=AXIS2_PLACEMENT_3D('',#12543,#10166,#10167);
#8566=AXIS2_PLACEMENT_3D('',#12547,#10170,#10171);
#8567=AXIS2_PLACEMENT_3D('',#12551,#10174,#10175);
#8568=AXIS2_PLACEMENT_3D('',#12553,#10177,#10178);
#8569=AXIS2_PLACEMENT_3D('',#12559,#10182,#10183);
#8570=AXIS2_PLACEMENT_3D('',#12567,#10188,#10189);
#8571=AXIS2_PLACEMENT_3D('',#12575,#10194,#10195);
#8572=AXIS2_PLACEMENT_3D('',#12581,#10199,#10200);
#8573=AXIS2_PLACEMENT_3D('',#12589,#10205,#10206);
#8574=AXIS2_PLACEMENT_3D('',#12597,#10211,#10212);
#8575=AXIS2_PLACEMENT_3D('',#12603,#10216,#10217);
#8576=AXIS2_PLACEMENT_3D('',#12609,#10221,#10222);
#8577=AXIS2_PLACEMENT_3D('',#12612,#10225,#10226);
#8578=AXIS2_PLACEMENT_3D('',#12616,#10229,#10230);
#8579=AXIS2_PLACEMENT_3D('',#12620,#10233,#10234);
#8580=AXIS2_PLACEMENT_3D('',#12622,#10236,#10237);
#8581=AXIS2_PLACEMENT_3D('',#12625,#10238,#10239);
#8582=AXIS2_PLACEMENT_3D('',#12629,#10241,#10242);
#8583=AXIS2_PLACEMENT_3D('',#12631,#10244,#10245);
#8584=AXIS2_PLACEMENT_3D('',#12637,#10249,#10250);
#8585=AXIS2_PLACEMENT_3D('',#12639,#10251,#10252);
#8586=AXIS2_PLACEMENT_3D('',#12641,#10253,#10254);
#8587=AXIS2_PLACEMENT_3D('',#12643,#10256,#10257);
#8588=AXIS2_PLACEMENT_3D('',#12646,#10260,#10261);
#8589=AXIS2_PLACEMENT_3D('',#12649,#10264,#10265);
#8590=AXIS2_PLACEMENT_3D('',#12652,#10268,#10269);
#8591=AXIS2_PLACEMENT_3D('',#12654,#10271,#10272);
#8592=AXIS2_PLACEMENT_3D('',#12656,#10274,#10275);
#8593=AXIS2_PLACEMENT_3D('',#12659,#10278,#10279);
#8594=AXIS2_PLACEMENT_3D('',#12661,#10281,#10282);
#8595=AXIS2_PLACEMENT_3D('',#12663,#10284,#10285);
#8596=AXIS2_PLACEMENT_3D('',#12666,#10288,#10289);
#8597=AXIS2_PLACEMENT_3D('',#12668,#10291,#10292);
#8598=AXIS2_PLACEMENT_3D('',#12670,#10294,#10295);
#8599=AXIS2_PLACEMENT_3D('',#12688,#10305,#10306);
#8600=AXIS2_PLACEMENT_3D('',#12691,#10309,#10310);
#8601=AXIS2_PLACEMENT_3D('',#12693,#10312,#10313);
#8602=AXIS2_PLACEMENT_3D('',#12695,#10315,#10316);
#8603=AXIS2_PLACEMENT_3D('',#12696,#10317,#10318);
#8604=AXIS2_PLACEMENT_3D('',#12699,#10321,#10322);
#8605=AXIS2_PLACEMENT_3D('',#12701,#10324,#10325);
#8606=AXIS2_PLACEMENT_3D('',#12703,#10327,#10328);
#8607=AXIS2_PLACEMENT_3D('',#12704,#10329,#10330);
#8608=AXIS2_PLACEMENT_3D('',#12705,#10331,#10332);
#8609=AXIS2_PLACEMENT_3D('',#12707,#10334,#10335);
#8610=AXIS2_PLACEMENT_3D('',#12708,#10336,#10337);
#8611=AXIS2_PLACEMENT_3D('',#12709,#10338,#10339);
#8612=AXIS2_PLACEMENT_3D('',#12712,#10340,#10341);
#8613=AXIS2_PLACEMENT_3D('',#12716,#10343,#10344);
#8614=AXIS2_PLACEMENT_3D('',#12718,#10346,#10347);
#8615=AXIS2_PLACEMENT_3D('',#12721,#10348,#10349);
#8616=AXIS2_PLACEMENT_3D('',#12725,#10351,#10352);
#8617=AXIS2_PLACEMENT_3D('',#12727,#10354,#10355);
#8618=AXIS2_PLACEMENT_3D('',#12730,#10356,#10357);
#8619=AXIS2_PLACEMENT_3D('',#12734,#10359,#10360);
#8620=AXIS2_PLACEMENT_3D('',#12736,#10362,#10363);
#8621=AXIS2_PLACEMENT_3D('',#12739,#10364,#10365);
#8622=AXIS2_PLACEMENT_3D('',#12743,#10367,#10368);
#8623=AXIS2_PLACEMENT_3D('',#12745,#10370,#10371);
#8624=AXIS2_PLACEMENT_3D('',#12748,#10372,#10373);
#8625=AXIS2_PLACEMENT_3D('',#12752,#10375,#10376);
#8626=AXIS2_PLACEMENT_3D('',#12754,#10378,#10379);
#8627=AXIS2_PLACEMENT_3D('',#12777,#10390,#10391);
#8628=AXIS2_PLACEMENT_3D('',#12781,#10393,#10394);
#8629=AXIS2_PLACEMENT_3D('',#12783,#10395,#10396);
#8630=AXIS2_PLACEMENT_3D('',#12787,#10398,#10399);
#8631=AXIS2_PLACEMENT_3D('',#12789,#10400,#10401);
#8632=AXIS2_PLACEMENT_3D('',#12793,#10403,#10404);
#8633=AXIS2_PLACEMENT_3D('',#12795,#10405,#10406);
#8634=AXIS2_PLACEMENT_3D('',#12798,#10408,#10409);
#8635=AXIS2_PLACEMENT_3D('',#12799,#10410,#10411);
#8636=AXIS2_PLACEMENT_3D('',#12805,#10415,#10416);
#8637=AXIS2_PLACEMENT_3D('',#12811,#10420,#10421);
#8638=AXIS2_PLACEMENT_3D('',#12818,#10426,#10427);
#8639=AXIS2_PLACEMENT_3D('',#12821,#10430,#10431);
#8640=AXIS2_PLACEMENT_3D('',#12825,#10434,#10435);
#8641=AXIS2_PLACEMENT_3D('',#12829,#10438,#10439);
#8642=AXIS2_PLACEMENT_3D('',#12832,#10442,#10443);
#8643=AXIS2_PLACEMENT_3D('',#12835,#10446,#10447);
#8644=AXIS2_PLACEMENT_3D('',#12841,#10451,#10452);
#8645=AXIS2_PLACEMENT_3D('',#12845,#10455,#10456);
#8646=AXIS2_PLACEMENT_3D('',#12849,#10459,#10460);
#8647=AXIS2_PLACEMENT_3D('',#12853,#10463,#10464);
#8648=AXIS2_PLACEMENT_3D('',#12857,#10467,#10468);
#8649=AXIS2_PLACEMENT_3D('',#12861,#10471,#10472);
#8650=AXIS2_PLACEMENT_3D('',#12865,#10475,#10476);
#8651=AXIS2_PLACEMENT_3D('',#12869,#10479,#10480);
#8652=AXIS2_PLACEMENT_3D('',#12873,#10483,#10484);
#8653=AXIS2_PLACEMENT_3D('',#13137,#10494,#10495);
#8654=AXIS2_PLACEMENT_3D('',#13139,#10497,#10498);
#8655=AXIS2_PLACEMENT_3D('',#13141,#10500,#10501);
#8656=AXIS2_PLACEMENT_3D('',#13147,#10505,#10506);
#8657=AXIS2_PLACEMENT_3D('',#13153,#10510,#10511);
#8658=AXIS2_PLACEMENT_3D('',#13155,#10513,#10514);
#8659=AXIS2_PLACEMENT_3D('',#13157,#10516,#10517);
#8660=AXIS2_PLACEMENT_3D('',#13161,#10519,#10520);
#8661=AXIS2_PLACEMENT_3D('',#13162,#10521,#10522);
#8662=AXIS2_PLACEMENT_3D('',#13163,#10523,#10524);
#8663=AXIS2_PLACEMENT_3D('',#13165,#10525,#10526);
#8664=AXIS2_PLACEMENT_3D('',#13168,#10528,#10529);
#8665=AXIS2_PLACEMENT_3D('',#13169,#10530,#10531);
#8666=AXIS2_PLACEMENT_3D('',#13171,#10533,#10534);
#8667=AXIS2_PLACEMENT_3D('',#13173,#10536,#10537);
#8668=AXIS2_PLACEMENT_3D('',#13174,#10538,#10539);
#8669=AXIS2_PLACEMENT_3D('',#13177,#10542,#10543);
#8670=AXIS2_PLACEMENT_3D('',#13179,#10545,#10546);
#8671=AXIS2_PLACEMENT_3D('',#13181,#10548,#10549);
#8672=AXIS2_PLACEMENT_3D('',#13184,#10552,#10553);
#8673=AXIS2_PLACEMENT_3D('',#13186,#10555,#10556);
#8674=AXIS2_PLACEMENT_3D('',#13188,#10558,#10559);
#8675=AXIS2_PLACEMENT_3D('',#13189,#10560,#10561);
#8676=AXIS2_PLACEMENT_3D('',#13190,#10562,#10563);
#8677=AXIS2_PLACEMENT_3D('',#13191,#10564,#10565);
#8678=AXIS2_PLACEMENT_3D('',#13192,#10566,#10567);
#8679=AXIS2_PLACEMENT_3D('',#13196,#10569,#10570);
#8680=AXIS2_PLACEMENT_3D('',#13197,#10571,#10572);
#8681=AXIS2_PLACEMENT_3D('',#13198,#10573,#10574);
#8682=AXIS2_PLACEMENT_3D('',#13200,#10575,#10576);
#8683=AXIS2_PLACEMENT_3D('',#13203,#10578,#10579);
#8684=AXIS2_PLACEMENT_3D('',#13204,#10580,#10581);
#8685=AXIS2_PLACEMENT_3D('',#13206,#10583,#10584);
#8686=AXIS2_PLACEMENT_3D('',#13208,#10586,#10587);
#8687=AXIS2_PLACEMENT_3D('',#13210,#10588,#10589);
#8688=AXIS2_PLACEMENT_3D('',#13213,#10591,#10592);
#8689=AXIS2_PLACEMENT_3D('',#13214,#10593,#10594);
#8690=AXIS2_PLACEMENT_3D('',#13218,#10596,#10597);
#8691=AXIS2_PLACEMENT_3D('',#13219,#10598,#10599);
#8692=AXIS2_PLACEMENT_3D('',#13220,#10600,#10601);
#8693=AXIS2_PLACEMENT_3D('',#13222,#10603,#10604);
#8694=AXIS2_PLACEMENT_3D('',#13224,#10606,#10607);
#8695=AXIS2_PLACEMENT_3D('',#13230,#10611,#10612);
#8696=AXIS2_PLACEMENT_3D('',#13234,#10615,#10616);
#8697=AXIS2_PLACEMENT_3D('',#13238,#10619,#10620);
#8698=AXIS2_PLACEMENT_3D('',#13240,#10622,#10623);
#8699=AXIS2_PLACEMENT_3D('',#13246,#10627,#10628);
#8700=AXIS2_PLACEMENT_3D('',#13250,#10631,#10632);
#8701=AXIS2_PLACEMENT_3D('',#13254,#10635,#10636);
#8702=AXIS2_PLACEMENT_3D('',#13256,#10638,#10639);
#8703=AXIS2_PLACEMENT_3D('',#13257,#10640,#10641);
#8704=AXIS2_PLACEMENT_3D('',#13258,#10642,#10643);
#8705=AXIS2_PLACEMENT_3D('',#13259,#10644,#10645);
#8706=AXIS2_PLACEMENT_3D('',#13263,#10647,#10648);
#8707=AXIS2_PLACEMENT_3D('',#13264,#10649,#10650);
#8708=AXIS2_PLACEMENT_3D('',#13265,#10651,#10652);
#8709=AXIS2_PLACEMENT_3D('',#13267,#10654,#10655);
#8710=AXIS2_PLACEMENT_3D('',#13269,#10657,#10658);
#8711=AXIS2_PLACEMENT_3D('',#13270,#10659,#10660);
#8712=AXIS2_PLACEMENT_3D('',#13271,#10661,#10662);
#8713=AXIS2_PLACEMENT_3D('',#13272,#10663,#10664);
#8714=AXIS2_PLACEMENT_3D('',#13274,#10665,#10666);
#8715=AXIS2_PLACEMENT_3D('',#13277,#10668,#10669);
#8716=AXIS2_PLACEMENT_3D('',#13278,#10670,#10671);
#8717=AXIS2_PLACEMENT_3D('',#13280,#10673,#10674);
#8718=AXIS2_PLACEMENT_3D('',#13282,#10676,#10677);
#8719=AXIS2_PLACEMENT_3D('',#13288,#10681,#10682);
#8720=AXIS2_PLACEMENT_3D('',#13292,#10685,#10686);
#8721=AXIS2_PLACEMENT_3D('',#13296,#10689,#10690);
#8722=AXIS2_PLACEMENT_3D('',#13298,#10692,#10693);
#8723=AXIS2_PLACEMENT_3D('',#13302,#10695,#10696);
#8724=AXIS2_PLACEMENT_3D('',#13303,#10697,#10698);
#8725=AXIS2_PLACEMENT_3D('',#13304,#10699,#10700);
#8726=AXIS2_PLACEMENT_3D('',#13306,#10701,#10702);
#8727=AXIS2_PLACEMENT_3D('',#13309,#10704,#10705);
#8728=AXIS2_PLACEMENT_3D('',#13310,#10706,#10707);
#8729=AXIS2_PLACEMENT_3D('',#13312,#10709,#10710);
#8730=AXIS2_PLACEMENT_3D('',#13314,#10712,#10713);
#8731=AXIS2_PLACEMENT_3D('',#13317,#10714,#10715);
#8732=AXIS2_PLACEMENT_3D('',#13321,#10717,#10718);
#8733=AXIS2_PLACEMENT_3D('',#13323,#10720,#10721);
#8734=AXIS2_PLACEMENT_3D('',#13326,#10722,#10723);
#8735=AXIS2_PLACEMENT_3D('',#13330,#10725,#10726);
#8736=AXIS2_PLACEMENT_3D('',#13332,#10728,#10729);
#8737=AXIS2_PLACEMENT_3D('',#13335,#10732,#10733);
#8738=AXIS2_PLACEMENT_3D('',#13338,#10736,#10737);
#8739=AXIS2_PLACEMENT_3D('',#13340,#10739,#10740);
#8740=AXIS2_PLACEMENT_3D('',#13342,#10742,#10743);
#8741=AXIS2_PLACEMENT_3D('',#13343,#10744,#10745);
#8742=AXIS2_PLACEMENT_3D('',#13371,#10749,#10750);
#8743=AXIS2_PLACEMENT_3D('',#13380,#10755,#10756);
#8744=AXIS2_PLACEMENT_3D('',#13408,#10760,#10761);
#8745=AXIS2_PLACEMENT_3D('',#13484,#10766,#10767);
#8746=AXIS2_PLACEMENT_3D('',#13485,#10768,#10769);
#8747=AXIS2_PLACEMENT_3D('',#13486,#10770,#10771);
#8748=AXIS2_PLACEMENT_3D('',#13487,#10772,#10773);
#8749=AXIS2_PLACEMENT_3D('',#13488,#10774,#10775);
#8750=AXIS2_PLACEMENT_3D('',#13556,#10776,#10777);
#8751=AXIS2_PLACEMENT_3D('',#13558,#10778,#10779);
#8752=AXIS2_PLACEMENT_3D('',#13559,#10780,#10781);
#8753=AXIS2_PLACEMENT_3D('',#13560,#10782,#10783);
#8754=AXIS2_PLACEMENT_3D('',#13561,#10784,#10785);
#8755=AXIS2_PLACEMENT_3D('',#13562,#10786,#10787);
#8756=AXIS2_PLACEMENT_3D('',#13565,#10789,#10790);
#8757=AXIS2_PLACEMENT_3D('',#13566,#10791,#10792);
#8758=AXIS2_PLACEMENT_3D('',#13568,#10793,#10794);
#8759=AXIS2_PLACEMENT_3D('',#13570,#10796,#10797);
#8760=AXIS2_PLACEMENT_3D('',#13571,#10798,#10799);
#8761=AXIS2_PLACEMENT_3D('',#13572,#10800,#10801);
#8762=AXIS2_PLACEMENT_3D('',#13573,#10802,#10803);
#8763=AXIS2_PLACEMENT_3D('',#13574,#10804,#10805);
#8764=AXIS2_PLACEMENT_3D('',#13575,#10806,#10807);
#8765=AXIS2_PLACEMENT_3D('',#13578,#10809,#10810);
#8766=AXIS2_PLACEMENT_3D('',#13579,#10811,#10812);
#8767=AXIS2_PLACEMENT_3D('',#13580,#10813,#10814);
#8768=AXIS2_PLACEMENT_3D('',#13582,#10816,#10817);
#8769=AXIS2_PLACEMENT_3D('',#13620,#10818,#10819);
#8770=AXIS2_PLACEMENT_3D('',#13621,#10820,#10821);
#8771=AXIS2_PLACEMENT_3D('',#13652,#10822,#10823);
#8772=AXIS2_PLACEMENT_3D('',#13653,#10824,#10825);
#8773=AXIS2_PLACEMENT_3D('',#13691,#10826,#10827);
#8774=AXIS2_PLACEMENT_3D('',#13692,#10828,#10829);
#8775=AXIS2_PLACEMENT_3D('',#13723,#10830,#10831);
#8776=AXIS2_PLACEMENT_3D('',#13724,#10832,#10833);
#8777=AXIS2_PLACEMENT_3D('',#13727,#10835,#10836);
#8778=AXIS2_PLACEMENT_3D('',#13728,#10837,#10838);
#8779=AXIS2_PLACEMENT_3D('',#13730,#10839,#10840);
#8780=AXIS2_PLACEMENT_3D('',#13731,#10841,#10842);
#8781=AXIS2_PLACEMENT_3D('',#13732,#10843,#10844);
#8782=AXIS2_PLACEMENT_3D('',#13734,#10845,#10846);
#8783=AXIS2_PLACEMENT_3D('',#13736,#10848,#10849);
#8784=AXIS2_PLACEMENT_3D('',#13738,#10850,#10851);
#8785=AXIS2_PLACEMENT_3D('',#13740,#10853,#10854);
#8786=AXIS2_PLACEMENT_3D('',#13743,#10855,#10856);
#8787=AXIS2_PLACEMENT_3D('',#13746,#10859,#10860);
#8788=AXIS2_PLACEMENT_3D('',#13747,#10861,#10862);
#8789=AXIS2_PLACEMENT_3D('',#13748,#10863,#10864);
#8790=AXIS2_PLACEMENT_3D('',#13749,#10865,#10866);
#8791=AXIS2_PLACEMENT_3D('',#13750,#10867,#10868);
#8792=AXIS2_PLACEMENT_3D('',#13751,#10869,#10870);
#8793=AXIS2_PLACEMENT_3D('',#13754,#10871,#10872);
#8794=AXIS2_PLACEMENT_3D('',#13757,#10875,#10876);
#8795=AXIS2_PLACEMENT_3D('',#13758,#10877,#10878);
#8796=AXIS2_PLACEMENT_3D('',#13760,#10880,#10881);
#8797=AXIS2_PLACEMENT_3D('',#13762,#10883,#10884);
#8798=AXIS2_PLACEMENT_3D('',#13763,#10885,#10886);
#8799=AXIS2_PLACEMENT_3D('',#13764,#10887,#10888);
#8800=AXIS2_PLACEMENT_3D('',#13766,#10890,#10891);
#8801=AXIS2_PLACEMENT_3D('',#13767,#10892,#10893);
#8802=AXIS2_PLACEMENT_3D('',#13768,#10894,#10895);
#8803=AXIS2_PLACEMENT_3D('',#13769,#10896,#10897);
#8804=AXIS2_PLACEMENT_3D('',#13770,#10898,#10899);
#8805=AXIS2_PLACEMENT_3D('',#13771,#10900,#10901);
#8806=AXIS2_PLACEMENT_3D('',#13772,#10902,#10903);
#8807=AXIS2_PLACEMENT_3D('',#13773,#10904,#10905);
#8808=AXIS2_PLACEMENT_3D('',#13774,#10906,#10907);
#8809=AXIS2_PLACEMENT_3D('',#13775,#10908,#10909);
#8810=AXIS2_PLACEMENT_3D('',#13776,#10910,#10911);
#8811=AXIS2_PLACEMENT_3D('',#13777,#10912,#10913);
#8812=AXIS2_PLACEMENT_3D('',#13778,#10914,#10915);
#8813=AXIS2_PLACEMENT_3D('',#13779,#10916,#10917);
#8814=AXIS2_PLACEMENT_3D('',#13780,#10918,#10919);
#8815=AXIS2_PLACEMENT_3D('',#13781,#10920,#10921);
#8816=AXIS2_PLACEMENT_3D('',#13782,#10922,#10923);
#8817=AXIS2_PLACEMENT_3D('',#13783,#10924,#10925);
#8818=AXIS2_PLACEMENT_3D('',#13784,#10926,#10927);
#8819=AXIS2_PLACEMENT_3D('',#13785,#10928,#10929);
#8820=DIRECTION('axis',(0.,0.,1.));
#8821=DIRECTION('refdir',(1.,0.,0.));
#8822=DIRECTION('axis',(0.,0.,1.));
#8823=DIRECTION('refdir',(1.,0.,0.));
#8824=DIRECTION('center_axis',(0.,0.,-1.));
#8825=DIRECTION('ref_axis',(-1.,0.,0.));
#8826=DIRECTION('',(1.,0.,0.));
#8827=DIRECTION('',(0.,-1.,0.));
#8828=DIRECTION('',(1.,0.,0.));
#8829=DIRECTION('',(0.,-1.,0.));
#8830=DIRECTION('center_axis',(1.,0.,0.));
#8831=DIRECTION('ref_axis',(0.,0.,-1.));
#8832=DIRECTION('',(0.,0.866025403784438,0.500000000000001));
#8833=DIRECTION('',(0.,0.,1.));
#8834=DIRECTION('',(0.,0.,1.));
#8835=DIRECTION('',(0.,-1.,0.));
#8836=DIRECTION('center_axis',(0.,0.,1.));
#8837=DIRECTION('ref_axis',(1.,0.,0.));
#8838=DIRECTION('',(-1.,0.,0.));
#8839=DIRECTION('',(-1.,0.,0.));
#8840=DIRECTION('',(0.,-1.,0.));
#8841=DIRECTION('center_axis',(-1.,0.,0.));
#8842=DIRECTION('ref_axis',(0.,0.,1.));
#8843=DIRECTION('',(0.,-0.866025403784438,-0.500000000000001));
#8844=DIRECTION('',(0.,0.,-1.));
#8845=DIRECTION('',(0.,0.,-1.));
#8846=DIRECTION('center_axis',(0.,0.,-1.));
#8847=DIRECTION('ref_axis',(-1.,0.,0.));
#8848=DIRECTION('',(1.,0.,0.));
#8849=DIRECTION('',(0.,-1.,0.));
#8850=DIRECTION('',(1.,0.,0.));
#8851=DIRECTION('',(0.,-1.,0.));
#8852=DIRECTION('center_axis',(1.,0.,0.));
#8853=DIRECTION('ref_axis',(0.,0.,-1.));
#8854=DIRECTION('',(0.,0.866025403784438,0.500000000000001));
#8855=DIRECTION('',(0.,0.,1.));
#8856=DIRECTION('',(0.,0.,1.));
#8857=DIRECTION('',(0.,-1.,0.));
#8858=DIRECTION('center_axis',(0.,0.,1.));
#8859=DIRECTION('ref_axis',(1.,0.,0.));
#8860=DIRECTION('',(-1.,0.,0.));
#8861=DIRECTION('',(-1.,0.,0.));
#8862=DIRECTION('',(0.,-1.,0.));
#8863=DIRECTION('center_axis',(-1.,0.,0.));
#8864=DIRECTION('ref_axis',(0.,0.,1.));
#8865=DIRECTION('',(0.,-0.866025403784438,-0.500000000000001));
#8866=DIRECTION('',(0.,0.,-1.));
#8867=DIRECTION('',(0.,0.,-1.));
#8868=DIRECTION('center_axis',(1.,0.,0.));
#8869=DIRECTION('ref_axis',(0.,0.,-1.));
#8870=DIRECTION('',(0.,-1.,0.));
#8871=DIRECTION('',(0.,-0.866025403784438,0.500000000000001));
#8872=DIRECTION('',(0.,0.,1.));
#8873=DIRECTION('',(0.,-1.,0.));
#8874=DIRECTION('',(0.,0.,1.));
#8875=DIRECTION('center_axis',(0.,0.,-1.));
#8876=DIRECTION('ref_axis',(-1.,0.,0.));
#8877=DIRECTION('',(1.,0.,0.));
#8878=DIRECTION('',(0.,-1.,0.));
#8879=DIRECTION('',(1.,0.,0.));
#8880=DIRECTION('center_axis',(-1.,0.,0.));
#8881=DIRECTION('ref_axis',(0.,0.,1.));
#8882=DIRECTION('',(0.,0.,-1.));
#8883=DIRECTION('',(0.,0.866025403784438,-0.500000000000001));
#8884=DIRECTION('',(0.,-1.,0.));
#8885=DIRECTION('',(0.,0.,-1.));
#8886=DIRECTION('center_axis',(0.,0.,1.));
#8887=DIRECTION('ref_axis',(1.,0.,0.));
#8888=DIRECTION('',(-1.,0.,0.));
#8889=DIRECTION('',(-1.,0.,0.));
#8890=DIRECTION('center_axis',(1.,0.,0.));
#8891=DIRECTION('ref_axis',(0.,0.,-1.));
#8892=DIRECTION('',(0.,-1.,0.));
#8893=DIRECTION('',(0.,-0.866025403784438,0.500000000000001));
#8894=DIRECTION('',(0.,0.,1.));
#8895=DIRECTION('',(0.,-1.,0.));
#8896=DIRECTION('',(0.,0.,1.));
#8897=DIRECTION('center_axis',(0.,0.,-1.));
#8898=DIRECTION('ref_axis',(-1.,0.,0.));
#8899=DIRECTION('',(1.,0.,0.));
#8900=DIRECTION('',(0.,-1.,0.));
#8901=DIRECTION('',(1.,0.,0.));
#8902=DIRECTION('center_axis',(-1.,0.,0.));
#8903=DIRECTION('ref_axis',(0.,0.,1.));
#8904=DIRECTION('',(0.,0.,-1.));
#8905=DIRECTION('',(0.,0.866025403784438,-0.500000000000001));
#8906=DIRECTION('',(0.,-1.,0.));
#8907=DIRECTION('',(0.,0.,-1.));
#8908=DIRECTION('center_axis',(0.,0.,1.));
#8909=DIRECTION('ref_axis',(1.,0.,0.));
#8910=DIRECTION('',(-1.,0.,0.));
#8911=DIRECTION('',(-1.,0.,0.));
#8912=DIRECTION('center_axis',(0.,0.,-1.));
#8913=DIRECTION('ref_axis',(-1.,0.,0.));
#8914=DIRECTION('',(1.,0.,0.));
#8915=DIRECTION('',(0.,-1.,0.));
#8916=DIRECTION('',(1.,0.,0.));
#8917=DIRECTION('',(0.,-1.,0.));
#8918=DIRECTION('center_axis',(1.,0.,0.));
#8919=DIRECTION('ref_axis',(0.,0.,-1.));
#8920=DIRECTION('',(0.,0.866025403784438,0.500000000000001));
#8921=DIRECTION('',(0.,0.,1.));
#8922=DIRECTION('',(0.,0.,1.));
#8923=DIRECTION('',(0.,-1.,0.));
#8924=DIRECTION('center_axis',(0.,0.,1.));
#8925=DIRECTION('ref_axis',(1.,0.,0.));
#8926=DIRECTION('',(-1.,0.,0.));
#8927=DIRECTION('',(-1.,0.,0.));
#8928=DIRECTION('',(0.,-1.,0.));
#8929=DIRECTION('center_axis',(-1.,0.,0.));
#8930=DIRECTION('ref_axis',(0.,0.,1.));
#8931=DIRECTION('',(0.,-0.866025403784438,-0.500000000000001));
#8932=DIRECTION('',(0.,0.,-1.));
#8933=DIRECTION('',(0.,0.,-1.));
#8934=DIRECTION('center_axis',(0.,0.,-1.));
#8935=DIRECTION('ref_axis',(-1.,0.,0.));
#8936=DIRECTION('',(1.,0.,0.));
#8937=DIRECTION('',(0.,-1.,0.));
#8938=DIRECTION('',(1.,0.,0.));
#8939=DIRECTION('',(0.,-1.,0.));
#8940=DIRECTION('center_axis',(1.,0.,0.));
#8941=DIRECTION('ref_axis',(0.,0.,-1.));
#8942=DIRECTION('',(0.,0.866025403784438,0.500000000000001));
#8943=DIRECTION('',(0.,0.,1.));
#8944=DIRECTION('',(0.,0.,1.));
#8945=DIRECTION('',(0.,-1.,0.));
#8946=DIRECTION('center_axis',(0.,0.,1.));
#8947=DIRECTION('ref_axis',(1.,0.,0.));
#8948=DIRECTION('',(-1.,0.,0.));
#8949=DIRECTION('',(-1.,0.,0.));
#8950=DIRECTION('',(0.,-1.,0.));
#8951=DIRECTION('center_axis',(-1.,0.,0.));
#8952=DIRECTION('ref_axis',(0.,0.,1.));
#8953=DIRECTION('',(0.,-0.866025403784438,-0.500000000000001));
#8954=DIRECTION('',(0.,0.,-1.));
#8955=DIRECTION('',(0.,0.,-1.));
#8956=DIRECTION('center_axis',(0.,0.,-1.));
#8957=DIRECTION('ref_axis',(-1.,0.,0.));
#8958=DIRECTION('',(1.,0.,0.));
#8959=DIRECTION('',(0.,-1.,0.));
#8960=DIRECTION('',(1.,0.,0.));
#8961=DIRECTION('',(0.,-1.,0.));
#8962=DIRECTION('center_axis',(1.,0.,0.));
#8963=DIRECTION('ref_axis',(0.,0.,-1.));
#8964=DIRECTION('',(0.,0.866025403784438,0.500000000000001));
#8965=DIRECTION('',(0.,0.,1.));
#8966=DIRECTION('',(0.,0.,1.));
#8967=DIRECTION('',(0.,-1.,0.));
#8968=DIRECTION('center_axis',(0.,0.,1.));
#8969=DIRECTION('ref_axis',(1.,0.,0.));
#8970=DIRECTION('',(-1.,0.,0.));
#8971=DIRECTION('',(-1.,0.,0.));
#8972=DIRECTION('',(0.,-1.,0.));
#8973=DIRECTION('center_axis',(-1.,0.,0.));
#8974=DIRECTION('ref_axis',(0.,0.,1.));
#8975=DIRECTION('',(0.,-0.866025403784438,-0.500000000000001));
#8976=DIRECTION('',(0.,0.,-1.));
#8977=DIRECTION('',(0.,0.,-1.));
#8978=DIRECTION('center_axis',(0.,0.,-1.));
#8979=DIRECTION('ref_axis',(-1.,0.,0.));
#8980=DIRECTION('',(1.,0.,0.));
#8981=DIRECTION('',(0.,-1.,0.));
#8982=DIRECTION('',(1.,0.,0.));
#8983=DIRECTION('',(0.,-1.,0.));
#8984=DIRECTION('center_axis',(1.,0.,0.));
#8985=DIRECTION('ref_axis',(0.,0.,-1.));
#8986=DIRECTION('',(0.,0.866025403784438,0.500000000000001));
#8987=DIRECTION('',(0.,0.,1.));
#8988=DIRECTION('',(0.,0.,1.));
#8989=DIRECTION('',(0.,-1.,0.));
#8990=DIRECTION('center_axis',(0.,0.,1.));
#8991=DIRECTION('ref_axis',(1.,0.,0.));
#8992=DIRECTION('',(-1.,0.,0.));
#8993=DIRECTION('',(-1.,0.,0.));
#8994=DIRECTION('',(0.,-1.,0.));
#8995=DIRECTION('center_axis',(-1.,0.,0.));
#8996=DIRECTION('ref_axis',(0.,0.,1.));
#8997=DIRECTION('',(0.,-0.866025403784438,-0.500000000000001));
#8998=DIRECTION('',(0.,0.,-1.));
#8999=DIRECTION('',(0.,0.,-1.));
#9000=DIRECTION('center_axis',(1.,0.,0.));
#9001=DIRECTION('ref_axis',(0.,0.,-1.));
#9002=DIRECTION('',(0.,-1.,0.));
#9003=DIRECTION('',(0.,-0.866025403784438,0.500000000000001));
#9004=DIRECTION('',(0.,0.,1.));
#9005=DIRECTION('',(0.,-1.,0.));
#9006=DIRECTION('',(0.,0.,1.));
#9007=DIRECTION('center_axis',(0.,0.,-1.));
#9008=DIRECTION('ref_axis',(-1.,0.,0.));
#9009=DIRECTION('',(1.,0.,0.));
#9010=DIRECTION('',(0.,-1.,0.));
#9011=DIRECTION('',(1.,0.,0.));
#9012=DIRECTION('center_axis',(-1.,0.,0.));
#9013=DIRECTION('ref_axis',(0.,0.,1.));
#9014=DIRECTION('',(0.,0.,-1.));
#9015=DIRECTION('',(0.,0.866025403784438,-0.500000000000001));
#9016=DIRECTION('',(0.,-1.,0.));
#9017=DIRECTION('',(0.,0.,-1.));
#9018=DIRECTION('center_axis',(0.,0.,1.));
#9019=DIRECTION('ref_axis',(1.,0.,0.));
#9020=DIRECTION('',(-1.,0.,0.));
#9021=DIRECTION('',(-1.,0.,0.));
#9022=DIRECTION('center_axis',(1.,0.,0.));
#9023=DIRECTION('ref_axis',(0.,0.,-1.));
#9024=DIRECTION('',(0.,-1.,0.));
#9025=DIRECTION('',(0.,-0.866025403784438,0.500000000000001));
#9026=DIRECTION('',(0.,0.,1.));
#9027=DIRECTION('',(0.,-1.,0.));
#9028=DIRECTION('',(0.,0.,1.));
#9029=DIRECTION('center_axis',(0.,0.,-1.));
#9030=DIRECTION('ref_axis',(-1.,0.,0.));
#9031=DIRECTION('',(1.,0.,0.));
#9032=DIRECTION('',(0.,-1.,0.));
#9033=DIRECTION('',(1.,0.,0.));
#9034=DIRECTION('center_axis',(-1.,0.,0.));
#9035=DIRECTION('ref_axis',(0.,0.,1.));
#9036=DIRECTION('',(0.,0.,-1.));
#9037=DIRECTION('',(0.,0.866025403784438,-0.500000000000001));
#9038=DIRECTION('',(0.,-1.,0.));
#9039=DIRECTION('',(0.,0.,-1.));
#9040=DIRECTION('center_axis',(0.,0.,1.));
#9041=DIRECTION('ref_axis',(1.,0.,0.));
#9042=DIRECTION('',(-1.,0.,0.));
#9043=DIRECTION('',(-1.,0.,0.));
#9044=DIRECTION('center_axis',(1.,0.,0.));
#9045=DIRECTION('ref_axis',(0.,0.,-1.));
#9046=DIRECTION('',(0.,-1.,0.));
#9047=DIRECTION('',(0.,-0.866025403784438,0.500000000000001));
#9048=DIRECTION('',(0.,0.,1.));
#9049=DIRECTION('',(0.,-1.,0.));
#9050=DIRECTION('',(0.,0.,1.));
#9051=DIRECTION('center_axis',(0.,0.,-1.));
#9052=DIRECTION('ref_axis',(-1.,0.,0.));
#9053=DIRECTION('',(1.,0.,0.));
#9054=DIRECTION('',(0.,-1.,0.));
#9055=DIRECTION('',(1.,0.,0.));
#9056=DIRECTION('center_axis',(-1.,0.,0.));
#9057=DIRECTION('ref_axis',(0.,0.,1.));
#9058=DIRECTION('',(0.,0.,-1.));
#9059=DIRECTION('',(0.,0.866025403784438,-0.500000000000001));
#9060=DIRECTION('',(0.,-1.,0.));
#9061=DIRECTION('',(0.,0.,-1.));
#9062=DIRECTION('center_axis',(0.,0.,1.));
#9063=DIRECTION('ref_axis',(1.,0.,0.));
#9064=DIRECTION('',(-1.,0.,0.));
#9065=DIRECTION('',(-1.,0.,0.));
#9066=DIRECTION('center_axis',(1.,0.,0.));
#9067=DIRECTION('ref_axis',(0.,0.,-1.));
#9068=DIRECTION('',(0.,-1.,0.));
#9069=DIRECTION('',(0.,-0.866025403784438,0.500000000000001));
#9070=DIRECTION('',(0.,0.,1.));
#9071=DIRECTION('',(0.,-1.,0.));
#9072=DIRECTION('',(0.,0.,1.));
#9073=DIRECTION('center_axis',(0.,0.,-1.));
#9074=DIRECTION('ref_axis',(-1.,0.,0.));
#9075=DIRECTION('',(1.,0.,0.));
#9076=DIRECTION('',(0.,-1.,0.));
#9077=DIRECTION('',(1.,0.,0.));
#9078=DIRECTION('center_axis',(-1.,0.,0.));
#9079=DIRECTION('ref_axis',(0.,0.,1.));
#9080=DIRECTION('',(0.,0.,-1.));
#9081=DIRECTION('',(0.,0.866025403784438,-0.500000000000001));
#9082=DIRECTION('',(0.,-1.,0.));
#9083=DIRECTION('',(0.,0.,-1.));
#9084=DIRECTION('center_axis',(0.,0.,1.));
#9085=DIRECTION('ref_axis',(1.,0.,0.));
#9086=DIRECTION('',(-1.,0.,0.));
#9087=DIRECTION('',(-1.,0.,0.));
#9088=DIRECTION('center_axis',(0.,0.,-1.));
#9089=DIRECTION('ref_axis',(-1.,0.,0.));
#9090=DIRECTION('',(1.,0.,0.));
#9091=DIRECTION('',(0.,-1.,0.));
#9092=DIRECTION('',(1.,0.,0.));
#9093=DIRECTION('',(0.,-1.,0.));
#9094=DIRECTION('center_axis',(1.,0.,0.));
#9095=DIRECTION('ref_axis',(0.,0.,-1.));
#9096=DIRECTION('',(0.,0.866025403784438,0.500000000000001));
#9097=DIRECTION('',(0.,0.,1.));
#9098=DIRECTION('',(0.,0.,1.));
#9099=DIRECTION('',(0.,-1.,0.));
#9100=DIRECTION('center_axis',(0.,0.,1.));
#9101=DIRECTION('ref_axis',(1.,0.,0.));
#9102=DIRECTION('',(-1.,0.,0.));
#9103=DIRECTION('',(-1.,0.,0.));
#9104=DIRECTION('',(0.,-1.,0.));
#9105=DIRECTION('center_axis',(-1.,0.,0.));
#9106=DIRECTION('ref_axis',(0.,0.,1.));
#9107=DIRECTION('',(0.,-0.866025403784438,-0.500000000000001));
#9108=DIRECTION('',(0.,0.,-1.));
#9109=DIRECTION('',(0.,0.,-1.));
#9110=DIRECTION('center_axis',(1.,0.,0.));
#9111=DIRECTION('ref_axis',(0.,0.,-1.));
#9112=DIRECTION('',(0.,-1.,0.));
#9113=DIRECTION('',(0.,-0.866025403784438,0.500000000000001));
#9114=DIRECTION('',(0.,0.,1.));
#9115=DIRECTION('',(0.,-1.,0.));
#9116=DIRECTION('',(0.,0.,1.));
#9117=DIRECTION('center_axis',(0.,0.,-1.));
#9118=DIRECTION('ref_axis',(-1.,0.,0.));
#9119=DIRECTION('',(1.,0.,0.));
#9120=DIRECTION('',(0.,-1.,0.));
#9121=DIRECTION('',(1.,0.,0.));
#9122=DIRECTION('center_axis',(-1.,0.,0.));
#9123=DIRECTION('ref_axis',(0.,0.,1.));
#9124=DIRECTION('',(0.,0.,-1.));
#9125=DIRECTION('',(0.,0.866025403784438,-0.500000000000001));
#9126=DIRECTION('',(0.,-1.,0.));
#9127=DIRECTION('',(0.,0.,-1.));
#9128=DIRECTION('center_axis',(0.,0.,1.));
#9129=DIRECTION('ref_axis',(1.,0.,0.));
#9130=DIRECTION('',(-1.,0.,0.));
#9131=DIRECTION('',(-1.,0.,0.));
#9132=DIRECTION('center_axis',(1.30528478252581E-16,0.,-1.));
#9133=DIRECTION('ref_axis',(-1.,0.,-1.30528478252581E-16));
#9134=DIRECTION('',(1.,0.,1.30528478252581E-16));
#9135=DIRECTION('',(0.,-1.,0.));
#9136=DIRECTION('',(1.,0.,1.30528478252581E-16));
#9137=DIRECTION('',(0.,-1.,0.));
#9138=DIRECTION('center_axis',(-1.30528478252581E-16,0.,1.));
#9139=DIRECTION('ref_axis',(1.,0.,1.30528478252581E-16));
#9140=DIRECTION('',(-1.,0.,-1.30528478252581E-16));
#9141=DIRECTION('',(0.,-1.,0.));
#9142=DIRECTION('',(-1.,0.,-1.30528478252581E-16));
#9143=DIRECTION('',(0.,-1.,0.));
#9144=DIRECTION('center_axis',(0.,-1.,0.));
#9145=DIRECTION('ref_axis',(0.,0.,-1.));
#9146=DIRECTION('',(0.,0.,1.));
#9147=DIRECTION('',(0.,0.,-1.));
#9148=DIRECTION('center_axis',(1.30528478252581E-16,0.,-1.));
#9149=DIRECTION('ref_axis',(-1.,0.,-1.30528478252581E-16));
#9150=DIRECTION('',(1.,0.,1.30528478252581E-16));
#9151=DIRECTION('',(0.,-1.,0.));
#9152=DIRECTION('',(1.,0.,1.30528478252581E-16));
#9153=DIRECTION('',(0.,-1.,0.));
#9154=DIRECTION('center_axis',(-1.30528478252581E-16,0.,1.));
#9155=DIRECTION('ref_axis',(1.,0.,1.30528478252581E-16));
#9156=DIRECTION('',(-1.,0.,-1.30528478252581E-16));
#9157=DIRECTION('',(0.,-1.,0.));
#9158=DIRECTION('',(-1.,0.,-1.30528478252581E-16));
#9159=DIRECTION('',(0.,-1.,0.));
#9160=DIRECTION('center_axis',(0.,-1.,0.));
#9161=DIRECTION('ref_axis',(0.,0.,-1.));
#9162=DIRECTION('',(0.,0.,1.));
#9163=DIRECTION('',(0.,0.,-1.));
#9164=DIRECTION('center_axis',(1.30528478252581E-16,0.,-1.));
#9165=DIRECTION('ref_axis',(-1.,0.,-1.30528478252581E-16));
#9166=DIRECTION('',(1.,0.,1.30528478252581E-16));
#9167=DIRECTION('',(0.,-1.,0.));
#9168=DIRECTION('',(1.,0.,1.30528478252581E-16));
#9169=DIRECTION('',(0.,-1.,0.));
#9170=DIRECTION('center_axis',(-1.30528478252581E-16,0.,1.));
#9171=DIRECTION('ref_axis',(1.,0.,1.30528478252581E-16));
#9172=DIRECTION('',(-1.,0.,-1.30528478252581E-16));
#9173=DIRECTION('',(0.,-1.,0.));
#9174=DIRECTION('',(-1.,0.,-1.30528478252581E-16));
#9175=DIRECTION('',(0.,-1.,0.));
#9176=DIRECTION('center_axis',(0.,-1.,0.));
#9177=DIRECTION('ref_axis',(0.,0.,-1.));
#9178=DIRECTION('',(0.,0.,1.));
#9179=DIRECTION('',(0.,0.,-1.));
#9180=DIRECTION('center_axis',(1.30528478252581E-16,0.,-1.));
#9181=DIRECTION('ref_axis',(-1.,0.,-1.30528478252581E-16));
#9182=DIRECTION('',(1.,0.,1.30528478252581E-16));
#9183=DIRECTION('',(0.,-1.,0.));
#9184=DIRECTION('',(1.,0.,1.30528478252581E-16));
#9185=DIRECTION('',(0.,-1.,0.));
#9186=DIRECTION('center_axis',(-1.30528478252581E-16,0.,1.));
#9187=DIRECTION('ref_axis',(1.,0.,1.30528478252581E-16));
#9188=DIRECTION('',(-1.,0.,-1.30528478252581E-16));
#9189=DIRECTION('',(0.,-1.,0.));
#9190=DIRECTION('',(-1.,0.,-1.30528478252581E-16));
#9191=DIRECTION('',(0.,-1.,0.));
#9192=DIRECTION('center_axis',(0.,-1.,0.));
#9193=DIRECTION('ref_axis',(0.,0.,-1.));
#9194=DIRECTION('',(0.,0.,1.));
#9195=DIRECTION('',(0.,0.,-1.));
#9196=DIRECTION('center_axis',(1.30528478252581E-16,0.,-1.));
#9197=DIRECTION('ref_axis',(-1.,0.,-1.30528478252581E-16));
#9198=DIRECTION('',(1.,0.,1.30528478252581E-16));
#9199=DIRECTION('',(0.,-1.,0.));
#9200=DIRECTION('',(1.,0.,1.30528478252581E-16));
#9201=DIRECTION('',(0.,-1.,0.));
#9202=DIRECTION('center_axis',(-1.30528478252581E-16,0.,1.));
#9203=DIRECTION('ref_axis',(1.,0.,1.30528478252581E-16));
#9204=DIRECTION('',(-1.,0.,-1.30528478252581E-16));
#9205=DIRECTION('',(0.,-1.,0.));
#9206=DIRECTION('',(-1.,0.,-1.30528478252581E-16));
#9207=DIRECTION('',(0.,-1.,0.));
#9208=DIRECTION('center_axis',(0.,-1.,0.));
#9209=DIRECTION('ref_axis',(0.,0.,-1.));
#9210=DIRECTION('',(0.,0.,1.));
#9211=DIRECTION('',(0.,0.,-1.));
#9212=DIRECTION('center_axis',(1.30528478252581E-16,0.,-1.));
#9213=DIRECTION('ref_axis',(-1.,0.,-1.30528478252581E-16));
#9214=DIRECTION('',(1.,0.,1.30528478252581E-16));
#9215=DIRECTION('',(0.,-1.,0.));
#9216=DIRECTION('',(1.,0.,1.30528478252581E-16));
#9217=DIRECTION('',(0.,-1.,0.));
#9218=DIRECTION('center_axis',(-1.30528478252581E-16,0.,1.));
#9219=DIRECTION('ref_axis',(1.,0.,1.30528478252581E-16));
#9220=DIRECTION('',(-1.,0.,-1.30528478252581E-16));
#9221=DIRECTION('',(0.,-1.,0.));
#9222=DIRECTION('',(-1.,0.,-1.30528478252581E-16));
#9223=DIRECTION('',(0.,-1.,0.));
#9224=DIRECTION('center_axis',(0.,-1.,0.));
#9225=DIRECTION('ref_axis',(0.,0.,-1.));
#9226=DIRECTION('',(0.,0.,1.));
#9227=DIRECTION('',(0.,0.,-1.));
#9228=DIRECTION('center_axis',(0.,0.,1.));
#9229=DIRECTION('ref_axis',(1.,0.,0.));
#9230=DIRECTION('',(1.,0.,0.));
#9231=DIRECTION('',(0.,1.,0.));
#9232=DIRECTION('',(1.,0.,0.));
#9233=DIRECTION('',(0.,-1.,0.));
#9234=DIRECTION('center_axis',(0.,0.,1.));
#9235=DIRECTION('ref_axis',(1.,0.,0.));
#9236=DIRECTION('',(1.,0.,0.));
#9237=DIRECTION('',(0.,1.,0.));
#9238=DIRECTION('',(1.,0.,0.));
#9239=DIRECTION('',(0.,-1.,0.));
#9240=DIRECTION('center_axis',(0.,0.,1.));
#9241=DIRECTION('ref_axis',(1.,0.,0.));
#9242=DIRECTION('',(1.,0.,0.));
#9243=DIRECTION('',(0.,1.,0.));
#9244=DIRECTION('',(1.,0.,0.));
#9245=DIRECTION('',(0.,-1.,0.));
#9246=DIRECTION('center_axis',(0.,0.,1.));
#9247=DIRECTION('ref_axis',(1.,0.,0.));
#9248=DIRECTION('',(1.,0.,0.));
#9249=DIRECTION('',(0.,1.,0.));
#9250=DIRECTION('',(1.,0.,0.));
#9251=DIRECTION('',(0.,-1.,0.));
#9252=DIRECTION('center_axis',(0.,0.,1.));
#9253=DIRECTION('ref_axis',(1.,0.,0.));
#9254=DIRECTION('',(1.,0.,0.));
#9255=DIRECTION('',(0.,1.,0.));
#9256=DIRECTION('',(1.,0.,0.));
#9257=DIRECTION('',(0.,-1.,0.));
#9258=DIRECTION('center_axis',(0.,0.,1.));
#9259=DIRECTION('ref_axis',(1.,0.,0.));
#9260=DIRECTION('',(1.,0.,0.));
#9261=DIRECTION('',(0.,1.,0.));
#9262=DIRECTION('',(1.,0.,0.));
#9263=DIRECTION('',(0.,-1.,0.));
#9264=DIRECTION('center_axis',(0.,0.,1.));
#9265=DIRECTION('ref_axis',(1.,0.,0.));
#9266=DIRECTION('',(1.,0.,0.));
#9267=DIRECTION('',(0.,1.,0.));
#9268=DIRECTION('',(1.,0.,0.));
#9269=DIRECTION('',(0.,1.,0.));
#9270=DIRECTION('center_axis',(0.,0.,-1.));
#9271=DIRECTION('ref_axis',(-1.,0.,0.));
#9272=DIRECTION('',(-1.,0.,0.));
#9273=DIRECTION('',(0.,-1.,0.));
#9274=DIRECTION('',(-1.,0.,0.));
#9275=DIRECTION('',(0.,1.,0.));
#9276=DIRECTION('center_axis',(0.,0.,-1.));
#9277=DIRECTION('ref_axis',(-1.,0.,0.));
#9278=DIRECTION('',(-1.,0.,0.));
#9279=DIRECTION('',(0.,-1.,0.));
#9280=DIRECTION('',(-1.,0.,0.));
#9281=DIRECTION('',(0.,1.,0.));
#9282=DIRECTION('center_axis',(0.,0.,-1.));
#9283=DIRECTION('ref_axis',(-1.,0.,0.));
#9284=DIRECTION('',(-1.,0.,0.));
#9285=DIRECTION('',(0.,-1.,0.));
#9286=DIRECTION('',(-1.,0.,0.));
#9287=DIRECTION('',(0.,1.,0.));
#9288=DIRECTION('center_axis',(0.,0.,-1.));
#9289=DIRECTION('ref_axis',(-1.,0.,0.));
#9290=DIRECTION('',(-1.,0.,0.));
#9291=DIRECTION('',(0.,-1.,0.));
#9292=DIRECTION('',(-1.,0.,0.));
#9293=DIRECTION('',(0.,1.,0.));
#9294=DIRECTION('center_axis',(0.,0.,-1.));
#9295=DIRECTION('ref_axis',(-1.,0.,0.));
#9296=DIRECTION('',(-1.,0.,0.));
#9297=DIRECTION('',(0.,-1.,0.));
#9298=DIRECTION('',(-1.,0.,0.));
#9299=DIRECTION('',(0.,1.,0.));
#9300=DIRECTION('center_axis',(0.,0.,-1.));
#9301=DIRECTION('ref_axis',(-1.,0.,0.));
#9302=DIRECTION('',(-1.,0.,0.));
#9303=DIRECTION('',(0.,-1.,0.));
#9304=DIRECTION('',(-1.,0.,0.));
#9305=DIRECTION('',(0.,1.,0.));
#9306=DIRECTION('center_axis',(0.,0.,-1.));
#9307=DIRECTION('ref_axis',(-1.,0.,0.));
#9308=DIRECTION('',(-1.,0.,0.));
#9309=DIRECTION('',(0.,-1.,0.));
#9310=DIRECTION('',(-1.,0.,0.));
#9311=DIRECTION('',(0.,1.,0.));
#9312=DIRECTION('center_axis',(0.,-0.707106781186548,0.707106781186548));
#9313=DIRECTION('ref_axis',(1.,0.,0.));
#9314=DIRECTION('',(0.,-0.707106781186547,-0.707106781186547));
#9315=DIRECTION('',(-1.,0.,0.));
#9316=DIRECTION('',(1.59303212122948E-16,0.707106781186547,0.707106781186547));
#9317=DIRECTION('center_axis',(0.,-0.707106781186548,0.707106781186548));
#9318=DIRECTION('ref_axis',(1.,0.,0.));
#9319=DIRECTION('',(0.,-0.707106781186547,-0.707106781186547));
#9320=DIRECTION('',(-1.,0.,0.));
#9321=DIRECTION('',(1.59303212122948E-16,0.707106781186547,0.707106781186547));
#9322=DIRECTION('center_axis',(0.,-0.707106781186548,0.707106781186548));
#9323=DIRECTION('ref_axis',(1.,0.,0.));
#9324=DIRECTION('',(0.,-0.707106781186547,-0.707106781186547));
#9325=DIRECTION('',(-1.,0.,0.));
#9326=DIRECTION('',(1.59303212122948E-16,0.707106781186547,0.707106781186547));
#9327=DIRECTION('center_axis',(0.,-0.707106781186548,0.707106781186548));
#9328=DIRECTION('ref_axis',(1.,0.,0.));
#9329=DIRECTION('',(0.,-0.707106781186547,-0.707106781186547));
#9330=DIRECTION('',(-1.,0.,0.));
#9331=DIRECTION('',(1.59303212122948E-16,0.707106781186547,0.707106781186547));
#9332=DIRECTION('center_axis',(0.,-0.707106781186548,0.707106781186548));
#9333=DIRECTION('ref_axis',(1.,0.,0.));
#9334=DIRECTION('',(0.,-0.707106781186547,-0.707106781186547));
#9335=DIRECTION('',(-1.,0.,0.));
#9336=DIRECTION('',(1.59303212122948E-16,0.707106781186547,0.707106781186547));
#9337=DIRECTION('center_axis',(0.,-0.707106781186548,0.707106781186548));
#9338=DIRECTION('ref_axis',(1.,0.,0.));
#9339=DIRECTION('',(0.,-0.707106781186547,-0.707106781186547));
#9340=DIRECTION('',(-1.,0.,0.));
#9341=DIRECTION('',(1.59303212122948E-16,0.707106781186547,0.707106781186547));
#9342=DIRECTION('center_axis',(0.,-0.707106781186548,0.707106781186548));
#9343=DIRECTION('ref_axis',(1.,0.,0.));
#9344=DIRECTION('',(0.,-0.707106781186547,-0.707106781186547));
#9345=DIRECTION('',(-1.,0.,0.));
#9346=DIRECTION('',(0.577350269189626,0.577350269189626,0.577350269189626));
#9347=DIRECTION('center_axis',(0.,-0.707106781186548,-0.707106781186548));
#9348=DIRECTION('ref_axis',(-1.,0.,0.));
#9349=DIRECTION('',(0.,0.707106781186547,-0.707106781186547));
#9350=DIRECTION('',(1.59303212122948E-16,-0.707106781186547,0.707106781186547));
#9351=DIRECTION('',(1.,0.,0.));
#9352=DIRECTION('center_axis',(0.,-0.707106781186548,-0.707106781186548));
#9353=DIRECTION('ref_axis',(-1.,0.,0.));
#9354=DIRECTION('',(0.,0.707106781186547,-0.707106781186547));
#9355=DIRECTION('',(1.59303212122948E-16,-0.707106781186547,0.707106781186547));
#9356=DIRECTION('',(1.,0.,0.));
#9357=DIRECTION('center_axis',(0.,-0.707106781186548,-0.707106781186548));
#9358=DIRECTION('ref_axis',(-1.,0.,0.));
#9359=DIRECTION('',(0.,0.707106781186547,-0.707106781186547));
#9360=DIRECTION('',(1.59303212122948E-16,-0.707106781186547,0.707106781186547));
#9361=DIRECTION('',(1.,0.,0.));
#9362=DIRECTION('center_axis',(0.,-0.707106781186548,-0.707106781186548));
#9363=DIRECTION('ref_axis',(-1.,0.,0.));
#9364=DIRECTION('',(0.,0.707106781186547,-0.707106781186547));
#9365=DIRECTION('',(1.59303212122948E-16,-0.707106781186547,0.707106781186547));
#9366=DIRECTION('',(1.,0.,0.));
#9367=DIRECTION('center_axis',(0.,-0.707106781186548,-0.707106781186548));
#9368=DIRECTION('ref_axis',(-1.,0.,0.));
#9369=DIRECTION('',(0.,0.707106781186547,-0.707106781186547));
#9370=DIRECTION('',(1.59303212122948E-16,-0.707106781186547,0.707106781186547));
#9371=DIRECTION('',(1.,0.,0.));
#9372=DIRECTION('center_axis',(0.,-0.707106781186548,-0.707106781186548));
#9373=DIRECTION('ref_axis',(-1.,0.,0.));
#9374=DIRECTION('',(0.,0.707106781186547,-0.707106781186547));
#9375=DIRECTION('',(1.59303212122948E-16,-0.707106781186547,0.707106781186547));
#9376=DIRECTION('',(1.,0.,0.));
#9377=DIRECTION('center_axis',(0.,-0.707106781186548,-0.707106781186548));
#9378=DIRECTION('ref_axis',(-1.,0.,0.));
#9379=DIRECTION('',(0.,0.707106781186547,-0.707106781186547));
#9380=DIRECTION('',(-0.577350269189626,-0.577350269189626,0.577350269189626));
#9381=DIRECTION('',(1.,0.,0.));
#9382=DIRECTION('center_axis',(0.,-1.,0.));
#9383=DIRECTION('ref_axis',(0.,0.,-1.));
#9384=DIRECTION('center_axis',(0.,1.,0.));
#9385=DIRECTION('ref_axis',(0.,0.,-1.));
#9386=DIRECTION('',(0.,-1.,0.));
#9387=DIRECTION('center_axis',(0.,1.,0.));
#9388=DIRECTION('ref_axis',(0.,0.,-1.));
#9389=DIRECTION('',(0.,-1.,0.));
#9390=DIRECTION('center_axis',(0.,-1.,0.));
#9391=DIRECTION('ref_axis',(0.,0.,-1.));
#9392=DIRECTION('center_axis',(0.,1.,0.));
#9393=DIRECTION('ref_axis',(0.,0.,1.));
#9394=DIRECTION('',(0.,-1.,0.));
#9395=DIRECTION('center_axis',(0.,1.,0.));
#9396=DIRECTION('ref_axis',(0.,0.,1.));
#9397=DIRECTION('',(0.,-1.,0.));
#9398=DIRECTION('center_axis',(-1.,0.,0.));
#9399=DIRECTION('ref_axis',(0.,0.,1.));
#9400=DIRECTION('',(0.,0.,-1.));
#9401=DIRECTION('',(0.,0.,-1.));
#9402=DIRECTION('center_axis',(1.,0.,0.));
#9403=DIRECTION('ref_axis',(0.,0.,-1.));
#9404=DIRECTION('',(0.,0.,-1.));
#9405=DIRECTION('',(0.,0.,-1.));
#9406=DIRECTION('center_axis',(0.707106781186548,-0.707106781186548,0.));
#9407=DIRECTION('ref_axis',(0.,0.,-1.));
#9408=DIRECTION('',(0.,0.,1.));
#9409=DIRECTION('center_axis',(0.,0.,-1.));
#9410=DIRECTION('ref_axis',(-1.,0.,0.));
#9411=DIRECTION('',(-1.,0.,0.));
#9412=DIRECTION('',(0.,1.,0.));
#9413=DIRECTION('',(1.,0.,0.));
#9414=DIRECTION('',(0.,1.,0.));
#9415=DIRECTION('center_axis',(-1.,0.,2.25288763113871E-16));
#9416=DIRECTION('ref_axis',(2.25288763113871E-16,0.,1.));
#9417=DIRECTION('',(0.,0.,-1.));
#9418=DIRECTION('',(0.,1.,-1.62630325872826E-16));
#9419=DIRECTION('',(0.,0.469526025753352,0.882918632230775));
#9420=DIRECTION('',(0.,0.,1.));
#9421=DIRECTION('',(0.,-0.866025403784438,0.500000000000001));
#9422=DIRECTION('',(2.25288763113871E-16,0.,1.));
#9423=DIRECTION('center_axis',(1.,0.,0.));
#9424=DIRECTION('ref_axis',(0.,0.,-1.));
#9425=DIRECTION('',(0.,0.,-1.));
#9426=DIRECTION('',(0.,-0.866025403784438,0.500000000000001));
#9427=DIRECTION('',(0.,0.,1.));
#9428=DIRECTION('',(0.,0.469526025753352,0.882918632230775));
#9429=DIRECTION('',(0.,1.,-1.62630325872826E-16));
#9430=DIRECTION('',(0.,0.,-1.));
#9431=DIRECTION('center_axis',(1.,0.,0.));
#9432=DIRECTION('ref_axis',(0.,0.,-1.));
#9433=DIRECTION('',(0.,0.,-1.));
#9434=DIRECTION('',(0.,-1.,-1.62630325872826E-16));
#9435=DIRECTION('',(0.,-0.469526025753352,0.882918632230775));
#9436=DIRECTION('',(0.,0.,1.));
#9437=DIRECTION('',(0.,0.866025403784438,0.500000000000001));
#9438=DIRECTION('',(0.,1.,0.));
#9439=DIRECTION('',(0.,0.,-1.));
#9440=DIRECTION('center_axis',(-1.,0.,2.25288763113871E-16));
#9441=DIRECTION('ref_axis',(2.25288763113871E-16,0.,1.));
#9442=DIRECTION('',(2.25288763113871E-16,0.,1.));
#9443=DIRECTION('',(0.,1.,0.));
#9444=DIRECTION('',(0.,0.866025403784438,0.500000000000001));
#9445=DIRECTION('',(0.,0.,1.));
#9446=DIRECTION('',(0.,-0.469526025753352,0.882918632230775));
#9447=DIRECTION('',(0.,-1.,-1.62630325872826E-16));
#9448=DIRECTION('',(0.,0.,-1.));
#9449=DIRECTION('center_axis',(0.,0.,1.));
#9450=DIRECTION('ref_axis',(1.,0.,0.));
#9451=DIRECTION('',(1.,0.,0.));
#9452=DIRECTION('',(1.,0.,0.));
#9453=DIRECTION('center_axis',(0.,0.,-1.));
#9454=DIRECTION('ref_axis',(-1.,0.,0.));
#9455=DIRECTION('',(-1.,0.,0.));
#9456=DIRECTION('',(0.,1.,0.));
#9457=DIRECTION('',(1.,0.,0.));
#9458=DIRECTION('',(0.,1.,0.));
#9459=DIRECTION('center_axis',(-1.,0.,2.25288763113871E-16));
#9460=DIRECTION('ref_axis',(2.25288763113871E-16,0.,1.));
#9461=DIRECTION('',(0.,0.,-1.));
#9462=DIRECTION('',(0.,1.,-1.62630325872826E-16));
#9463=DIRECTION('',(0.,0.469526025753352,0.882918632230775));
#9464=DIRECTION('',(0.,0.,1.));
#9465=DIRECTION('',(0.,-0.866025403784438,0.500000000000001));
#9466=DIRECTION('',(2.25288763113871E-16,0.,1.));
#9467=DIRECTION('center_axis',(1.,0.,0.));
#9468=DIRECTION('ref_axis',(0.,0.,-1.));
#9469=DIRECTION('',(0.,0.,-1.));
#9470=DIRECTION('',(0.,-0.866025403784438,0.500000000000001));
#9471=DIRECTION('',(0.,0.,1.));
#9472=DIRECTION('',(0.,0.469526025753352,0.882918632230775));
#9473=DIRECTION('',(0.,1.,-1.62630325872826E-16));
#9474=DIRECTION('',(0.,0.,-1.));
#9475=DIRECTION('center_axis',(1.,0.,0.));
#9476=DIRECTION('ref_axis',(0.,0.,-1.));
#9477=DIRECTION('',(0.,0.,-1.));
#9478=DIRECTION('',(0.,-1.,-1.62630325872826E-16));
#9479=DIRECTION('',(0.,-0.469526025753352,0.882918632230775));
#9480=DIRECTION('',(0.,0.,1.));
#9481=DIRECTION('',(0.,0.866025403784438,0.500000000000001));
#9482=DIRECTION('',(0.,1.,0.));
#9483=DIRECTION('',(0.,0.,-1.));
#9484=DIRECTION('center_axis',(-1.,0.,2.25288763113871E-16));
#9485=DIRECTION('ref_axis',(2.25288763113871E-16,0.,1.));
#9486=DIRECTION('',(2.25288763113871E-16,0.,1.));
#9487=DIRECTION('',(0.,1.,0.));
#9488=DIRECTION('',(0.,0.866025403784438,0.500000000000001));
#9489=DIRECTION('',(0.,0.,1.));
#9490=DIRECTION('',(0.,-0.469526025753352,0.882918632230775));
#9491=DIRECTION('',(0.,-1.,-1.62630325872826E-16));
#9492=DIRECTION('',(0.,0.,-1.));
#9493=DIRECTION('center_axis',(0.,0.,1.));
#9494=DIRECTION('ref_axis',(1.,0.,0.));
#9495=DIRECTION('',(1.,0.,0.));
#9496=DIRECTION('',(1.,0.,0.));
#9497=DIRECTION('center_axis',(0.,0.,-1.));
#9498=DIRECTION('ref_axis',(-1.,0.,0.));
#9499=DIRECTION('',(-1.,0.,0.));
#9500=DIRECTION('',(0.,1.,0.));
#9501=DIRECTION('',(1.,0.,0.));
#9502=DIRECTION('',(0.,1.,0.));
#9503=DIRECTION('center_axis',(-1.,0.,2.25288763113871E-16));
#9504=DIRECTION('ref_axis',(2.25288763113871E-16,0.,1.));
#9505=DIRECTION('',(0.,0.,-1.));
#9506=DIRECTION('',(0.,1.,-1.62630325872826E-16));
#9507=DIRECTION('',(0.,0.469526025753352,0.882918632230775));
#9508=DIRECTION('',(0.,0.,1.));
#9509=DIRECTION('',(0.,-0.866025403784438,0.500000000000001));
#9510=DIRECTION('',(2.25288763113871E-16,0.,1.));
#9511=DIRECTION('center_axis',(1.,0.,0.));
#9512=DIRECTION('ref_axis',(0.,0.,-1.));
#9513=DIRECTION('',(0.,0.,-1.));
#9514=DIRECTION('',(0.,-0.866025403784438,0.500000000000001));
#9515=DIRECTION('',(0.,0.,1.));
#9516=DIRECTION('',(0.,0.469526025753352,0.882918632230775));
#9517=DIRECTION('',(0.,1.,-1.62630325872826E-16));
#9518=DIRECTION('',(0.,0.,-1.));
#9519=DIRECTION('center_axis',(1.,0.,0.));
#9520=DIRECTION('ref_axis',(0.,0.,-1.));
#9521=DIRECTION('',(0.,0.,-1.));
#9522=DIRECTION('',(0.,-1.,-1.62630325872826E-16));
#9523=DIRECTION('',(0.,-0.469526025753352,0.882918632230775));
#9524=DIRECTION('',(0.,0.,1.));
#9525=DIRECTION('',(0.,0.866025403784438,0.500000000000001));
#9526=DIRECTION('',(0.,1.,0.));
#9527=DIRECTION('',(0.,0.,-1.));
#9528=DIRECTION('center_axis',(-1.,0.,2.25288763113871E-16));
#9529=DIRECTION('ref_axis',(2.25288763113871E-16,0.,1.));
#9530=DIRECTION('',(2.25288763113871E-16,0.,1.));
#9531=DIRECTION('',(0.,1.,0.));
#9532=DIRECTION('',(0.,0.866025403784438,0.500000000000001));
#9533=DIRECTION('',(0.,0.,1.));
#9534=DIRECTION('',(0.,-0.469526025753352,0.882918632230775));
#9535=DIRECTION('',(0.,-1.,-1.62630325872826E-16));
#9536=DIRECTION('',(0.,0.,-1.));
#9537=DIRECTION('center_axis',(0.,0.,1.));
#9538=DIRECTION('ref_axis',(1.,0.,0.));
#9539=DIRECTION('',(1.,0.,0.));
#9540=DIRECTION('',(1.,0.,0.));
#9541=DIRECTION('center_axis',(0.,0.,-1.));
#9542=DIRECTION('ref_axis',(-1.,0.,0.));
#9543=DIRECTION('',(-1.,0.,0.));
#9544=DIRECTION('',(0.,1.,0.));
#9545=DIRECTION('',(1.,0.,0.));
#9546=DIRECTION('',(0.,1.,0.));
#9547=DIRECTION('center_axis',(-1.,0.,2.25288763113871E-16));
#9548=DIRECTION('ref_axis',(2.25288763113871E-16,0.,1.));
#9549=DIRECTION('',(0.,0.,-1.));
#9550=DIRECTION('',(0.,1.,-1.62630325872826E-16));
#9551=DIRECTION('',(0.,0.469526025753352,0.882918632230775));
#9552=DIRECTION('',(0.,0.,1.));
#9553=DIRECTION('',(0.,-0.866025403784438,0.500000000000001));
#9554=DIRECTION('',(2.25288763113871E-16,0.,1.));
#9555=DIRECTION('center_axis',(1.,0.,0.));
#9556=DIRECTION('ref_axis',(0.,0.,-1.));
#9557=DIRECTION('',(0.,0.,-1.));
#9558=DIRECTION('',(0.,-0.866025403784438,0.500000000000001));
#9559=DIRECTION('',(0.,0.,1.));
#9560=DIRECTION('',(0.,0.469526025753352,0.882918632230775));
#9561=DIRECTION('',(0.,1.,-1.62630325872826E-16));
#9562=DIRECTION('',(0.,0.,-1.));
#9563=DIRECTION('center_axis',(1.,0.,0.));
#9564=DIRECTION('ref_axis',(0.,0.,-1.));
#9565=DIRECTION('',(0.,0.,-1.));
#9566=DIRECTION('',(0.,-1.,-1.62630325872826E-16));
#9567=DIRECTION('',(0.,-0.469526025753352,0.882918632230775));
#9568=DIRECTION('',(0.,0.,1.));
#9569=DIRECTION('',(0.,0.866025403784438,0.500000000000001));
#9570=DIRECTION('',(0.,1.,0.));
#9571=DIRECTION('',(0.,0.,-1.));
#9572=DIRECTION('center_axis',(-1.,0.,2.25288763113871E-16));
#9573=DIRECTION('ref_axis',(2.25288763113871E-16,0.,1.));
#9574=DIRECTION('',(2.25288763113871E-16,0.,1.));
#9575=DIRECTION('',(0.,1.,0.));
#9576=DIRECTION('',(0.,0.866025403784438,0.500000000000001));
#9577=DIRECTION('',(0.,0.,1.));
#9578=DIRECTION('',(0.,-0.469526025753352,0.882918632230775));
#9579=DIRECTION('',(0.,-1.,-1.62630325872826E-16));
#9580=DIRECTION('',(0.,0.,-1.));
#9581=DIRECTION('center_axis',(0.,0.,1.));
#9582=DIRECTION('ref_axis',(1.,0.,0.));
#9583=DIRECTION('',(1.,0.,0.));
#9584=DIRECTION('',(1.,0.,0.));
#9585=DIRECTION('center_axis',(0.,0.,-1.));
#9586=DIRECTION('ref_axis',(-1.,0.,0.));
#9587=DIRECTION('',(-1.,0.,0.));
#9588=DIRECTION('',(0.,1.,0.));
#9589=DIRECTION('',(1.,0.,0.));
#9590=DIRECTION('',(0.,1.,0.));
#9591=DIRECTION('center_axis',(-1.,0.,2.25288763113871E-16));
#9592=DIRECTION('ref_axis',(2.25288763113871E-16,0.,1.));
#9593=DIRECTION('',(0.,0.,-1.));
#9594=DIRECTION('',(0.,1.,-1.62630325872826E-16));
#9595=DIRECTION('',(0.,0.469526025753352,0.882918632230775));
#9596=DIRECTION('',(0.,0.,1.));
#9597=DIRECTION('',(0.,-0.866025403784438,0.500000000000001));
#9598=DIRECTION('',(2.25288763113871E-16,0.,1.));
#9599=DIRECTION('center_axis',(1.,0.,0.));
#9600=DIRECTION('ref_axis',(0.,0.,-1.));
#9601=DIRECTION('',(0.,0.,-1.));
#9602=DIRECTION('',(0.,-0.866025403784438,0.500000000000001));
#9603=DIRECTION('',(0.,0.,1.));
#9604=DIRECTION('',(0.,0.469526025753352,0.882918632230775));
#9605=DIRECTION('',(0.,1.,-1.62630325872826E-16));
#9606=DIRECTION('',(0.,0.,-1.));
#9607=DIRECTION('center_axis',(1.,0.,0.));
#9608=DIRECTION('ref_axis',(0.,0.,-1.));
#9609=DIRECTION('',(0.,0.,-1.));
#9610=DIRECTION('',(0.,-1.,-1.62630325872826E-16));
#9611=DIRECTION('',(0.,-0.469526025753352,0.882918632230775));
#9612=DIRECTION('',(0.,0.,1.));
#9613=DIRECTION('',(0.,0.866025403784438,0.500000000000001));
#9614=DIRECTION('',(0.,1.,0.));
#9615=DIRECTION('',(0.,0.,-1.));
#9616=DIRECTION('center_axis',(-1.,0.,2.25288763113871E-16));
#9617=DIRECTION('ref_axis',(2.25288763113871E-16,0.,1.));
#9618=DIRECTION('',(2.25288763113871E-16,0.,1.));
#9619=DIRECTION('',(0.,1.,0.));
#9620=DIRECTION('',(0.,0.866025403784438,0.500000000000001));
#9621=DIRECTION('',(0.,0.,1.));
#9622=DIRECTION('',(0.,-0.469526025753352,0.882918632230775));
#9623=DIRECTION('',(0.,-1.,-1.62630325872826E-16));
#9624=DIRECTION('',(0.,0.,-1.));
#9625=DIRECTION('center_axis',(0.,0.,1.));
#9626=DIRECTION('ref_axis',(1.,0.,0.));
#9627=DIRECTION('',(1.,0.,0.));
#9628=DIRECTION('',(1.,0.,0.));
#9629=DIRECTION('center_axis',(0.,0.,-1.));
#9630=DIRECTION('ref_axis',(-1.,0.,0.));
#9631=DIRECTION('',(-1.,0.,0.));
#9632=DIRECTION('',(0.,1.,0.));
#9633=DIRECTION('',(1.,0.,0.));
#9634=DIRECTION('',(0.,1.,0.));
#9635=DIRECTION('center_axis',(-1.,0.,2.25288763113871E-16));
#9636=DIRECTION('ref_axis',(2.25288763113871E-16,0.,1.));
#9637=DIRECTION('',(0.,0.,-1.));
#9638=DIRECTION('',(0.,1.,-1.62630325872826E-16));
#9639=DIRECTION('',(0.,0.469526025753352,0.882918632230775));
#9640=DIRECTION('',(0.,0.,1.));
#9641=DIRECTION('',(0.,-0.866025403784438,0.500000000000001));
#9642=DIRECTION('',(2.25288763113871E-16,0.,1.));
#9643=DIRECTION('center_axis',(1.,0.,0.));
#9644=DIRECTION('ref_axis',(0.,0.,-1.));
#9645=DIRECTION('',(0.,0.,-1.));
#9646=DIRECTION('',(0.,-0.866025403784438,0.500000000000001));
#9647=DIRECTION('',(0.,0.,1.));
#9648=DIRECTION('',(0.,0.469526025753352,0.882918632230775));
#9649=DIRECTION('',(0.,1.,-1.62630325872826E-16));
#9650=DIRECTION('',(0.,0.,-1.));
#9651=DIRECTION('center_axis',(1.,0.,0.));
#9652=DIRECTION('ref_axis',(0.,0.,-1.));
#9653=DIRECTION('',(0.,0.,-1.));
#9654=DIRECTION('',(0.,-1.,-1.62630325872826E-16));
#9655=DIRECTION('',(0.,-0.469526025753352,0.882918632230775));
#9656=DIRECTION('',(0.,0.,1.));
#9657=DIRECTION('',(0.,0.866025403784438,0.500000000000001));
#9658=DIRECTION('',(0.,1.,0.));
#9659=DIRECTION('',(0.,0.,-1.));
#9660=DIRECTION('center_axis',(-1.,0.,2.25288763113871E-16));
#9661=DIRECTION('ref_axis',(2.25288763113871E-16,0.,1.));
#9662=DIRECTION('',(2.25288763113871E-16,0.,1.));
#9663=DIRECTION('',(0.,1.,0.));
#9664=DIRECTION('',(0.,0.866025403784438,0.500000000000001));
#9665=DIRECTION('',(0.,0.,1.));
#9666=DIRECTION('',(0.,-0.469526025753352,0.882918632230775));
#9667=DIRECTION('',(0.,-1.,-1.62630325872826E-16));
#9668=DIRECTION('',(0.,0.,-1.));
#9669=DIRECTION('center_axis',(0.,0.,1.));
#9670=DIRECTION('ref_axis',(1.,0.,0.));
#9671=DIRECTION('',(1.,0.,0.));
#9672=DIRECTION('',(1.,0.,0.));
#9673=DIRECTION('center_axis',(0.,0.,-1.));
#9674=DIRECTION('ref_axis',(-1.,0.,0.));
#9675=DIRECTION('',(-1.,0.,0.));
#9676=DIRECTION('',(0.,1.,0.));
#9677=DIRECTION('',(1.,0.,0.));
#9678=DIRECTION('',(0.,1.,0.));
#9679=DIRECTION('center_axis',(1.,0.,0.));
#9680=DIRECTION('ref_axis',(0.,0.,-1.));
#9681=DIRECTION('',(0.,0.,-1.));
#9682=DIRECTION('',(0.,-0.866025403784438,0.500000000000001));
#9683=DIRECTION('',(0.,0.,1.));
#9684=DIRECTION('',(0.,0.469526025753352,0.882918632230775));
#9685=DIRECTION('',(0.,1.,-1.62630325872826E-16));
#9686=DIRECTION('',(0.,0.,-1.));
#9687=DIRECTION('center_axis',(1.,0.,0.));
#9688=DIRECTION('ref_axis',(0.,0.,-1.));
#9689=DIRECTION('',(0.,0.,-1.));
#9690=DIRECTION('',(0.,-1.,-1.62630325872826E-16));
#9691=DIRECTION('',(0.,-0.469526025753352,0.882918632230775));
#9692=DIRECTION('',(0.,0.,1.));
#9693=DIRECTION('',(0.,0.866025403784438,0.500000000000001));
#9694=DIRECTION('',(0.,1.,0.));
#9695=DIRECTION('',(0.,0.,-1.));
#9696=DIRECTION('center_axis',(0.,0.,1.));
#9697=DIRECTION('ref_axis',(1.,0.,0.));
#9698=DIRECTION('',(1.,0.,0.));
#9699=DIRECTION('',(1.,0.,0.));
#9700=DIRECTION('',(0.,-1.,0.));
#9701=DIRECTION('center_axis',(-0.866025403784438,-0.500000000000001,0.));
#9702=DIRECTION('ref_axis',(0.500000000000001,-0.866025403784438,0.));
#9703=DIRECTION('',(0.,0.,-1.));
#9704=DIRECTION('',(-0.500000000000001,0.866025403784438,0.));
#9705=DIRECTION('',(0.,0.,-1.));
#9706=DIRECTION('',(-0.447213595499959,0.774596669241483,0.447213595499959));
#9707=DIRECTION('center_axis',(0.,0.,1.));
#9708=DIRECTION('ref_axis',(1.,0.,0.));
#9709=DIRECTION('',(1.,0.,0.));
#9710=DIRECTION('',(0.,1.,0.));
#9711=DIRECTION('',(1.,0.,0.));
#9712=DIRECTION('center_axis',(-1.,0.,0.));
#9713=DIRECTION('ref_axis',(0.,0.,1.));
#9714=DIRECTION('',(0.,0.,1.));
#9715=DIRECTION('',(0.,0.866025403784438,0.500000000000001));
#9716=DIRECTION('',(0.,0.,1.));
#9717=DIRECTION('center_axis',(0.,-0.500000000000001,0.866025403784438));
#9718=DIRECTION('ref_axis',(0.,-0.866025403784438,-0.500000000000001));
#9719=DIRECTION('',(-1.,0.,0.));
#9720=DIRECTION('',(-1.,0.,0.));
#9721=DIRECTION('center_axis',(0.,-1.,0.));
#9722=DIRECTION('ref_axis',(0.,0.,1.));
#9723=DIRECTION('center_axis',(-0.866025403784438,-0.500000000000001,0.));
#9724=DIRECTION('ref_axis',(0.500000000000001,-0.866025403784438,0.));
#9725=DIRECTION('',(0.,0.,1.));
#9726=DIRECTION('',(-0.447213595499959,0.774596669241483,-0.447213595499959));
#9727=DIRECTION('',(0.,0.,1.));
#9728=DIRECTION('',(-0.500000000000001,0.866025403784438,0.));
#9729=DIRECTION('center_axis',(0.,-0.500000000000001,-0.866025403784438));
#9730=DIRECTION('ref_axis',(0.,0.866025403784438,-0.500000000000001));
#9731=DIRECTION('',(-1.,0.,0.));
#9732=DIRECTION('',(0.,0.866025403784438,-0.500000000000001));
#9733=DIRECTION('',(-1.,0.,0.));
#9734=DIRECTION('center_axis',(1.,0.,0.));
#9735=DIRECTION('ref_axis',(0.,0.,-1.));
#9736=DIRECTION('',(0.,0.,-1.));
#9737=DIRECTION('',(0.,1.,0.));
#9738=DIRECTION('',(0.,0.,-1.));
#9739=DIRECTION('center_axis',(0.,0.,1.));
#9740=DIRECTION('ref_axis',(1.,0.,0.));
#9741=DIRECTION('',(1.,0.,0.));
#9742=DIRECTION('',(1.,0.,0.));
#9743=DIRECTION('center_axis',(0.,-1.,0.));
#9744=DIRECTION('ref_axis',(0.,0.,-1.));
#9745=DIRECTION('center_axis',(1.,0.,0.));
#9746=DIRECTION('ref_axis',(0.,0.,-1.));
#9747=DIRECTION('',(0.,0.,1.));
#9748=DIRECTION('',(0.,-1.,0.));
#9749=DIRECTION('',(0.,0.,1.));
#9750=DIRECTION('',(0.,-1.,0.));
#9751=DIRECTION('center_axis',(1.30528478252581E-16,0.,-1.));
#9752=DIRECTION('ref_axis',(-1.,0.,-1.30528478252581E-16));
#9753=DIRECTION('',(1.,0.,1.30528478252581E-16));
#9754=DIRECTION('',(0.,-1.,0.));
#9755=DIRECTION('',(1.,0.,1.30528478252581E-16));
#9756=DIRECTION('center_axis',(-1.30528478252581E-16,0.,1.));
#9757=DIRECTION('ref_axis',(1.,0.,1.30528478252581E-16));
#9758=DIRECTION('',(-1.,0.,-1.30528478252581E-16));
#9759=DIRECTION('',(0.,-1.,0.));
#9760=DIRECTION('',(-1.,0.,-1.30528478252581E-16));
#9761=DIRECTION('center_axis',(0.,-1.,0.));
#9762=DIRECTION('ref_axis',(0.,0.,-1.));
#9763=DIRECTION('',(0.,0.,-1.));
#9764=DIRECTION('center_axis',(-1.,0.,0.));
#9765=DIRECTION('ref_axis',(0.,0.,1.));
#9766=DIRECTION('',(0.,0.,1.));
#9767=DIRECTION('',(0.,-1.,0.));
#9768=DIRECTION('',(0.,0.,-1.));
#9769=DIRECTION('',(0.,-1.,0.));
#9770=DIRECTION('center_axis',(1.,0.,0.));
#9771=DIRECTION('ref_axis',(0.,0.,-1.));
#9772=DIRECTION('',(0.,0.,1.));
#9773=DIRECTION('center_axis',(-1.,0.,0.));
#9774=DIRECTION('ref_axis',(0.,0.,1.));
#9775=DIRECTION('',(0.,0.,-1.));
#9776=DIRECTION('center_axis',(1.,0.,0.));
#9777=DIRECTION('ref_axis',(0.,0.,-1.));
#9778=DIRECTION('',(0.,0.,1.));
#9779=DIRECTION('center_axis',(-1.,0.,0.));
#9780=DIRECTION('ref_axis',(0.,0.,1.));
#9781=DIRECTION('',(0.,0.,-1.));
#9782=DIRECTION('center_axis',(1.,0.,0.));
#9783=DIRECTION('ref_axis',(0.,0.,-1.));
#9784=DIRECTION('',(0.,0.,1.));
#9785=DIRECTION('center_axis',(-1.,0.,0.));
#9786=DIRECTION('ref_axis',(0.,0.,1.));
#9787=DIRECTION('',(0.,0.,-1.));
#9788=DIRECTION('center_axis',(1.,0.,0.));
#9789=DIRECTION('ref_axis',(0.,0.,-1.));
#9790=DIRECTION('',(0.,0.,1.));
#9791=DIRECTION('center_axis',(-1.,0.,0.));
#9792=DIRECTION('ref_axis',(0.,0.,1.));
#9793=DIRECTION('',(0.,0.,-1.));
#9794=DIRECTION('center_axis',(1.,0.,0.));
#9795=DIRECTION('ref_axis',(0.,0.,-1.));
#9796=DIRECTION('',(0.,0.,1.));
#9797=DIRECTION('center_axis',(-1.,0.,0.));
#9798=DIRECTION('ref_axis',(0.,0.,1.));
#9799=DIRECTION('',(0.,0.,-1.));
#9800=DIRECTION('center_axis',(1.,0.,0.));
#9801=DIRECTION('ref_axis',(0.,0.,-1.));
#9802=DIRECTION('',(0.,0.,1.));
#9803=DIRECTION('center_axis',(-1.,0.,0.));
#9804=DIRECTION('ref_axis',(0.,0.,1.));
#9805=DIRECTION('',(0.,0.,-1.));
#9806=DIRECTION('center_axis',(1.,0.,0.));
#9807=DIRECTION('ref_axis',(0.,0.,-1.));
#9808=DIRECTION('',(0.,0.,1.));
#9809=DIRECTION('center_axis',(0.,1.,0.));
#9810=DIRECTION('ref_axis',(0.,0.,1.));
#9811=DIRECTION('',(1.,0.,0.));
#9812=DIRECTION('',(1.,0.,0.));
#9813=DIRECTION('center_axis',(0.,0.500000000000001,0.866025403784438));
#9814=DIRECTION('ref_axis',(0.,-0.866025403784438,0.500000000000001));
#9815=DIRECTION('',(1.,0.,0.));
#9816=DIRECTION('center_axis',(0.,1.,0.));
#9817=DIRECTION('ref_axis',(0.,0.,1.));
#9818=DIRECTION('',(1.,0.,0.));
#9819=DIRECTION('center_axis',(0.,0.882918632230775,-0.469526025753352));
#9820=DIRECTION('ref_axis',(0.,0.469526025753352,0.882918632230775));
#9821=DIRECTION('',(1.,0.,0.));
#9822=DIRECTION('center_axis',(0.,-1.62630325872826E-16,-1.));
#9823=DIRECTION('ref_axis',(0.,1.,-1.62630325872826E-16));
#9824=DIRECTION('',(1.,0.,0.));
#9825=DIRECTION('center_axis',(0.,0.500000000000001,-0.866025403784438));
#9826=DIRECTION('ref_axis',(0.,0.866025403784438,0.500000000000001));
#9827=DIRECTION('',(1.,0.,0.));
#9828=DIRECTION('',(1.,0.,0.));
#9829=DIRECTION('center_axis',(0.,1.,0.));
#9830=DIRECTION('ref_axis',(0.,0.,1.));
#9831=DIRECTION('',(1.,0.,0.));
#9832=DIRECTION('center_axis',(0.,1.,0.));
#9833=DIRECTION('ref_axis',(0.,0.,1.));
#9834=DIRECTION('',(1.,0.,0.));
#9835=DIRECTION('center_axis',(0.,-1.62630325872826E-16,1.));
#9836=DIRECTION('ref_axis',(0.,-1.,-1.62630325872826E-16));
#9837=DIRECTION('',(1.,0.,0.));
#9838=DIRECTION('',(1.,0.,0.));
#9839=DIRECTION('center_axis',(0.,0.882918632230775,0.469526025753352));
#9840=DIRECTION('ref_axis',(0.,-0.469526025753352,0.882918632230775));
#9841=DIRECTION('center_axis',(0.,1.,0.));
#9842=DIRECTION('ref_axis',(0.,0.,1.));
#9843=DIRECTION('',(1.,0.,0.));
#9844=DIRECTION('',(-2.25288763113871E-16,0.,-1.));
#9845=DIRECTION('',(1.,0.,0.));
#9846=DIRECTION('center_axis',(0.,0.500000000000001,0.866025403784438));
#9847=DIRECTION('ref_axis',(0.,-0.866025403784438,0.500000000000001));
#9848=DIRECTION('',(1.,0.,0.));
#9849=DIRECTION('',(-1.12644381556936E-16,0.866025403784438,-0.500000000000001));
#9850=DIRECTION('center_axis',(0.,1.,0.));
#9851=DIRECTION('ref_axis',(0.,0.,1.));
#9852=DIRECTION('',(1.,0.,0.));
#9853=DIRECTION('center_axis',(0.,0.882918632230775,-0.469526025753352));
#9854=DIRECTION('ref_axis',(0.,0.469526025753352,0.882918632230775));
#9855=DIRECTION('',(-1.98911646585462E-16,-0.469526025753352,-0.882918632230775));
#9856=DIRECTION('',(1.,0.,0.));
#9857=DIRECTION('center_axis',(0.,-1.62630325872826E-16,-1.));
#9858=DIRECTION('ref_axis',(0.,1.,-1.62630325872826E-16));
#9859=DIRECTION('',(3.66387849606947E-32,-1.,1.62630325872826E-16));
#9860=DIRECTION('',(1.,0.,0.));
#9861=DIRECTION('center_axis',(0.,1.,0.));
#9862=DIRECTION('ref_axis',(0.,0.,1.));
#9863=DIRECTION('',(1.,0.,0.));
#9864=DIRECTION('',(1.,0.,0.));
#9865=DIRECTION('center_axis',(0.,0.500000000000001,0.866025403784438));
#9866=DIRECTION('ref_axis',(0.,-0.866025403784438,0.500000000000001));
#9867=DIRECTION('',(1.,0.,0.));
#9868=DIRECTION('center_axis',(0.,1.,0.));
#9869=DIRECTION('ref_axis',(0.,0.,1.));
#9870=DIRECTION('',(1.,0.,0.));
#9871=DIRECTION('center_axis',(0.,0.882918632230775,-0.469526025753352));
#9872=DIRECTION('ref_axis',(0.,0.469526025753352,0.882918632230775));
#9873=DIRECTION('',(1.,0.,0.));
#9874=DIRECTION('center_axis',(0.,-1.62630325872826E-16,-1.));
#9875=DIRECTION('ref_axis',(0.,1.,-1.62630325872826E-16));
#9876=DIRECTION('',(1.,0.,0.));
#9877=DIRECTION('center_axis',(0.,1.,0.));
#9878=DIRECTION('ref_axis',(0.,0.,1.));
#9879=DIRECTION('',(1.,0.,0.));
#9880=DIRECTION('',(1.,0.,0.));
#9881=DIRECTION('center_axis',(0.,0.500000000000001,0.866025403784438));
#9882=DIRECTION('ref_axis',(0.,-0.866025403784438,0.500000000000001));
#9883=DIRECTION('',(1.,0.,0.));
#9884=DIRECTION('center_axis',(0.,1.,0.));
#9885=DIRECTION('ref_axis',(0.,0.,1.));
#9886=DIRECTION('',(1.,0.,0.));
#9887=DIRECTION('center_axis',(0.,0.882918632230775,-0.469526025753352));
#9888=DIRECTION('ref_axis',(0.,0.469526025753352,0.882918632230775));
#9889=DIRECTION('',(1.,0.,0.));
#9890=DIRECTION('center_axis',(0.,-1.62630325872826E-16,-1.));
#9891=DIRECTION('ref_axis',(0.,1.,-1.62630325872826E-16));
#9892=DIRECTION('',(1.,0.,0.));
#9893=DIRECTION('center_axis',(0.,1.,0.));
#9894=DIRECTION('ref_axis',(0.,0.,1.));
#9895=DIRECTION('',(1.,0.,0.));
#9896=DIRECTION('',(1.,0.,0.));
#9897=DIRECTION('center_axis',(0.,0.500000000000001,0.866025403784438));
#9898=DIRECTION('ref_axis',(0.,-0.866025403784438,0.500000000000001));
#9899=DIRECTION('',(1.,0.,0.));
#9900=DIRECTION('center_axis',(0.,1.,0.));
#9901=DIRECTION('ref_axis',(0.,0.,1.));
#9902=DIRECTION('',(1.,0.,0.));
#9903=DIRECTION('center_axis',(0.,0.882918632230775,-0.469526025753352));
#9904=DIRECTION('ref_axis',(0.,0.469526025753352,0.882918632230775));
#9905=DIRECTION('',(1.,0.,0.));
#9906=DIRECTION('center_axis',(0.,-1.62630325872826E-16,-1.));
#9907=DIRECTION('ref_axis',(0.,1.,-1.62630325872826E-16));
#9908=DIRECTION('',(1.,0.,0.));
#9909=DIRECTION('center_axis',(0.,0.500000000000001,-0.866025403784438));
#9910=DIRECTION('ref_axis',(0.,0.866025403784438,0.500000000000001));
#9911=DIRECTION('',(1.,0.,0.));
#9912=DIRECTION('',(-1.12644381556936E-16,-0.866025403784438,-0.500000000000001));
#9913=DIRECTION('',(1.,0.,0.));
#9914=DIRECTION('center_axis',(0.,1.,0.));
#9915=DIRECTION('ref_axis',(0.,0.,1.));
#9916=DIRECTION('',(1.,0.,0.));
#9917=DIRECTION('center_axis',(0.,1.,0.));
#9918=DIRECTION('ref_axis',(0.,0.,1.));
#9919=DIRECTION('',(1.,0.,0.));
#9920=DIRECTION('',(-2.25288763113871E-16,0.,-1.));
#9921=DIRECTION('center_axis',(0.,-1.62630325872826E-16,1.));
#9922=DIRECTION('ref_axis',(0.,-1.,-1.62630325872826E-16));
#9923=DIRECTION('',(1.,0.,0.));
#9924=DIRECTION('',(3.66387849606947E-32,1.,1.62630325872826E-16));
#9925=DIRECTION('',(1.,0.,0.));
#9926=DIRECTION('center_axis',(0.,0.882918632230775,0.469526025753352));
#9927=DIRECTION('ref_axis',(0.,-0.469526025753352,0.882918632230775));
#9928=DIRECTION('',(-1.98911646585462E-16,0.469526025753352,-0.882918632230775));
#9929=DIRECTION('center_axis',(0.,0.500000000000001,-0.866025403784438));
#9930=DIRECTION('ref_axis',(0.,0.866025403784438,0.500000000000001));
#9931=DIRECTION('',(1.,0.,0.));
#9932=DIRECTION('',(1.,0.,0.));
#9933=DIRECTION('center_axis',(0.,1.,0.));
#9934=DIRECTION('ref_axis',(0.,0.,1.));
#9935=DIRECTION('',(1.,0.,0.));
#9936=DIRECTION('center_axis',(0.,1.,0.));
#9937=DIRECTION('ref_axis',(0.,0.,1.));
#9938=DIRECTION('',(1.,0.,0.));
#9939=DIRECTION('center_axis',(0.,-1.62630325872826E-16,1.));
#9940=DIRECTION('ref_axis',(0.,-1.,-1.62630325872826E-16));
#9941=DIRECTION('',(1.,0.,0.));
#9942=DIRECTION('',(1.,0.,0.));
#9943=DIRECTION('center_axis',(0.,0.882918632230775,0.469526025753352));
#9944=DIRECTION('ref_axis',(0.,-0.469526025753352,0.882918632230775));
#9945=DIRECTION('center_axis',(0.,0.500000000000001,-0.866025403784438));
#9946=DIRECTION('ref_axis',(0.,0.866025403784438,0.500000000000001));
#9947=DIRECTION('',(1.,0.,0.));
#9948=DIRECTION('',(1.,0.,0.));
#9949=DIRECTION('center_axis',(0.,1.,0.));
#9950=DIRECTION('ref_axis',(0.,0.,1.));
#9951=DIRECTION('',(1.,0.,0.));
#9952=DIRECTION('center_axis',(0.,1.,0.));
#9953=DIRECTION('ref_axis',(0.,0.,1.));
#9954=DIRECTION('',(1.,0.,0.));
#9955=DIRECTION('center_axis',(0.,-1.62630325872826E-16,1.));
#9956=DIRECTION('ref_axis',(0.,-1.,-1.62630325872826E-16));
#9957=DIRECTION('',(1.,0.,0.));
#9958=DIRECTION('',(1.,0.,0.));
#9959=DIRECTION('center_axis',(0.,0.882918632230775,0.469526025753352));
#9960=DIRECTION('ref_axis',(0.,-0.469526025753352,0.882918632230775));
#9961=DIRECTION('center_axis',(0.,0.500000000000001,-0.866025403784438));
#9962=DIRECTION('ref_axis',(0.,0.866025403784438,0.500000000000001));
#9963=DIRECTION('',(1.,0.,0.));
#9964=DIRECTION('',(1.,0.,0.));
#9965=DIRECTION('center_axis',(0.,1.,0.));
#9966=DIRECTION('ref_axis',(0.,0.,1.));
#9967=DIRECTION('',(1.,0.,0.));
#9968=DIRECTION('center_axis',(0.,1.,0.));
#9969=DIRECTION('ref_axis',(0.,0.,1.));
#9970=DIRECTION('',(1.,0.,0.));
#9971=DIRECTION('center_axis',(0.,-1.62630325872826E-16,1.));
#9972=DIRECTION('ref_axis',(0.,-1.,-1.62630325872826E-16));
#9973=DIRECTION('',(1.,0.,0.));
#9974=DIRECTION('',(1.,0.,0.));
#9975=DIRECTION('center_axis',(0.,0.882918632230775,0.469526025753352));
#9976=DIRECTION('ref_axis',(0.,-0.469526025753352,0.882918632230775));
#9977=DIRECTION('center_axis',(0.,1.,0.));
#9978=DIRECTION('ref_axis',(0.,0.,1.));
#9979=DIRECTION('',(1.,0.,0.));
#9980=DIRECTION('',(1.,0.,0.));
#9981=DIRECTION('center_axis',(0.,0.500000000000001,0.866025403784438));
#9982=DIRECTION('ref_axis',(0.,-0.866025403784438,0.500000000000001));
#9983=DIRECTION('',(1.,0.,0.));
#9984=DIRECTION('center_axis',(0.,1.,0.));
#9985=DIRECTION('ref_axis',(0.,0.,1.));
#9986=DIRECTION('',(1.,0.,0.));
#9987=DIRECTION('center_axis',(0.,0.882918632230775,-0.469526025753352));
#9988=DIRECTION('ref_axis',(0.,0.469526025753352,0.882918632230775));
#9989=DIRECTION('',(1.,0.,0.));
#9990=DIRECTION('center_axis',(0.,-1.62630325872826E-16,-1.));
#9991=DIRECTION('ref_axis',(0.,1.,-1.62630325872826E-16));
#9992=DIRECTION('',(1.,0.,0.));
#9993=DIRECTION('center_axis',(0.,1.,0.));
#9994=DIRECTION('ref_axis',(0.,0.,1.));
#9995=DIRECTION('',(1.,0.,0.));
#9996=DIRECTION('',(1.,0.,0.));
#9997=DIRECTION('center_axis',(0.,0.500000000000001,0.866025403784438));
#9998=DIRECTION('ref_axis',(0.,-0.866025403784438,0.500000000000001));
#9999=DIRECTION('',(1.,0.,0.));
#10000=DIRECTION('center_axis',(0.,1.,0.));
#10001=DIRECTION('ref_axis',(0.,0.,1.));
#10002=DIRECTION('',(1.,0.,0.));
#10003=DIRECTION('center_axis',(0.,0.882918632230775,-0.469526025753352));
#10004=DIRECTION('ref_axis',(0.,0.469526025753352,0.882918632230775));
#10005=DIRECTION('',(1.,0.,0.));
#10006=DIRECTION('center_axis',(0.,-1.62630325872826E-16,-1.));
#10007=DIRECTION('ref_axis',(0.,1.,-1.62630325872826E-16));
#10008=DIRECTION('',(1.,0.,0.));
#10009=DIRECTION('center_axis',(0.,0.500000000000001,-0.866025403784438));
#10010=DIRECTION('ref_axis',(0.,0.866025403784438,0.500000000000001));
#10011=DIRECTION('',(1.,0.,0.));
#10012=DIRECTION('',(1.,0.,0.));
#10013=DIRECTION('center_axis',(0.,1.,0.));
#10014=DIRECTION('ref_axis',(0.,0.,1.));
#10015=DIRECTION('',(1.,0.,0.));
#10016=DIRECTION('center_axis',(0.,1.,0.));
#10017=DIRECTION('ref_axis',(0.,0.,1.));
#10018=DIRECTION('',(1.,0.,0.));
#10019=DIRECTION('center_axis',(0.,-1.62630325872826E-16,1.));
#10020=DIRECTION('ref_axis',(0.,-1.,-1.62630325872826E-16));
#10021=DIRECTION('',(1.,0.,0.));
#10022=DIRECTION('',(1.,0.,0.));
#10023=DIRECTION('center_axis',(0.,0.882918632230775,0.469526025753352));
#10024=DIRECTION('ref_axis',(0.,-0.469526025753352,0.882918632230775));
#10025=DIRECTION('center_axis',(0.,0.500000000000001,-0.866025403784438));
#10026=DIRECTION('ref_axis',(0.,0.866025403784438,0.500000000000001));
#10027=DIRECTION('',(1.,0.,0.));
#10028=DIRECTION('',(1.,0.,0.));
#10029=DIRECTION('center_axis',(0.,1.,0.));
#10030=DIRECTION('ref_axis',(0.,0.,1.));
#10031=DIRECTION('',(1.,0.,0.));
#10032=DIRECTION('center_axis',(0.,1.,0.));
#10033=DIRECTION('ref_axis',(0.,0.,1.));
#10034=DIRECTION('',(1.,0.,0.));
#10035=DIRECTION('center_axis',(0.,-1.62630325872826E-16,1.));
#10036=DIRECTION('ref_axis',(0.,-1.,-1.62630325872826E-16));
#10037=DIRECTION('',(1.,0.,0.));
#10038=DIRECTION('',(1.,0.,0.));
#10039=DIRECTION('center_axis',(0.,0.882918632230775,0.469526025753352));
#10040=DIRECTION('ref_axis',(0.,-0.469526025753352,0.882918632230775));
#10041=DIRECTION('center_axis',(-1.,0.,2.25288763113871E-16));
#10042=DIRECTION('ref_axis',(2.25288763113871E-16,0.,1.));
#10043=DIRECTION('',(2.25288763113871E-16,0.,1.));
#10044=DIRECTION('',(1.59303212122948E-16,-0.707106781186547,0.707106781186547));
#10045=DIRECTION('',(0.,1.,0.));
#10046=DIRECTION('',(2.25288763113871E-16,0.,1.));
#10047=DIRECTION('center_axis',(-1.,0.,2.25288763113871E-16));
#10048=DIRECTION('ref_axis',(2.25288763113871E-16,0.,1.));
#10049=DIRECTION('',(2.25288763113871E-16,0.,1.));
#10050=DIRECTION('',(0.,-1.,0.));
#10051=DIRECTION('',(1.59303212122948E-16,0.707106781186547,0.707106781186547));
#10052=DIRECTION('',(2.25288763113871E-16,0.,1.));
#10053=DIRECTION('center_axis',(0.,0.882918632230775,0.469526025753352));
#10054=DIRECTION('ref_axis',(0.,-0.469526025753352,0.882918632230775));
#10055=DIRECTION('',(0.,-0.469526025753352,0.882918632230775));
#10056=DIRECTION('',(1.,0.,0.));
#10057=DIRECTION('',(0.,-0.469526025753352,0.882918632230775));
#10058=DIRECTION('',(1.,0.,0.));
#10059=DIRECTION('',(1.,0.,0.));
#10060=DIRECTION('',(1.,0.,0.));
#10061=DIRECTION('center_axis',(0.,-1.62630325872826E-16,1.));
#10062=DIRECTION('ref_axis',(0.,-1.,-1.62630325872826E-16));
#10063=DIRECTION('',(0.,-1.,-1.62630325872826E-16));
#10064=DIRECTION('',(1.,0.,0.));
#10065=DIRECTION('',(0.,-1.,-1.62630325872826E-16));
#10066=DIRECTION('center_axis',(0.,1.,0.));
#10067=DIRECTION('ref_axis',(0.,0.,1.));
#10068=DIRECTION('',(0.,0.,1.));
#10069=DIRECTION('',(1.,0.,0.));
#10070=DIRECTION('',(0.,0.,1.));
#10071=DIRECTION('center_axis',(0.,1.,0.));
#10072=DIRECTION('ref_axis',(0.,0.,1.));
#10073=DIRECTION('',(0.,0.,-1.));
#10074=DIRECTION('',(0.,0.,1.));
#10075=DIRECTION('',(1.,0.,0.));
#10076=DIRECTION('center_axis',(0.,0.500000000000001,-0.866025403784438));
#10077=DIRECTION('ref_axis',(0.,0.866025403784438,0.500000000000001));
#10078=DIRECTION('',(0.,-0.866025403784438,-0.500000000000001));
#10079=DIRECTION('',(0.,0.866025403784438,0.500000000000001));
#10080=DIRECTION('',(1.,0.,0.));
#10081=DIRECTION('',(0.,0.866025403784438,0.500000000000001));
#10082=DIRECTION('',(0.,0.866025403784438,0.500000000000001));
#10083=DIRECTION('',(-1.,0.,0.));
#10084=DIRECTION('center_axis',(0.,-1.62630325872826E-16,-1.));
#10085=DIRECTION('ref_axis',(0.,1.,-1.62630325872826E-16));
#10086=DIRECTION('',(0.,1.,-1.62630325872826E-16));
#10087=DIRECTION('',(1.,0.,0.));
#10088=DIRECTION('',(0.,1.,-1.62630325872826E-16));
#10089=DIRECTION('',(1.,0.,0.));
#10090=DIRECTION('center_axis',(0.,0.882918632230775,-0.469526025753352));
#10091=DIRECTION('ref_axis',(0.,0.469526025753352,0.882918632230775));
#10092=DIRECTION('',(0.,0.469526025753352,0.882918632230775));
#10093=DIRECTION('',(1.,0.,0.));
#10094=DIRECTION('',(1.,0.,0.));
#10095=DIRECTION('',(1.,0.,0.));
#10096=DIRECTION('',(0.,0.469526025753352,0.882918632230775));
#10097=DIRECTION('center_axis',(0.,1.,0.));
#10098=DIRECTION('ref_axis',(0.,0.,1.));
#10099=DIRECTION('',(0.,0.,1.));
#10100=DIRECTION('',(1.,0.,0.));
#10101=DIRECTION('',(0.,0.,-1.));
#10102=DIRECTION('center_axis',(0.,0.500000000000001,0.866025403784438));
#10103=DIRECTION('ref_axis',(0.,-0.866025403784438,0.500000000000001));
#10104=DIRECTION('',(-1.,0.,0.));
#10105=DIRECTION('',(0.,0.866025403784438,-0.500000000000001));
#10106=DIRECTION('',(0.,-0.866025403784438,0.500000000000001));
#10107=DIRECTION('',(1.,0.,0.));
#10108=DIRECTION('',(0.,-0.866025403784438,0.500000000000001));
#10109=DIRECTION('',(1.,0.,0.));
#10110=DIRECTION('',(0.,-0.866025403784438,0.500000000000001));
#10111=DIRECTION('center_axis',(0.,1.,0.));
#10112=DIRECTION('ref_axis',(0.,0.,1.));
#10113=DIRECTION('',(0.,0.,1.));
#10114=DIRECTION('',(0.,0.,1.));
#10115=DIRECTION('center_axis',(1.,0.,0.));
#10116=DIRECTION('ref_axis',(0.,0.,-1.));
#10117=DIRECTION('',(0.,0.,-1.));
#10118=DIRECTION('',(0.,-1.,0.));
#10119=DIRECTION('',(0.,0.,1.));
#10120=DIRECTION('',(0.,-1.,0.));
#10121=DIRECTION('center_axis',(-1.,0.,0.));
#10122=DIRECTION('ref_axis',(0.,0.,1.));
#10123=DIRECTION('',(0.,0.,1.));
#10124=DIRECTION('',(0.,-1.,0.));
#10125=DIRECTION('',(0.,0.,-1.));
#10126=DIRECTION('',(0.,-1.,0.));
#10127=DIRECTION('center_axis',(-1.,0.,0.));
#10128=DIRECTION('ref_axis',(0.,0.,1.));
#10129=DIRECTION('',(0.,0.,-1.));
#10130=DIRECTION('',(0.,-1.,0.));
#10131=DIRECTION('',(0.,0.,-1.));
#10132=DIRECTION('',(0.,-1.,0.));
#10133=DIRECTION('center_axis',(0.,-1.,0.));
#10134=DIRECTION('ref_axis',(0.,0.,1.));
#10135=DIRECTION('',(0.,0.,-1.));
#10136=DIRECTION('',(1.,0.,0.));
#10137=DIRECTION('',(0.,0.,1.));
#10138=DIRECTION('',(-1.,0.,0.));
#10139=DIRECTION('center_axis',(0.,0.,-1.));
#10140=DIRECTION('ref_axis',(-1.,0.,0.));
#10141=DIRECTION('',(-1.,0.,0.));
#10142=DIRECTION('',(0.500000000000001,0.866025403784438,0.));
#10143=DIRECTION('',(0.,1.,0.));
#10144=DIRECTION('center_axis',(-1.,0.,0.));
#10145=DIRECTION('ref_axis',(0.,0.,1.));
#10146=DIRECTION('',(0.,0.,1.));
#10147=DIRECTION('',(0.,0.866025403784438,0.500000000000001));
#10148=DIRECTION('center_axis',(0.,-0.500000000000001,0.866025403784438));
#10149=DIRECTION('ref_axis',(0.,-0.866025403784438,-0.500000000000001));
#10150=DIRECTION('',(1.,0.,0.));
#10151=DIRECTION('',(0.447213595499959,0.774596669241483,0.447213595499959));
#10152=DIRECTION('center_axis',(0.866025403784438,-0.500000000000001,0.));
#10153=DIRECTION('ref_axis',(0.500000000000001,0.866025403784438,0.));
#10154=DIRECTION('',(0.,0.,-1.));
#10155=DIRECTION('center_axis',(0.,-1.,0.));
#10156=DIRECTION('ref_axis',(0.,0.,-1.));
#10157=DIRECTION('',(0.,0.,1.));
#10158=DIRECTION('',(-1.,0.,0.));
#10159=DIRECTION('',(0.,0.,-1.));
#10160=DIRECTION('',(1.,0.,0.));
#10161=DIRECTION('center_axis',(0.,-0.500000000000001,-0.866025403784438));
#10162=DIRECTION('ref_axis',(0.,0.866025403784438,-0.500000000000001));
#10163=DIRECTION('',(1.,0.,0.));
#10164=DIRECTION('',(0.447213595499959,0.774596669241483,-0.447213595499959));
#10165=DIRECTION('',(0.,0.866025403784438,-0.500000000000001));
#10166=DIRECTION('center_axis',(1.,0.,0.));
#10167=DIRECTION('ref_axis',(0.,0.,-1.));
#10168=DIRECTION('',(0.,0.,-1.));
#10169=DIRECTION('',(0.,1.,0.));
#10170=DIRECTION('center_axis',(0.,0.,-1.));
#10171=DIRECTION('ref_axis',(-1.,0.,0.));
#10172=DIRECTION('',(-1.,0.,0.));
#10173=DIRECTION('',(0.500000000000001,0.866025403784438,0.));
#10174=DIRECTION('center_axis',(0.866025403784438,-0.500000000000001,0.));
#10175=DIRECTION('ref_axis',(0.500000000000001,0.866025403784438,0.));
#10176=DIRECTION('',(0.,0.,1.));
#10177=DIRECTION('center_axis',(0.,0.,1.));
#10178=DIRECTION('ref_axis',(1.,0.,0.));
#10179=DIRECTION('',(1.,0.,0.));
#10180=DIRECTION('',(0.,1.,0.));
#10181=DIRECTION('',(0.,1.,0.));
#10182=DIRECTION('center_axis',(-1.,0.,2.25288763113871E-16));
#10183=DIRECTION('ref_axis',(2.25288763113871E-16,0.,1.));
#10184=DIRECTION('',(1.59303212122948E-16,0.707106781186547,0.707106781186547));
#10185=DIRECTION('',(2.25288763113871E-16,0.,1.));
#10186=DIRECTION('',(0.,0.,-1.));
#10187=DIRECTION('',(0.,-1.,0.));
#10188=DIRECTION('center_axis',(1.,0.,0.));
#10189=DIRECTION('ref_axis',(0.,0.,-1.));
#10190=DIRECTION('',(0.,1.,0.));
#10191=DIRECTION('',(0.,0.,-1.));
#10192=DIRECTION('',(0.,0.,-1.));
#10193=DIRECTION('',(0.,-0.707106781186547,-0.707106781186547));
#10194=DIRECTION('center_axis',(0.,0.,-1.));
#10195=DIRECTION('ref_axis',(-1.,0.,0.));
#10196=DIRECTION('',(-1.,0.,0.));
#10197=DIRECTION('',(0.,1.,0.));
#10198=DIRECTION('',(0.,1.,0.));
#10199=DIRECTION('center_axis',(-1.,0.,2.25288763113871E-16));
#10200=DIRECTION('ref_axis',(2.25288763113871E-16,0.,1.));
#10201=DIRECTION('',(0.,1.,0.));
#10202=DIRECTION('',(0.,0.,-1.));
#10203=DIRECTION('',(2.25288763113871E-16,0.,1.));
#10204=DIRECTION('',(1.59303212122948E-16,-0.707106781186547,0.707106781186547));
#10205=DIRECTION('center_axis',(1.,0.,0.));
#10206=DIRECTION('ref_axis',(0.,0.,-1.));
#10207=DIRECTION('',(0.,0.707106781186547,-0.707106781186547));
#10208=DIRECTION('',(0.,0.,-1.));
#10209=DIRECTION('',(0.,0.,-1.));
#10210=DIRECTION('',(0.,-1.,0.));
#10211=DIRECTION('center_axis',(0.,-0.707106781186548,-0.707106781186548));
#10212=DIRECTION('ref_axis',(-1.,0.,0.));
#10213=DIRECTION('',(1.,0.,0.));
#10214=DIRECTION('',(0.577350269189625,-0.577350269189626,0.577350269189626));
#10215=DIRECTION('',(-1.,0.,0.));
#10216=DIRECTION('center_axis',(0.,-0.707106781186548,0.707106781186548));
#10217=DIRECTION('ref_axis',(1.,0.,0.));
#10218=DIRECTION('',(1.,0.,0.));
#10219=DIRECTION('',(-0.577350269189625,0.577350269189626,0.577350269189626));
#10220=DIRECTION('',(-1.,0.,0.));
#10221=DIRECTION('center_axis',(-0.707106781186548,-0.707106781186547,0.));
#10222=DIRECTION('ref_axis',(0.,0.,1.));
#10223=DIRECTION('',(0.,0.,-1.));
#10224=DIRECTION('',(0.,0.,1.));
#10225=DIRECTION('center_axis',(0.,0.,-1.));
#10226=DIRECTION('ref_axis',(-1.,0.,0.));
#10227=DIRECTION('',(-1.,0.,0.));
#10228=DIRECTION('',(0.,1.,0.));
#10229=DIRECTION('center_axis',(-1.,0.,0.));
#10230=DIRECTION('ref_axis',(0.,0.,1.));
#10231=DIRECTION('',(0.,1.,0.));
#10232=DIRECTION('',(0.,0.,1.));
#10233=DIRECTION('center_axis',(0.,0.,1.));
#10234=DIRECTION('ref_axis',(1.,0.,0.));
#10235=DIRECTION('',(1.,0.,0.));
#10236=DIRECTION('center_axis',(0.,-1.,0.));
#10237=DIRECTION('ref_axis',(0.,0.,-1.));
#10238=DIRECTION('center_axis',(0.,1.,0.));
#10239=DIRECTION('ref_axis',(0.,0.,1.));
#10240=DIRECTION('',(0.,-1.,0.));
#10241=DIRECTION('center_axis',(0.,1.,0.));
#10242=DIRECTION('ref_axis',(0.,0.,1.));
#10243=DIRECTION('',(0.,-1.,0.));
#10244=DIRECTION('center_axis',(1.,0.,0.));
#10245=DIRECTION('ref_axis',(0.,0.,-1.));
#10246=DIRECTION('',(0.,0.,1.));
#10247=DIRECTION('',(0.,0.,1.));
#10248=DIRECTION('',(0.,-1.,0.));
#10249=DIRECTION('center_axis',(0.,-1.,0.));
#10250=DIRECTION('ref_axis',(0.,0.,-1.));
#10251=DIRECTION('center_axis',(0.,1.,0.));
#10252=DIRECTION('ref_axis',(0.,0.,1.));
#10253=DIRECTION('center_axis',(0.,1.,0.));
#10254=DIRECTION('ref_axis',(0.,0.,1.));
#10255=DIRECTION('',(0.,-1.,0.));
#10256=DIRECTION('center_axis',(0.,0.,1.));
#10257=DIRECTION('ref_axis',(1.,0.,0.));
#10258=DIRECTION('',(-1.,0.,0.));
#10259=DIRECTION('',(-1.,0.,0.));
#10260=DIRECTION('center_axis',(0.,-0.707106781186548,-0.707106781186548));
#10261=DIRECTION('ref_axis',(-1.,0.,0.));
#10262=DIRECTION('',(1.,0.,0.));
#10263=DIRECTION('',(-1.,0.,0.));
#10264=DIRECTION('center_axis',(0.,-0.707106781186548,0.707106781186548));
#10265=DIRECTION('ref_axis',(1.,0.,0.));
#10266=DIRECTION('',(1.,0.,0.));
#10267=DIRECTION('',(-1.,0.,0.));
#10268=DIRECTION('center_axis',(0.,0.,-1.));
#10269=DIRECTION('ref_axis',(-1.,0.,0.));
#10270=DIRECTION('',(-1.,0.,0.));
#10271=DIRECTION('center_axis',(0.,0.,1.));
#10272=DIRECTION('ref_axis',(1.,0.,0.));
#10273=DIRECTION('',(1.,0.,0.));
#10274=DIRECTION('center_axis',(0.,-1.,0.));
#10275=DIRECTION('ref_axis',(0.,0.,-1.));
#10276=DIRECTION('',(-1.,0.,-1.30528478252581E-16));
#10277=DIRECTION('',(1.,0.,1.30528478252581E-16));
#10278=DIRECTION('center_axis',(-1.30528478252581E-16,0.,1.));
#10279=DIRECTION('ref_axis',(1.,0.,1.30528478252581E-16));
#10280=DIRECTION('',(-1.,0.,-1.30528478252581E-16));
#10281=DIRECTION('center_axis',(1.30528478252581E-16,0.,-1.));
#10282=DIRECTION('ref_axis',(-1.,0.,-1.30528478252581E-16));
#10283=DIRECTION('',(1.,0.,1.30528478252581E-16));
#10284=DIRECTION('center_axis',(0.,-1.,0.));
#10285=DIRECTION('ref_axis',(0.,0.,-1.));
#10286=DIRECTION('',(-1.,0.,-1.30528478252581E-16));
#10287=DIRECTION('',(1.,0.,1.30528478252581E-16));
#10288=DIRECTION('center_axis',(-1.30528478252581E-16,0.,1.));
#10289=DIRECTION('ref_axis',(1.,0.,1.30528478252581E-16));
#10290=DIRECTION('',(-1.,0.,-1.30528478252581E-16));
#10291=DIRECTION('center_axis',(1.30528478252581E-16,0.,-1.));
#10292=DIRECTION('ref_axis',(-1.,0.,-1.30528478252581E-16));
#10293=DIRECTION('',(1.,0.,1.30528478252581E-16));
#10294=DIRECTION('center_axis',(0.,-1.,0.));
#10295=DIRECTION('ref_axis',(0.,0.,-1.));
#10296=DIRECTION('',(1.,0.,0.));
#10297=DIRECTION('',(-1.,0.,0.));
#10298=DIRECTION('',(0.,0.,1.));
#10299=DIRECTION('',(1.,0.,0.));
#10300=DIRECTION('',(0.,0.,-1.));
#10301=DIRECTION('',(0.,0.,-1.));
#10302=DIRECTION('',(-1.,0.,0.));
#10303=DIRECTION('',(0.,0.,1.));
#10304=DIRECTION('',(1.,0.,0.));
#10305=DIRECTION('center_axis',(0.,0.,1.));
#10306=DIRECTION('ref_axis',(1.,0.,0.));
#10307=DIRECTION('',(0.,-1.,0.));
#10308=DIRECTION('',(0.,-1.,0.));
#10309=DIRECTION('center_axis',(-1.,0.,0.));
#10310=DIRECTION('ref_axis',(0.,0.,1.));
#10311=DIRECTION('',(0.,-1.,0.));
#10312=DIRECTION('center_axis',(0.,0.,-1.));
#10313=DIRECTION('ref_axis',(-1.,0.,0.));
#10314=DIRECTION('',(0.,-1.,0.));
#10315=DIRECTION('center_axis',(1.,0.,0.));
#10316=DIRECTION('ref_axis',(0.,0.,-1.));
#10317=DIRECTION('center_axis',(0.,0.,-1.));
#10318=DIRECTION('ref_axis',(-1.,0.,0.));
#10319=DIRECTION('',(0.,-1.,0.));
#10320=DIRECTION('',(0.,-1.,0.));
#10321=DIRECTION('center_axis',(1.,0.,0.));
#10322=DIRECTION('ref_axis',(0.,0.,-1.));
#10323=DIRECTION('',(0.,-1.,0.));
#10324=DIRECTION('center_axis',(0.,0.,1.));
#10325=DIRECTION('ref_axis',(1.,0.,0.));
#10326=DIRECTION('',(0.,-1.,0.));
#10327=DIRECTION('center_axis',(-1.,0.,0.));
#10328=DIRECTION('ref_axis',(0.,0.,1.));
#10329=DIRECTION('center_axis',(0.,1.,0.));
#10330=DIRECTION('ref_axis',(0.,0.,1.));
#10331=DIRECTION('center_axis',(0.,-1.,0.));
#10332=DIRECTION('ref_axis',(0.,0.,-1.));
#10333=DIRECTION('',(1.,0.,0.));
#10334=DIRECTION('center_axis',(0.,0.,-1.));
#10335=DIRECTION('ref_axis',(-1.,0.,0.));
#10336=DIRECTION('axis',(0.,0.,1.));
#10337=DIRECTION('refdir',(1.,0.,0.));
#10338=DIRECTION('center_axis',(0.484809620246333,0.874619707139398,2.44018907155839E-16));
#10339=DIRECTION('ref_axis',(-0.874619707139398,0.484809620246333,-3.1750420322449E-15));
#10340=DIRECTION('center_axis',(-0.484809620246351,-0.874619707139388,3.04238487650555E-15));
#10341=DIRECTION('ref_axis',(0.874619707139388,-0.484809620246351,3.1750420322449E-15));
#10342=DIRECTION('',(0.484809620246333,0.874619707139398,2.44018907155839E-16));
#10343=DIRECTION('center_axis',(0.484809620246333,0.874619707139398,2.44018907155839E-16));
#10344=DIRECTION('ref_axis',(-0.874619707139398,0.484809620246333,-3.1750420322449E-15));
#10345=DIRECTION('',(0.484809620246333,0.874619707139398,2.44018907155839E-16));
#10346=DIRECTION('center_axis',(0.,0.,-1.));
#10347=DIRECTION('ref_axis',(-1.,0.,0.));
#10348=DIRECTION('center_axis',(0.,0.,1.));
#10349=DIRECTION('ref_axis',(-1.,0.,0.));
#10350=DIRECTION('',(0.,0.,1.));
#10351=DIRECTION('center_axis',(0.,0.,-1.));
#10352=DIRECTION('ref_axis',(-1.,0.,0.));
#10353=DIRECTION('',(0.,0.,1.));
#10354=DIRECTION('center_axis',(0.,0.,-1.));
#10355=DIRECTION('ref_axis',(-1.,0.,0.));
#10356=DIRECTION('center_axis',(0.,0.,1.));
#10357=DIRECTION('ref_axis',(-1.,0.,0.));
#10358=DIRECTION('',(0.,0.,-1.));
#10359=DIRECTION('center_axis',(0.,0.,-1.));
#10360=DIRECTION('ref_axis',(-1.,0.,0.));
#10361=DIRECTION('',(0.,0.,1.));
#10362=DIRECTION('center_axis',(0.,0.,-1.));
#10363=DIRECTION('ref_axis',(-1.,0.,0.));
#10364=DIRECTION('center_axis',(0.,0.,1.));
#10365=DIRECTION('ref_axis',(-1.,0.,0.));
#10366=DIRECTION('',(0.,0.,1.));
#10367=DIRECTION('center_axis',(0.,0.,-1.));
#10368=DIRECTION('ref_axis',(-1.,0.,0.));
#10369=DIRECTION('',(0.,0.,1.));
#10370=DIRECTION('center_axis',(0.,0.,-1.));
#10371=DIRECTION('ref_axis',(-1.,0.,0.));
#10372=DIRECTION('center_axis',(0.,0.,1.));
#10373=DIRECTION('ref_axis',(1.,0.,0.));
#10374=DIRECTION('',(0.,0.,-1.));
#10375=DIRECTION('center_axis',(0.,0.,-1.));
#10376=DIRECTION('ref_axis',(1.,0.,0.));
#10377=DIRECTION('',(0.,0.,1.));
#10378=DIRECTION('center_axis',(0.,1.,0.));
#10379=DIRECTION('ref_axis',(0.,0.,1.));
#10380=DIRECTION('',(0.,0.,-1.));
#10381=DIRECTION('',(1.,0.,-5.79922092259689E-16));
#10382=DIRECTION('',(0.866025403784438,0.,-0.500000000000001));
#10383=DIRECTION('',(1.,0.,-1.26070020056454E-16));
#10384=DIRECTION('',(0.866025403784438,0.,-0.500000000000001));
#10385=DIRECTION('',(0.,0.,-1.));
#10386=DIRECTION('',(-0.866025403784438,0.,-0.500000000000001));
#10387=DIRECTION('',(-1.,0.,5.04280080225816E-16));
#10388=DIRECTION('',(-0.866025403784438,0.,-0.500000000000002));
#10389=DIRECTION('',(-1.,0.,2.01712032090326E-16));
#10390=DIRECTION('center_axis',(-2.07467323705597E-17,1.,8.63825239967411E-17));
#10391=DIRECTION('ref_axis',(0.999796818583829,2.24837657696718E-17,-0.0201574192210657));
#10392=DIRECTION('',(0.,0.,1.));
#10393=DIRECTION('center_axis',(-2.07467323705596E-17,1.,-8.63825239967408E-17));
#10394=DIRECTION('ref_axis',(0.999796818583828,2.24837657696775E-17,0.0201574192211339));
#10395=DIRECTION('center_axis',(0.,1.,0.));
#10396=DIRECTION('ref_axis',(0.,0.,1.));
#10397=DIRECTION('',(1.,0.,0.));
#10398=DIRECTION('center_axis',(0.,1.,0.));
#10399=DIRECTION('ref_axis',(0.,0.,1.));
#10400=DIRECTION('center_axis',(-6.68426334767778E-16,1.,3.07408939544947E-15));
#10401=DIRECTION('ref_axis',(0.999796818583827,7.30256231625936E-16,-0.0201574192211813));
#10402=DIRECTION('',(0.,0.,-1.));
#10403=DIRECTION('center_axis',(-7.54483813579878E-16,1.,-3.46910783825704E-15));
#10404=DIRECTION('ref_axis',(0.999796818583829,8.24258777509104E-16,0.020157419221099));
#10405=DIRECTION('center_axis',(0.,1.,0.));
#10406=DIRECTION('ref_axis',(0.,0.,1.));
#10407=DIRECTION('',(-1.,0.,0.));
#10408=DIRECTION('center_axis',(0.,1.,0.));
#10409=DIRECTION('ref_axis',(0.,0.,1.));
#10410=DIRECTION('center_axis',(0.438371146789086,0.898794046299163,0.));
#10411=DIRECTION('ref_axis',(-0.898794046299163,0.438371146789086,0.));
#10412=DIRECTION('',(-0.898794046299166,0.438371146789079,-1.1958052713369E-16));
#10413=DIRECTION('',(0.,0.,1.));
#10414=DIRECTION('',(-0.898794046299163,0.438371146789086,0.));
#10415=DIRECTION('center_axis',(0.438371146789086,0.898794046299163,0.));
#10416=DIRECTION('ref_axis',(-0.898794046299163,0.438371146789086,0.));
#10417=DIRECTION('',(0.898794046299163,-0.438371146789086,1.1958052713369E-16));
#10418=DIRECTION('',(-0.898794046299163,0.438371146789086,0.));
#10419=DIRECTION('',(0.,0.,1.));
#10420=DIRECTION('center_axis',(0.,0.,1.));
#10421=DIRECTION('ref_axis',(1.,-5.55111512312578E-17,0.));
#10422=DIRECTION('',(-0.438371146789085,-0.898794046299163,0.));
#10423=DIRECTION('',(0.898794046299163,-0.438371146789086,0.));
#10424=DIRECTION('',(0.438371146789086,0.898794046299163,0.));
#10425=DIRECTION('',(0.898794046299163,-0.438371146789086,0.));
#10426=DIRECTION('center_axis',(0.,0.,-1.));
#10427=DIRECTION('ref_axis',(-1.,5.55111512312578E-17,0.));
#10428=DIRECTION('',(-0.438371146789085,-0.898794046299163,0.));
#10429=DIRECTION('',(0.438371146789086,0.898794046299163,0.));
#10430=DIRECTION('center_axis',(0.438371146789086,0.898794046299163,0.));
#10431=DIRECTION('ref_axis',(-0.898794046299163,0.438371146789086,0.));
#10432=DIRECTION('',(0.,0.,1.));
#10433=DIRECTION('',(0.898794046299166,-0.438371146789079,-1.1958052713369E-16));
#10434=DIRECTION('center_axis',(0.438371146789086,0.898794046299163,0.));
#10435=DIRECTION('ref_axis',(-0.898794046299163,0.438371146789086,0.));
#10436=DIRECTION('',(-0.898794046299163,0.438371146789086,1.1958052713369E-16));
#10437=DIRECTION('',(0.,0.,1.));
#10438=DIRECTION('center_axis',(-1.07478265841076E-16,5.24206528132382E-17,
1.));
#10439=DIRECTION('ref_axis',(-0.898794046299169,0.438371146789073,-1.1958052713369E-16));
#10440=DIRECTION('',(0.438371146789101,0.898794046299156,0.));
#10441=DIRECTION('',(-0.438371146789103,-0.898794046299155,2.58143374401218E-16));
#10442=DIRECTION('center_axis',(-1.07478265841076E-16,5.24206528132382E-17,
-1.));
#10443=DIRECTION('ref_axis',(0.898794046299169,-0.438371146789073,-1.1958052713369E-16));
#10444=DIRECTION('',(-0.438371146789101,-0.898794046299156,0.));
#10445=DIRECTION('',(0.438371146789103,0.898794046299155,2.58143374401218E-16));
#10446=DIRECTION('center_axis',(0.500000000000001,0.,0.866025403784438));
#10447=DIRECTION('ref_axis',(0.866025403784438,0.,-0.500000000000001));
#10448=DIRECTION('',(0.,1.,0.));
#10449=DIRECTION('',(0.866025403784438,0.,-0.500000000000001));
#10450=DIRECTION('',(0.,1.,0.));
#10451=DIRECTION('center_axis',(1.26070020056454E-16,0.,1.));
#10452=DIRECTION('ref_axis',(1.,0.,-1.26070020056454E-16));
#10453=DIRECTION('',(1.,0.,-1.26070020056454E-16));
#10454=DIRECTION('',(0.,1.,0.));
#10455=DIRECTION('center_axis',(0.500000000000001,0.,0.866025403784438));
#10456=DIRECTION('ref_axis',(0.866025403784438,0.,-0.500000000000001));
#10457=DIRECTION('',(0.866025403784438,0.,-0.500000000000001));
#10458=DIRECTION('',(0.,1.,0.));
#10459=DIRECTION('center_axis',(1.,0.,0.));
#10460=DIRECTION('ref_axis',(0.,0.,-1.));
#10461=DIRECTION('',(0.,0.,-1.));
#10462=DIRECTION('',(0.,1.,0.));
#10463=DIRECTION('center_axis',(0.500000000000001,0.,-0.866025403784438));
#10464=DIRECTION('ref_axis',(-0.866025403784438,0.,-0.500000000000001));
#10465=DIRECTION('',(-0.866025403784438,0.,-0.500000000000001));
#10466=DIRECTION('',(0.,1.,0.));
#10467=DIRECTION('center_axis',(-5.04280080225816E-16,0.,-1.));
#10468=DIRECTION('ref_axis',(-1.,0.,5.04280080225816E-16));
#10469=DIRECTION('',(-1.,0.,5.04280080225816E-16));
#10470=DIRECTION('',(0.,1.,0.));
#10471=DIRECTION('center_axis',(0.500000000000002,0.,-0.866025403784438));
#10472=DIRECTION('ref_axis',(-0.866025403784438,0.,-0.500000000000002));
#10473=DIRECTION('',(-0.866025403784438,0.,-0.500000000000002));
#10474=DIRECTION('',(0.,1.,0.));
#10475=DIRECTION('center_axis',(-2.01712032090327E-16,0.,-1.));
#10476=DIRECTION('ref_axis',(-1.,0.,2.01712032090327E-16));
#10477=DIRECTION('',(-1.,0.,2.01712032090326E-16));
#10478=DIRECTION('',(0.,-1.,-1.65211759616839E-15));
#10479=DIRECTION('center_axis',(5.79922092259689E-16,0.,1.));
#10480=DIRECTION('ref_axis',(1.,0.,-5.79922092259689E-16));
#10481=DIRECTION('',(0.,-1.,-3.30423519233678E-16));
#10482=DIRECTION('',(1.,0.,-5.79922092259689E-16));
#10483=DIRECTION('center_axis',(0.,1.,0.));
#10484=DIRECTION('ref_axis',(0.,0.,1.));
#10485=DIRECTION('',(0.,0.,-1.));
#10486=DIRECTION('',(0.,0.,-1.));
#10487=DIRECTION('',(1.,0.,0.));
#10488=DIRECTION('',(0.,0.,1.));
#10489=DIRECTION('',(-1.,0.,0.));
#10490=DIRECTION('',(-0.500000000000007,-0.866025403784435,-6.60847038467353E-16));
#10491=DIRECTION('',(-0.500000000000007,-0.866025403784435,-6.60847038467353E-16));
#10492=DIRECTION('',(-0.500000000000009,-0.866025403784434,0.));
#10493=DIRECTION('',(-0.500000000000009,-0.866025403784434,0.));
#10494=DIRECTION('center_axis',(0.,0.,-1.));
#10495=DIRECTION('ref_axis',(-1.,0.,0.));
#10496=DIRECTION('',(0.,0.,-1.));
#10497=DIRECTION('center_axis',(0.,0.,-1.));
#10498=DIRECTION('ref_axis',(-1.,0.,0.));
#10499=DIRECTION('',(0.,0.,-1.));
#10500=DIRECTION('center_axis',(0.0861727484432136,-0.0497518595104994,
-0.995037190209989));
#10501=DIRECTION('ref_axis',(-0.861727484432139,0.497518595104996,-0.0995037190209986));
#10502=DIRECTION('',(-0.861727484432139,0.497518595104996,-0.0995037190209986));
#10503=DIRECTION('',(-0.861727484432139,0.497518595104996,-0.0995037190209986));
#10504=DIRECTION('',(0.500000000000001,0.866025403784438,0.));
#10505=DIRECTION('center_axis',(0.0861727484432142,-0.0497518595104997,
0.995037190209989));
#10506=DIRECTION('ref_axis',(0.861727484432139,-0.497518595104996,-0.0995037190209993));
#10507=DIRECTION('',(0.861727484432139,-0.497518595104995,-0.0995037190209992));
#10508=DIRECTION('',(0.861727484432139,-0.497518595104995,-0.0995037190209992));
#10509=DIRECTION('',(0.500000000000001,0.866025403784438,0.));
#10510=DIRECTION('center_axis',(0.500000000000001,0.866025403784438,0.));
#10511=DIRECTION('ref_axis',(0.,0.,1.));
#10512=DIRECTION('',(0.,0.,1.));
#10513=DIRECTION('center_axis',(0.500000000000001,0.866025403784438,0.));
#10514=DIRECTION('ref_axis',(0.,0.,1.));
#10515=DIRECTION('',(0.,0.,1.));
#10516=DIRECTION('center_axis',(0.,0.,1.));
#10517=DIRECTION('ref_axis',(1.,0.,0.));
#10518=DIRECTION('',(7.04991620636974E-15,1.,0.));
#10519=DIRECTION('center_axis',(0.,0.,-1.));
#10520=DIRECTION('ref_axis',(-1.,0.,0.));
#10521=DIRECTION('center_axis',(0.,0.,-1.));
#10522=DIRECTION('ref_axis',(-1.,0.,0.));
#10523=DIRECTION('center_axis',(0.,0.,-1.));
#10524=DIRECTION('ref_axis',(-1.,0.,0.));
#10525=DIRECTION('center_axis',(0.,0.,1.));
#10526=DIRECTION('ref_axis',(-1.,8.99094484500173E-15,0.));
#10527=DIRECTION('',(7.04991620636974E-15,1.,0.));
#10528=DIRECTION('center_axis',(0.,0.,1.));
#10529=DIRECTION('ref_axis',(1.,0.,0.));
#10530=DIRECTION('center_axis',(0.,0.,-1.));
#10531=DIRECTION('ref_axis',(-1.,0.,0.));
#10532=DIRECTION('',(0.,0.,1.));
#10533=DIRECTION('center_axis',(0.,0.,-1.));
#10534=DIRECTION('ref_axis',(-1.,0.,0.));
#10535=DIRECTION('',(0.,0.,-1.));
#10536=DIRECTION('center_axis',(-7.04991620636974E-15,-1.,0.));
#10537=DIRECTION('ref_axis',(1.,-7.04991620636974E-15,0.));
#10538=DIRECTION('center_axis',(-7.04991620636974E-15,-1.,0.));
#10539=DIRECTION('ref_axis',(1.,-7.04991620636974E-15,0.));
#10540=DIRECTION('',(-1.,7.04991620636974E-15,0.));
#10541=DIRECTION('',(1.,-7.04991620636974E-15,0.));
#10542=DIRECTION('center_axis',(7.04991620636974E-15,1.,0.));
#10543=DIRECTION('ref_axis',(1.,-7.04991620636974E-15,1.22464679914735E-16));
#10544=DIRECTION('',(7.04991620636974E-15,1.,0.));
#10545=DIRECTION('center_axis',(7.04991620636974E-15,1.,0.));
#10546=DIRECTION('ref_axis',(1.,-7.04991620636974E-15,0.));
#10547=DIRECTION('',(7.04991620636974E-15,1.,0.));
#10548=DIRECTION('center_axis',(-7.04991620636974E-15,-1.,0.));
#10549=DIRECTION('ref_axis',(1.,-7.04991620636974E-15,0.));
#10550=DIRECTION('',(1.,-7.04991620636974E-15,0.));
#10551=DIRECTION('',(-1.,7.04991620636974E-15,0.));
#10552=DIRECTION('center_axis',(0.,0.,-1.));
#10553=DIRECTION('ref_axis',(-1.,0.,0.));
#10554=DIRECTION('',(6.82787160144471E-15,1.,0.));
#10555=DIRECTION('center_axis',(0.,0.,1.));
#10556=DIRECTION('ref_axis',(1.,0.,0.));
#10557=DIRECTION('',(6.82787160144471E-15,1.,0.));
#10558=DIRECTION('center_axis',(0.,0.,1.));
#10559=DIRECTION('ref_axis',(1.,0.,0.));
#10560=DIRECTION('center_axis',(0.,0.,-1.));
#10561=DIRECTION('ref_axis',(-1.,0.,0.));
#10562=DIRECTION('center_axis',(0.,0.,-1.));
#10563=DIRECTION('ref_axis',(-1.,0.,0.));
#10564=DIRECTION('center_axis',(0.,0.,1.));
#10565=DIRECTION('ref_axis',(1.,0.,0.));
#10566=DIRECTION('center_axis',(0.,0.,1.));
#10567=DIRECTION('ref_axis',(1.,0.,0.));
#10568=DIRECTION('',(-0.0523359562429725,-0.998629534754572,0.));
#10569=DIRECTION('center_axis',(0.,0.,-1.));
#10570=DIRECTION('ref_axis',(-1.,0.,0.));
#10571=DIRECTION('center_axis',(0.,0.,-1.));
#10572=DIRECTION('ref_axis',(1.,0.,0.));
#10573=DIRECTION('center_axis',(0.,0.,-1.));
#10574=DIRECTION('ref_axis',(-1.,0.,0.));
#10575=DIRECTION('center_axis',(0.,0.,1.));
#10576=DIRECTION('ref_axis',(-1.,9.16227188015919E-16,0.));
#10577=DIRECTION('',(-0.052335956242959,-0.998629534754573,2.44498651788059E-16));
#10578=DIRECTION('center_axis',(0.,0.,1.));
#10579=DIRECTION('ref_axis',(1.,0.,0.));
#10580=DIRECTION('center_axis',(0.,0.,-1.));
#10581=DIRECTION('ref_axis',(-1.,0.,0.));
#10582=DIRECTION('',(2.42621247244465E-15,-3.71986596284015E-16,-1.));
#10583=DIRECTION('center_axis',(0.,0.,-1.));
#10584=DIRECTION('ref_axis',(-1.,0.,0.));
#10585=DIRECTION('',(-2.42621247244465E-15,3.71986596284015E-16,1.));
#10586=DIRECTION('center_axis',(0.,0.,-1.));
#10587=DIRECTION('ref_axis',(-1.,0.,0.));
#10588=DIRECTION('center_axis',(0.,0.,1.));
#10589=DIRECTION('ref_axis',(-1.,-6.10818125343946E-15,0.));
#10590=DIRECTION('',(0.0523359562429725,0.998629534754572,0.));
#10591=DIRECTION('center_axis',(0.,0.,1.));
#10592=DIRECTION('ref_axis',(-1.,0.,0.));
#10593=DIRECTION('center_axis',(0.,0.,1.));
#10594=DIRECTION('ref_axis',(1.,0.,0.));
#10595=DIRECTION('',(-0.052335956242959,-0.998629534754573,2.44498651788059E-16));
#10596=DIRECTION('center_axis',(0.,0.,-1.));
#10597=DIRECTION('ref_axis',(-1.,0.,0.));
#10598=DIRECTION('center_axis',(0.,0.,-1.));
#10599=DIRECTION('ref_axis',(-1.,0.,0.));
#10600=DIRECTION('center_axis',(0.,0.,-1.));
#10601=DIRECTION('ref_axis',(-1.,0.,0.));
#10602=DIRECTION('',(2.42621247244465E-15,-3.71986596284015E-16,-1.));
#10603=DIRECTION('center_axis',(0.,0.,-1.));
#10604=DIRECTION('ref_axis',(-1.,0.,0.));
#10605=DIRECTION('',(-2.42621247244465E-15,3.71986596284015E-16,1.));
#10606=DIRECTION('center_axis',(0.052335956242959,0.998629534754573,-2.44498651788059E-16));
#10607=DIRECTION('ref_axis',(-0.998629534754573,0.052335956242959,0.));
#10608=DIRECTION('',(0.998629534754573,-0.0523359562429591,1.1958052713369E-16));
#10609=DIRECTION('',(-0.998629534754573,0.052335956242959,-1.24683249835833E-15));
#10610=DIRECTION('',(-1.71927256682597E-15,-1.93418163767922E-15,1.));
#10611=DIRECTION('center_axis',(1.23232768701102E-15,-3.09417745959611E-16,
-1.));
#10612=DIRECTION('ref_axis',(-1.,5.55111512312578E-17,-1.23232768701102E-15));
#10613=DIRECTION('',(-0.0523359562429555,-0.998629534754573,-2.16840434497101E-15));
#10614=DIRECTION('',(-0.998629534754573,0.052335956242959,-1.24683249835833E-15));
#10615=DIRECTION('center_axis',(0.052335956242959,0.998629534754573,-2.44498651788059E-16));
#10616=DIRECTION('ref_axis',(-0.998629534754573,0.052335956242959,0.));
#10617=DIRECTION('',(-0.998629534754574,0.0523359562429451,-1.1958052713369E-16));
#10618=DIRECTION('',(-1.71927256682597E-15,-1.93418163767922E-15,1.));
#10619=DIRECTION('center_axis',(-1.19416646177223E-16,6.25836123557711E-18,
1.));
#10620=DIRECTION('ref_axis',(-0.998629534754574,0.0523359562429381,-1.1958052713369E-16));
#10621=DIRECTION('',(0.052335956242922,0.998629534754575,0.));
#10622=DIRECTION('center_axis',(0.052335956242959,0.998629534754573,-2.44498651788059E-16));
#10623=DIRECTION('ref_axis',(-0.998629534754573,0.052335956242959,0.));
#10624=DIRECTION('',(-0.998629534754573,0.0523359562429591,1.1958052713369E-16));
#10625=DIRECTION('',(-1.71927256682597E-15,-1.93418163767922E-15,1.));
#10626=DIRECTION('',(0.998629534754573,-0.052335956242959,1.3010426069826E-15));
#10627=DIRECTION('center_axis',(-1.19416646177223E-16,6.25836123557711E-18,
-1.));
#10628=DIRECTION('ref_axis',(0.998629534754574,-0.0523359562429381,-1.1958052713369E-16));
#10629=DIRECTION('',(-0.052335956242922,-0.998629534754575,0.));
#10630=DIRECTION('',(0.998629534754574,-0.0523359562429451,-1.1958052713369E-16));
#10631=DIRECTION('center_axis',(0.052335956242959,0.998629534754573,-2.44498651788059E-16));
#10632=DIRECTION('ref_axis',(-0.998629534754573,0.052335956242959,0.));
#10633=DIRECTION('',(-1.71927256682597E-15,-1.93418163767922E-15,1.));
#10634=DIRECTION('',(0.998629534754573,-0.052335956242959,1.3010426069826E-15));
#10635=DIRECTION('center_axis',(-1.28646350256547E-15,3.12254883832497E-16,
1.));
#10636=DIRECTION('ref_axis',(1.,-5.55111512312578E-17,1.28646350256547E-15));
#10637=DIRECTION('',(-0.0523359562429568,-0.998629534754573,-2.02151068279356E-15));
#10638=DIRECTION('center_axis',(6.09068194641195E-15,2.07823851054069E-15,
-1.));
#10639=DIRECTION('ref_axis',(-1.,0.,-6.09068194641195E-15));
#10640=DIRECTION('center_axis',(-1.71927256682597E-15,-1.93418163767922E-15,
1.));
#10641=DIRECTION('ref_axis',(-4.36265344706779E-32,1.,1.93418163767922E-15));
#10642=DIRECTION('center_axis',(-6.09068194641195E-15,-2.07823851054069E-15,
1.));
#10643=DIRECTION('ref_axis',(-1.,3.97978112892155E-32,-6.09068194641195E-15));
#10644=DIRECTION('center_axis',(-8.59028623678704E-15,-6.92685227335637E-16,
1.));
#10645=DIRECTION('ref_axis',(1.,0.,8.59028623678704E-15));
#10646=DIRECTION('',(0.484809620246351,0.874619707139388,-3.04238487650555E-15));
#10647=DIRECTION('center_axis',(1.71927256682597E-15,1.93418163767922E-15,
-1.));
#10648=DIRECTION('ref_axis',(8.76438213073117E-32,1.,1.93418163767922E-15));
#10649=DIRECTION('center_axis',(8.59028623678704E-15,6.92685227335637E-16,
-1.));
#10650=DIRECTION('ref_axis',(-1.,-5.7722251800275E-32,-8.59028623678704E-15));
#10651=DIRECTION('center_axis',(1.71927256682597E-15,1.93418163767922E-15,
-1.));
#10652=DIRECTION('ref_axis',(0.961261695938315,-0.275637355817013,1.11953815108763E-15));
#10653=DIRECTION('',(6.04382798157415E-16,-3.81353798014994E-15,-1.));
#10654=DIRECTION('center_axis',(1.71927256682597E-15,1.93418163767922E-15,
-1.));
#10655=DIRECTION('ref_axis',(0.961261695938313,-0.275637355817018,1.11953815108762E-15));
#10656=DIRECTION('',(-6.04382798157415E-16,3.81353798014994E-15,1.));
#10657=DIRECTION('center_axis',(-4.2564582281592E-16,2.3944516693446E-16,
1.));
#10658=DIRECTION('ref_axis',(1.,0.,4.2564582281592E-16));
#10659=DIRECTION('center_axis',(1.71927256682597E-15,1.93418163767922E-15,
-1.));
#10660=DIRECTION('ref_axis',(-4.36265344706779E-32,1.,1.93418163767922E-15));
#10661=DIRECTION('center_axis',(4.2564582281592E-16,-2.3944516693446E-16,
-1.));
#10662=DIRECTION('ref_axis',(1.,-1.92395297348457E-33,4.2564582281592E-16));
#10663=DIRECTION('center_axis',(1.64879555252555E-15,-3.035477279992E-16,
-1.));
#10664=DIRECTION('ref_axis',(-1.,0.,-1.64879555252555E-15));
#10665=DIRECTION('center_axis',(-1.71927256682597E-15,-1.93418163767922E-15,
1.));
#10666=DIRECTION('ref_axis',(8.76438213073117E-32,1.,1.93418163767922E-15));
#10667=DIRECTION('',(0.484809620246351,0.874619707139388,-3.04238487650555E-15));
#10668=DIRECTION('center_axis',(-1.64879555252555E-15,3.035477279992E-16,
1.));
#10669=DIRECTION('ref_axis',(1.,-2.60832259353196E-32,1.64879555252555E-15));
#10670=DIRECTION('center_axis',(1.71927256682597E-15,1.93418163767922E-15,
-1.));
#10671=DIRECTION('ref_axis',(0.961261695938314,-0.275637355817016,1.11953815108763E-15));
#10672=DIRECTION('',(6.04382798157415E-16,-3.81353798014994E-15,-1.));
#10673=DIRECTION('center_axis',(1.71927256682597E-15,1.93418163767922E-15,
-1.));
#10674=DIRECTION('ref_axis',(0.961261695938312,-0.275637355817022,1.11953815108761E-15));
#10675=DIRECTION('',(-6.04382798157415E-16,3.81353798014994E-15,1.));
#10676=DIRECTION('center_axis',(-0.484809620246351,-0.874619707139388,3.04238487650555E-15));
#10677=DIRECTION('ref_axis',(0.874619707139388,-0.484809620246351,9.93353110635317E-16));
#10678=DIRECTION('',(0.874619707139388,-0.484809620246351,4.5702627405045E-15));
#10679=DIRECTION('',(-2.50008770102488E-15,4.86434436669281E-15,1.));
#10680=DIRECTION('',(-0.874619707139388,0.484809620246351,-4.5702627405045E-15));
#10681=DIRECTION('center_axis',(2.5222644030282E-15,-4.87663711334462E-15,
-1.));
#10682=DIRECTION('ref_axis',(-1.,4.94538702650114E-31,-2.5222644030282E-15));
#10683=DIRECTION('',(0.874619707139388,-0.484809620246351,4.5702627405045E-15));
#10684=DIRECTION('',(-0.484809620246351,-0.874619707139388,3.04238487650555E-15));
#10685=DIRECTION('center_axis',(-0.484809620246351,-0.874619707139388,3.04238487650555E-15));
#10686=DIRECTION('ref_axis',(0.874619707139388,-0.484809620246351,9.93353110635317E-16));
#10687=DIRECTION('',(-0.874619707139388,0.484809620246351,-4.5702627405045E-15));
#10688=DIRECTION('',(-2.50008770102488E-15,4.86434436669281E-15,1.));
#10689=DIRECTION('center_axis',(-2.5222644030282E-15,4.87663711334462E-15,
1.));
#10690=DIRECTION('ref_axis',(1.,-4.94538702650114E-31,2.5222644030282E-15));
#10691=DIRECTION('',(-0.484809620246351,-0.874619707139388,3.04238487650555E-15));
#10692=DIRECTION('center_axis',(1.25109150793728E-15,3.58257588779365E-15,
1.));
#10693=DIRECTION('ref_axis',(0.,-1.,3.58257588779365E-15));
#10694=DIRECTION('',(0.325568154457177,0.94551857559931,-3.21721779539466E-15));
#10695=DIRECTION('center_axis',(2.50008770102488E-15,-4.86434436669281E-15,
-1.));
#10696=DIRECTION('ref_axis',(2.61090133645577E-31,1.,-4.86434436669281E-15));
#10697=DIRECTION('center_axis',(-1.25109150793728E-15,-3.58257588779365E-15,
-1.));
#10698=DIRECTION('ref_axis',(2.65396188333673E-31,1.,-3.58257588779365E-15));
#10699=DIRECTION('center_axis',(-1.56448209735267E-15,-2.85167430552681E-15,
-1.));
#10700=DIRECTION('ref_axis',(0.,1.,-2.85167430552681E-15));
#10701=DIRECTION('center_axis',(-2.50008770102488E-15,4.86434436669281E-15,
1.));
#10702=DIRECTION('ref_axis',(-1.10006854574139E-13,1.,-4.86434436669308E-15));
#10703=DIRECTION('',(0.325568154457177,0.94551857559931,-3.21721779539466E-15));
#10704=DIRECTION('center_axis',(1.56448209735267E-15,2.85167430552681E-15,
1.));
#10705=DIRECTION('ref_axis',(2.20856176566195E-31,-1.,2.85167430552681E-15));
#10706=DIRECTION('center_axis',(2.50008770102488E-15,-4.86434436669281E-15,
-1.));
#10707=DIRECTION('ref_axis',(1.31888545729649E-30,1.,-4.86434436669281E-15));
#10708=DIRECTION('',(1.08328928979246E-14,-7.09322301288646E-15,-1.));
#10709=DIRECTION('center_axis',(2.50008770102488E-15,-4.86434436669281E-15,
-1.));
#10710=DIRECTION('ref_axis',(2.61090133645577E-31,1.,-4.86434436669281E-15));
#10711=DIRECTION('',(-1.08328928979246E-14,7.09322301288646E-15,1.));
#10712=DIRECTION('center_axis',(-0.325568154457177,-0.94551857559931,3.21721779539465E-15));
#10713=DIRECTION('ref_axis',(0.94551857559931,-0.325568154457177,2.52980506913284E-15));
#10714=DIRECTION('center_axis',(0.325568154457177,0.94551857559931,-3.17992917134307E-15));
#10715=DIRECTION('ref_axis',(0.94551857559931,-0.325568154457177,6.14381231075119E-15));
#10716=DIRECTION('',(0.325568154457177,0.94551857559931,-3.21721779539465E-15));
#10717=DIRECTION('center_axis',(-0.325568154457177,-0.94551857559931,3.17992917134307E-15));
#10718=DIRECTION('ref_axis',(0.94551857559931,-0.325568154457177,2.52980506913284E-15));
#10719=DIRECTION('',(-0.325568154457177,-0.94551857559931,3.21721779539465E-15));
#10720=DIRECTION('center_axis',(-0.325568154457177,-0.94551857559931,3.21721779539465E-15));
#10721=DIRECTION('ref_axis',(0.94551857559931,-0.325568154457177,2.52980506913284E-15));
#10722=DIRECTION('center_axis',(0.325568154457177,0.94551857559931,-3.17992917134307E-15));
#10723=DIRECTION('ref_axis',(0.94551857559931,-0.325568154457177,6.14381231075119E-15));
#10724=DIRECTION('',(0.325568154457177,0.94551857559931,-3.21721779539465E-15));
#10725=DIRECTION('center_axis',(-0.325568154457177,-0.94551857559931,3.17992917134307E-15));
#10726=DIRECTION('ref_axis',(0.94551857559931,-0.325568154457177,2.52980506913284E-15));
#10727=DIRECTION('',(-0.325568154457177,-0.94551857559931,3.21721779539465E-15));
#10728=DIRECTION('center_axis',(0.94551857559931,-0.325568154457177,5.06870993005E-15));
#10729=DIRECTION('ref_axis',(0.325568154457177,0.94551857559931,-4.409811537066E-15));
#10730=DIRECTION('',(-3.75727572156825E-15,4.65689263800014E-15,1.));
#10731=DIRECTION('',(-3.75727572156825E-15,4.65689263800014E-15,1.));
#10732=DIRECTION('center_axis',(-0.325568154457177,-0.94551857559931,3.17992917134307E-15));
#10733=DIRECTION('ref_axis',(0.94551857559931,-0.325568154457177,2.31108429714406E-16));
#10734=DIRECTION('',(-0.94551857559931,0.325568154457177,-5.11001820589917E-15));
#10735=DIRECTION('',(0.94551857559931,-0.325568154457177,5.11001820589918E-15));
#10736=DIRECTION('center_axis',(3.78419347519491E-15,-4.70559838383148E-15,
-1.));
#10737=DIRECTION('ref_axis',(-1.,2.77555756156266E-17,-3.78419347519491E-15));
#10738=DIRECTION('',(0.94551857559931,-0.325568154457177,5.11001820589918E-15));
#10739=DIRECTION('center_axis',(-0.325568154457177,-0.94551857559931,3.17992917134307E-15));
#10740=DIRECTION('ref_axis',(0.94551857559931,-0.325568154457177,2.31108429714406E-16));
#10741=DIRECTION('',(-0.94551857559931,0.325568154457177,-5.11001820589917E-15));
#10742=DIRECTION('center_axis',(-3.7841934751949E-15,4.70559838383148E-15,
1.));
#10743=DIRECTION('ref_axis',(1.,-2.77555756156266E-17,3.7841934751949E-15));
#10744=DIRECTION('center_axis',(-0.499999999999998,0.86602540378444,0.));
#10745=DIRECTION('ref_axis',(0.86602540378444,0.499999999999998,0.));
#10746=DIRECTION('',(-0.865893423528074,-0.499923801163458,-0.0174577238238675));
#10747=DIRECTION('',(0.,0.,-1.));
#10748=DIRECTION('',(0.865893423528074,0.499923801163458,-0.0174577238238675));
#10749=DIRECTION('center_axis',(0.,0.0348994967025011,0.999390827019096));
#10750=DIRECTION('ref_axis',(0.,0.999390827019096,-0.0348994967025011));
#10751=DIRECTION('',(-0.865893423528074,-0.499923801163458,0.0174577238238675));
#10752=DIRECTION('',(-1.,0.,0.));
#10753=DIRECTION('',(-0.865893423528074,0.499923801163458,-0.0174577238238675));
#10754=DIRECTION('',(1.,0.,0.));
#10755=DIRECTION('center_axis',(0.499999999999998,0.86602540378444,0.));
#10756=DIRECTION('ref_axis',(0.86602540378444,-0.499999999999998,0.));
#10757=DIRECTION('',(0.865893423528074,-0.499923801163458,0.0174577238238675));
#10758=DIRECTION('',(0.,0.,1.));
#10759=DIRECTION('',(-0.865893423528074,0.499923801163458,0.0174577238238675));
#10760=DIRECTION('center_axis',(0.,0.0348994967025011,-0.999390827019096));
#10761=DIRECTION('ref_axis',(0.,-0.999390827019096,-0.0348994967025011));
#10762=DIRECTION('',(-1.,0.,0.));
#10763=DIRECTION('',(0.865893423528074,-0.499923801163458,-0.0174577238238675));
#10764=DIRECTION('',(1.,0.,0.));
#10765=DIRECTION('',(0.865893423528074,0.499923801163458,0.0174577238238675));
#10766=DIRECTION('center_axis',(1.,0.,0.));
#10767=DIRECTION('ref_axis',(0.,0.,-1.));
#10768=DIRECTION('center_axis',(1.,0.,0.));
#10769=DIRECTION('ref_axis',(0.,0.,-1.));
#10770=DIRECTION('center_axis',(1.,0.,0.));
#10771=DIRECTION('ref_axis',(0.,0.,-1.));
#10772=DIRECTION('center_axis',(0.865893423528074,-0.499923801163458,-0.0174577238238675));
#10773=DIRECTION('ref_axis',(0.3483286751845,0.627635951645893,-0.696232896555287));
#10774=DIRECTION('center_axis',(-0.865893423528075,0.499923801163456,0.0174577238238718));
#10775=DIRECTION('ref_axis',(0.499999999999997,0.86602540378444,3.46944695195361E-18));
#10776=DIRECTION('center_axis',(0.,1.,0.));
#10777=DIRECTION('ref_axis',(-1.,0.,0.));
#10778=DIRECTION('center_axis',(0.,0.,1.));
#10779=DIRECTION('ref_axis',(-1.,1.69406589450861E-14,0.));
#10780=DIRECTION('center_axis',(-1.,2.16840434497101E-15,7.57223482956386E-17));
#10781=DIRECTION('ref_axis',(-2.16840434497101E-15,-1.,-8.13151629364128E-16));
#10782=DIRECTION('center_axis',(-0.865893423528074,-0.499923801163458,-0.0174577238238675));
#10783=DIRECTION('ref_axis',(-0.499999999999998,0.86602540378444,-1.64798730217797E-17));
#10784=DIRECTION('center_axis',(0.865893423528073,0.49992380116346,0.0174577238238679));
#10785=DIRECTION('ref_axis',(0.5,-0.866025403784438,4.77048955893622E-17));
#10786=DIRECTION('center_axis',(-1.,0.,0.));
#10787=DIRECTION('ref_axis',(0.,0.,1.));
#10788=DIRECTION('',(-1.,0.,0.));
#10789=DIRECTION('center_axis',(-1.,0.,0.));
#10790=DIRECTION('ref_axis',(0.,0.,1.));
#10791=DIRECTION('center_axis',(0.,0.,-1.));
#10792=DIRECTION('ref_axis',(-1.,0.,0.));
#10793=DIRECTION('center_axis',(4.69473312105365E-16,-2.71050543121375E-16,
1.));
#10794=DIRECTION('ref_axis',(1.,-1.96857976256362E-32,-4.69473312105365E-16));
#10795=DIRECTION('',(0.,0.,-1.));
#10796=DIRECTION('center_axis',(0.,1.,0.));
#10797=DIRECTION('ref_axis',(-1.,0.,0.));
#10798=DIRECTION('center_axis',(0.,0.,1.));
#10799=DIRECTION('ref_axis',(-1.,1.76182853028896E-15,0.));
#10800=DIRECTION('center_axis',(0.,1.,0.));
#10801=DIRECTION('ref_axis',(-1.,0.,0.));
#10802=DIRECTION('center_axis',(0.865893423528073,-0.49992380116346,0.0174577238238679));
#10803=DIRECTION('ref_axis',(0.5,0.866025403784438,4.77048955893622E-17));
#10804=DIRECTION('center_axis',(-1.,0.,0.));
#10805=DIRECTION('ref_axis',(0.,0.,-1.));
#10806=DIRECTION('center_axis',(0.,0.,1.));
#10807=DIRECTION('ref_axis',(1.,0.,0.));
#10808=DIRECTION('',(0.,0.,1.));
#10809=DIRECTION('center_axis',(-5.42101086242755E-16,0.,1.));
#10810=DIRECTION('ref_axis',(1.,0.,5.42101086242755E-16));
#10811=DIRECTION('center_axis',(1.,0.,0.));
#10812=DIRECTION('ref_axis',(0.,0.,-1.));
#10813=DIRECTION('center_axis',(-1.,4.33680868994203E-15,-1.51444696591277E-16));
#10814=DIRECTION('ref_axis',(4.33680868994202E-15,1.,6.56786676222685E-31));
#10815=DIRECTION('',(1.,0.,0.));
#10816=DIRECTION('center_axis',(0.865893423528074,-0.499923801163458,0.0174577238238675));
#10817=DIRECTION('ref_axis',(0.348328675184501,0.627635951645894,0.696232896555286));
#10818=DIRECTION('center_axis',(0.,1.,0.));
#10819=DIRECTION('ref_axis',(-1.,0.,0.));
#10820=DIRECTION('center_axis',(-0.865893423528074,-0.499923801163458,0.0174577238238662));
#10821=DIRECTION('ref_axis',(0.499999999999998,-0.866025403784439,5.39759209550184E-15));
#10822=DIRECTION('center_axis',(1.,0.,0.));
#10823=DIRECTION('ref_axis',(0.,0.,-1.));
#10824=DIRECTION('center_axis',(-0.865893423528074,-0.499923801163458,0.0174577238238675));
#10825=DIRECTION('ref_axis',(-0.499999999999998,0.86602540378444,7.80625564189563E-18));
#10826=DIRECTION('center_axis',(-1.,0.,0.));
#10827=DIRECTION('ref_axis',(0.,0.,1.));
#10828=DIRECTION('center_axis',(1.,0.,0.));
#10829=DIRECTION('ref_axis',(0.,0.,-1.));
#10830=DIRECTION('center_axis',(0.,1.,0.));
#10831=DIRECTION('ref_axis',(0.,0.,-1.));
#10832=DIRECTION('center_axis',(-0.865893423528074,-0.499923801163458,0.0174577238238675));
#10833=DIRECTION('ref_axis',(-0.499999999999998,0.86602540378444,-2.34187669256869E-17));
#10834=DIRECTION('',(0.865893423528074,0.499923801163458,-0.0174577238238675));
#10835=DIRECTION('center_axis',(-0.865893423528074,-0.499923801163458,0.0174577238238675));
#10836=DIRECTION('ref_axis',(0.499999999999998,-0.86602540378444,2.51534904016637E-17));
#10837=DIRECTION('center_axis',(0.,1.,0.));
#10838=DIRECTION('ref_axis',(-1.,0.,0.));
#10839=DIRECTION('center_axis',(-1.,-6.12323399573677E-17,0.));
#10840=DIRECTION('ref_axis',(6.12323399573677E-17,-1.,0.));
#10841=DIRECTION('center_axis',(0.,0.,1.));
#10842=DIRECTION('ref_axis',(-1.,9.77345708370347E-15,0.));
#10843=DIRECTION('center_axis',(0.865893423528074,-0.499923801163458,0.0174577238238675));
#10844=DIRECTION('ref_axis',(-0.499999999999998,-0.86602540378444,-2.68882138776405E-17));
#10845=DIRECTION('center_axis',(0.865893423528074,-0.499923801163458,0.0174577238238675));
#10846=DIRECTION('ref_axis',(0.499999999999998,0.86602540378444,-2.51534904016637E-17));
#10847=DIRECTION('',(0.865893423528074,-0.499923801163458,0.0174577238238675));
#10848=DIRECTION('center_axis',(1.,0.,0.));
#10849=DIRECTION('ref_axis',(0.,0.,-1.));
#10850=DIRECTION('center_axis',(-1.,0.,0.));
#10851=DIRECTION('ref_axis',(0.,0.,-1.));
#10852=DIRECTION('',(1.,0.,0.));
#10853=DIRECTION('center_axis',(0.,0.,1.));
#10854=DIRECTION('ref_axis',(1.,0.,0.));
#10855=DIRECTION('center_axis',(0.,0.,1.));
#10856=DIRECTION('ref_axis',(1.,0.,0.));
#10857=DIRECTION('',(0.,0.,-1.));
#10858=DIRECTION('',(0.,0.,1.));
#10859=DIRECTION('center_axis',(0.,1.,0.));
#10860=DIRECTION('ref_axis',(-1.,0.,0.));
#10861=DIRECTION('center_axis',(0.,0.,1.));
#10862=DIRECTION('ref_axis',(-1.,0.,0.));
#10863=DIRECTION('center_axis',(0.,1.,0.));
#10864=DIRECTION('ref_axis',(-1.,0.,0.));
#10865=DIRECTION('center_axis',(-1.,-6.12323399573677E-17,0.));
#10866=DIRECTION('ref_axis',(6.12323399573677E-17,-1.,0.));
#10867=DIRECTION('center_axis',(0.865893423528074,0.499923801163458,0.0174577238238675));
#10868=DIRECTION('ref_axis',(0.499999999999998,-0.86602540378444,-2.68274985559813E-15));
#10869=DIRECTION('center_axis',(0.,0.,-1.));
#10870=DIRECTION('ref_axis',(-1.,0.,0.));
#10871=DIRECTION('center_axis',(0.,0.,1.));
#10872=DIRECTION('ref_axis',(-1.,3.54450710235646E-15,0.));
#10873=DIRECTION('',(0.,0.,-1.));
#10874=DIRECTION('',(0.,0.,1.));
#10875=DIRECTION('center_axis',(-1.,0.,0.));
#10876=DIRECTION('ref_axis',(0.,0.,1.));
#10877=DIRECTION('center_axis',(-1.,0.,0.));
#10878=DIRECTION('ref_axis',(0.,0.,1.));
#10879=DIRECTION('',(-1.,0.,0.));
#10880=DIRECTION('center_axis',(-0.865893423528074,-0.499923801163458,-0.0174577238238675));
#10881=DIRECTION('ref_axis',(-0.499999999999998,0.86602540378444,2.51534904016637E-17));
#10882=DIRECTION('',(-0.865893423528074,-0.499923801163458,-0.0174577238238675));
#10883=DIRECTION('center_axis',(0.,1.,0.));
#10884=DIRECTION('ref_axis',(-1.,0.,0.));
#10885=DIRECTION('center_axis',(-0.865893423528074,0.499923801163458,0.0174577238238675));
#10886=DIRECTION('ref_axis',(0.499999999999998,0.86602540378444,2.51534904016637E-17));
#10887=DIRECTION('center_axis',(0.865893423528074,-0.499923801163458,-0.0174577238238675));
#10888=DIRECTION('ref_axis',(-0.499999999999998,-0.86602540378444,2.68882138776405E-17));
#10889=DIRECTION('',(-0.865893423528074,0.499923801163458,0.0174577238238675));
#10890=DIRECTION('center_axis',(0.,1.,0.));
#10891=DIRECTION('ref_axis',(0.,0.,-1.));
#10892=DIRECTION('center_axis',(0.499999999999998,0.86602540378444,0.));
#10893=DIRECTION('ref_axis',(0.86602540378444,-0.499999999999998,0.));
#10894=DIRECTION('center_axis',(-0.499999999999998,0.86602540378444,0.));
#10895=DIRECTION('ref_axis',(0.86602540378444,0.499999999999998,0.));
#10896=DIRECTION('',(0.,0.,1.));
#10897=DIRECTION('',(1.,0.,0.));
#10898=DIRECTION('',(1.,4.87387612222628E-16,6.52531896118195E-17));
#10899=DIRECTION('',(4.87387612222629E-16,-1.,-6.99440505513849E-15));
#10900=DIRECTION('',(1.,4.87387612222628E-16,6.52531896118195E-17));
#10901=DIRECTION('',(4.87387612222629E-16,-1.,-6.99440505513849E-15));
#10902=DIRECTION('',(1.,4.87387612222628E-16,6.52531896118195E-17));
#10903=DIRECTION('',(4.87387612222629E-16,-1.,-6.99440505513849E-15));
#10904=DIRECTION('',(1.,4.87387612222628E-16,6.52531896118195E-17));
#10905=DIRECTION('',(4.87387612222629E-16,-1.,-6.99440505513849E-15));
#10906=DIRECTION('',(1.,4.87387612222628E-16,6.52531896118195E-17));
#10907=DIRECTION('',(4.87387612222629E-16,-1.,-6.99440505513849E-15));
#10908=DIRECTION('',(1.,4.87387612222628E-16,6.52531896118195E-17));
#10909=DIRECTION('',(4.87387612222629E-16,-1.,-6.99440505513849E-15));
#10910=DIRECTION('',(1.,4.87387612222628E-16,6.52531896118195E-17));
#10911=DIRECTION('',(4.87387612222629E-16,-1.,-6.99440505513849E-15));
#10912=DIRECTION('',(1.,4.87387612222628E-16,6.52531896118195E-17));
#10913=DIRECTION('',(4.87387612222629E-16,-1.,-6.99440505513849E-15));
#10914=DIRECTION('',(-1.,-3.15912796205269E-16,3.26371112315705E-17));
#10915=DIRECTION('',(3.15912796205269E-16,-1.,6.99440505513849E-15));
#10916=DIRECTION('',(-1.,-3.15912796205269E-16,3.26371112315705E-17));
#10917=DIRECTION('',(3.15912796205269E-16,-1.,6.99440505513849E-15));
#10918=DIRECTION('',(-1.,-3.15912796205269E-16,3.26371112315705E-17));
#10919=DIRECTION('',(3.15912796205269E-16,-1.,6.99440505513849E-15));
#10920=DIRECTION('',(-1.,-3.15912796205269E-16,3.26371112315705E-17));
#10921=DIRECTION('',(3.15912796205269E-16,-1.,6.99440505513849E-15));
#10922=DIRECTION('',(-1.,-3.15912796205269E-16,3.26371112315705E-17));
#10923=DIRECTION('',(3.15912796205269E-16,-1.,6.99440505513849E-15));
#10924=DIRECTION('',(-1.,-3.15912796205269E-16,3.26371112315705E-17));
#10925=DIRECTION('',(3.15912796205269E-16,-1.,6.99440505513849E-15));
#10926=DIRECTION('',(-1.,-3.15912796205269E-16,3.26371112315705E-17));
#10927=DIRECTION('',(3.15912796205269E-16,-1.,6.99440505513849E-15));
#10928=DIRECTION('',(-1.,-3.15912796205269E-16,3.26371112315705E-17));
#10929=DIRECTION('',(3.15912796205269E-16,-1.,6.99440505513849E-15));
#10930=CARTESIAN_POINT('',(0.,0.,0.));
#10931=CARTESIAN_POINT('',(0.,0.,0.));
#10932=CARTESIAN_POINT('Origin',(5.85,14.,2.34));
#10933=CARTESIAN_POINT('',(5.85,3.74809848221798,2.34));
#10934=CARTESIAN_POINT('',(6.85,3.74809848221798,2.34));
#10935=CARTESIAN_POINT('',(5.5499,3.74809848221798,2.34));
#10936=CARTESIAN_POINT('',(5.85000000000001,0.,2.34));
#10937=CARTESIAN_POINT('',(5.85,14.,2.34));
#10938=CARTESIAN_POINT('',(6.85,0.,2.34));
#10939=CARTESIAN_POINT('',(5.85,0.,2.34));
#10940=CARTESIAN_POINT('',(6.85,14.,2.34));
#10941=CARTESIAN_POINT('Origin',(6.85,14.,2.74));
#10942=CARTESIAN_POINT('',(6.85,3.74809848221798,2.72306913327691));
#10943=CARTESIAN_POINT('',(6.85,3.77742360359855,2.74));
#10944=CARTESIAN_POINT('',(6.85,11.4443559008996,7.16650542570543));
#10945=CARTESIAN_POINT('',(6.85,3.74809848221798,2.74));
#10946=CARTESIAN_POINT('',(6.85,0.,2.74));
#10947=CARTESIAN_POINT('',(6.85,0.,2.74));
#10948=CARTESIAN_POINT('',(6.85,14.,2.74));
#10949=CARTESIAN_POINT('Origin',(5.85,14.,2.74));
#10950=CARTESIAN_POINT('',(5.85,3.77742360359855,2.74));
#10951=CARTESIAN_POINT('',(5.85,3.77742360359855,2.74));
#10952=CARTESIAN_POINT('',(5.85,0.,2.74));
#10953=CARTESIAN_POINT('',(5.85,0.,2.74));
#10954=CARTESIAN_POINT('',(5.85,14.,2.74));
#10955=CARTESIAN_POINT('Origin',(5.85,14.,2.74));
#10956=CARTESIAN_POINT('',(5.85,3.74809848221798,2.72306913327691));
#10957=CARTESIAN_POINT('',(5.85,11.4443559008996,7.16650542570543));
#10958=CARTESIAN_POINT('',(5.85,0.,2.74));
#10959=CARTESIAN_POINT('',(5.85,3.74809848221798,2.74));
#10960=CARTESIAN_POINT('Origin',(3.31,14.,2.34));
#10961=CARTESIAN_POINT('',(3.31,3.74809848221798,2.34));
#10962=CARTESIAN_POINT('',(4.31,3.74809848221798,2.34));
#10963=CARTESIAN_POINT('',(3.0099,3.74809848221798,2.34));
#10964=CARTESIAN_POINT('',(3.31000000000001,0.,2.34));
#10965=CARTESIAN_POINT('',(3.31,14.,2.34));
#10966=CARTESIAN_POINT('',(4.31,0.,2.34));
#10967=CARTESIAN_POINT('',(3.31,0.,2.34));
#10968=CARTESIAN_POINT('',(4.31,14.,2.34));
#10969=CARTESIAN_POINT('Origin',(4.31,14.,2.74));
#10970=CARTESIAN_POINT('',(4.31,3.74809848221798,2.72306913327691));
#10971=CARTESIAN_POINT('',(4.31,3.77742360359855,2.74));
#10972=CARTESIAN_POINT('',(4.31,11.4443559008996,7.16650542570543));
#10973=CARTESIAN_POINT('',(4.31,3.74809848221798,2.74));
#10974=CARTESIAN_POINT('',(4.31,0.,2.74));
#10975=CARTESIAN_POINT('',(4.31,0.,2.74));
#10976=CARTESIAN_POINT('',(4.31,14.,2.74));
#10977=CARTESIAN_POINT('Origin',(3.31,14.,2.74));
#10978=CARTESIAN_POINT('',(3.31,3.77742360359855,2.74));
#10979=CARTESIAN_POINT('',(3.31,3.77742360359855,2.74));
#10980=CARTESIAN_POINT('',(3.31,0.,2.74));
#10981=CARTESIAN_POINT('',(3.31,0.,2.74));
#10982=CARTESIAN_POINT('',(3.31,14.,2.74));
#10983=CARTESIAN_POINT('Origin',(3.31,14.,2.74));
#10984=CARTESIAN_POINT('',(3.31,3.74809848221798,2.72306913327691));
#10985=CARTESIAN_POINT('',(3.31,11.4443559008996,7.16650542570543));
#10986=CARTESIAN_POINT('',(3.31,0.,2.74));
#10987=CARTESIAN_POINT('',(3.31,3.74809848221798,2.74));
#10988=CARTESIAN_POINT('Origin',(5.85,14.,-2.74));
#10989=CARTESIAN_POINT('',(5.85,3.77742360359855,-2.74));
#10990=CARTESIAN_POINT('',(5.85,0.,-2.74));
#10991=CARTESIAN_POINT('',(5.85,14.,-2.74));
#10992=CARTESIAN_POINT('',(5.85,3.74809848221798,-2.72306913327691));
#10993=CARTESIAN_POINT('',(5.85,11.4443559008996,-7.16650542570543));
#10994=CARTESIAN_POINT('',(5.85,3.74809848221798,-2.34));
#10995=CARTESIAN_POINT('',(5.85,3.74809848221798,-2.74));
#10996=CARTESIAN_POINT('',(5.85,0.,-2.34));
#10997=CARTESIAN_POINT('',(5.85,14.,-2.34));
#10998=CARTESIAN_POINT('',(5.85,0.,-2.74));
#10999=CARTESIAN_POINT('Origin',(5.85,14.,-2.34));
#11000=CARTESIAN_POINT('',(6.85,3.74809848221798,-2.34));
#11001=CARTESIAN_POINT('',(5.5499,3.74809848221798,-2.34));
#11002=CARTESIAN_POINT('',(6.85,0.,-2.34));
#11003=CARTESIAN_POINT('',(6.85,14.,-2.34));
#11004=CARTESIAN_POINT('',(5.85,0.,-2.34));
#11005=CARTESIAN_POINT('Origin',(6.85,14.,-2.74));
#11006=CARTESIAN_POINT('',(6.85,3.74809848221798,-2.72306913327691));
#11007=CARTESIAN_POINT('',(6.85,3.74809848221798,-2.74));
#11008=CARTESIAN_POINT('',(6.85,3.77742360359855,-2.74));
#11009=CARTESIAN_POINT('',(6.85,11.4443559008996,-7.16650542570543));
#11010=CARTESIAN_POINT('',(6.85,0.,-2.74));
#11011=CARTESIAN_POINT('',(6.85,14.,-2.74));
#11012=CARTESIAN_POINT('',(6.85,0.,-2.74));
#11013=CARTESIAN_POINT('Origin',(5.85,14.,-2.74));
#11014=CARTESIAN_POINT('',(5.85,3.77742360359855,-2.74));
#11015=CARTESIAN_POINT('',(5.85,0.,-2.74));
#11016=CARTESIAN_POINT('Origin',(3.31,14.,-2.74));
#11017=CARTESIAN_POINT('',(3.31,3.77742360359855,-2.74));
#11018=CARTESIAN_POINT('',(3.31,0.,-2.74));
#11019=CARTESIAN_POINT('',(3.31,14.,-2.74));
#11020=CARTESIAN_POINT('',(3.31,3.74809848221798,-2.72306913327691));
#11021=CARTESIAN_POINT('',(3.31,11.4443559008996,-7.16650542570543));
#11022=CARTESIAN_POINT('',(3.31,3.74809848221798,-2.34));
#11023=CARTESIAN_POINT('',(3.31,3.74809848221798,-2.74));
#11024=CARTESIAN_POINT('',(3.31,0.,-2.34));
#11025=CARTESIAN_POINT('',(3.31,14.,-2.34));
#11026=CARTESIAN_POINT('',(3.31,0.,-2.74));
#11027=CARTESIAN_POINT('Origin',(3.31,14.,-2.34));
#11028=CARTESIAN_POINT('',(4.31,3.74809848221798,-2.34));
#11029=CARTESIAN_POINT('',(3.0099,3.74809848221798,-2.34));
#11030=CARTESIAN_POINT('',(4.31,0.,-2.34));
#11031=CARTESIAN_POINT('',(4.31,14.,-2.34));
#11032=CARTESIAN_POINT('',(3.31,0.,-2.34));
#11033=CARTESIAN_POINT('Origin',(4.31,14.,-2.74));
#11034=CARTESIAN_POINT('',(4.31,3.74809848221798,-2.72306913327691));
#11035=CARTESIAN_POINT('',(4.31,3.74809848221798,-2.74));
#11036=CARTESIAN_POINT('',(4.31,3.77742360359855,-2.74));
#11037=CARTESIAN_POINT('',(4.31,11.4443559008996,-7.16650542570543));
#11038=CARTESIAN_POINT('',(4.31,0.,-2.74));
#11039=CARTESIAN_POINT('',(4.31,14.,-2.74));
#11040=CARTESIAN_POINT('',(4.31,0.,-2.74));
#11041=CARTESIAN_POINT('Origin',(3.31,14.,-2.74));
#11042=CARTESIAN_POINT('',(3.31,3.77742360359855,-2.74));
#11043=CARTESIAN_POINT('',(3.31,0.,-2.74));
#11044=CARTESIAN_POINT('Origin',(-1.77,14.,2.34));
#11045=CARTESIAN_POINT('',(-1.77,3.74809848221798,2.34));
#11046=CARTESIAN_POINT('',(-0.769999999999996,3.74809848221798,2.34));
#11047=CARTESIAN_POINT('',(-2.0701,3.74809848221798,2.34));
#11048=CARTESIAN_POINT('',(-1.77,0.,2.34));
#11049=CARTESIAN_POINT('',(-1.77,14.,2.34));
#11050=CARTESIAN_POINT('',(-0.769999999999996,0.,2.34));
#11051=CARTESIAN_POINT('',(-1.77,0.,2.34));
#11052=CARTESIAN_POINT('',(-0.769999999999996,14.,2.34));
#11053=CARTESIAN_POINT('Origin',(-0.769999999999996,14.,2.74));
#11054=CARTESIAN_POINT('',(-0.769999999999996,3.74809848221798,2.72306913327691));
#11055=CARTESIAN_POINT('',(-0.769999999999996,3.77742360359855,2.74));
#11056=CARTESIAN_POINT('',(-0.769999999999996,11.4443559008996,7.16650542570543));
#11057=CARTESIAN_POINT('',(-0.769999999999996,3.74809848221798,2.74));
#11058=CARTESIAN_POINT('',(-0.769999999999996,0.,2.74));
#11059=CARTESIAN_POINT('',(-0.769999999999996,0.,2.74));
#11060=CARTESIAN_POINT('',(-0.769999999999996,14.,2.74));
#11061=CARTESIAN_POINT('Origin',(-1.77,14.,2.74));
#11062=CARTESIAN_POINT('',(-1.77,3.77742360359855,2.74));
#11063=CARTESIAN_POINT('',(-1.77,3.77742360359855,2.74));
#11064=CARTESIAN_POINT('',(-1.77,0.,2.74));
#11065=CARTESIAN_POINT('',(-1.77,0.,2.74));
#11066=CARTESIAN_POINT('',(-1.77,14.,2.74));
#11067=CARTESIAN_POINT('Origin',(-1.77,14.,2.74));
#11068=CARTESIAN_POINT('',(-1.77,3.74809848221798,2.72306913327691));
#11069=CARTESIAN_POINT('',(-1.77,11.4443559008996,7.16650542570543));
#11070=CARTESIAN_POINT('',(-1.77,0.,2.74));
#11071=CARTESIAN_POINT('',(-1.77,3.74809848221798,2.74));
#11072=CARTESIAN_POINT('Origin',(-4.31,14.,2.34));
#11073=CARTESIAN_POINT('',(-4.31,3.74809848221798,2.34));
#11074=CARTESIAN_POINT('',(-3.31,3.74809848221798,2.34));
#11075=CARTESIAN_POINT('',(-4.6101,3.74809848221798,2.34));
#11076=CARTESIAN_POINT('',(-4.30999999999999,0.,2.34));
#11077=CARTESIAN_POINT('',(-4.31,14.,2.34));
#11078=CARTESIAN_POINT('',(-3.31,0.,2.34));
#11079=CARTESIAN_POINT('',(-4.31,0.,2.34));
#11080=CARTESIAN_POINT('',(-3.31,14.,2.34));
#11081=CARTESIAN_POINT('Origin',(-3.31,14.,2.74));
#11082=CARTESIAN_POINT('',(-3.31,3.74809848221798,2.72306913327691));
#11083=CARTESIAN_POINT('',(-3.31,3.77742360359855,2.74));
#11084=CARTESIAN_POINT('',(-3.31,11.4443559008996,7.16650542570543));
#11085=CARTESIAN_POINT('',(-3.31,3.74809848221798,2.74));
#11086=CARTESIAN_POINT('',(-3.31,0.,2.74));
#11087=CARTESIAN_POINT('',(-3.31,0.,2.74));
#11088=CARTESIAN_POINT('',(-3.31,14.,2.74));
#11089=CARTESIAN_POINT('Origin',(-4.31,14.,2.74));
#11090=CARTESIAN_POINT('',(-4.31,3.77742360359855,2.74));
#11091=CARTESIAN_POINT('',(-4.31,3.77742360359855,2.74));
#11092=CARTESIAN_POINT('',(-4.31,0.,2.74));
#11093=CARTESIAN_POINT('',(-4.31,0.,2.74));
#11094=CARTESIAN_POINT('',(-4.31,14.,2.74));
#11095=CARTESIAN_POINT('Origin',(-4.31,14.,2.74));
#11096=CARTESIAN_POINT('',(-4.31,3.74809848221798,2.72306913327691));
#11097=CARTESIAN_POINT('',(-4.31,11.4443559008996,7.16650542570543));
#11098=CARTESIAN_POINT('',(-4.31,0.,2.74));
#11099=CARTESIAN_POINT('',(-4.31,3.74809848221798,2.74));
#11100=CARTESIAN_POINT('Origin',(-6.85,14.,2.34));
#11101=CARTESIAN_POINT('',(-6.85,3.74809848221798,2.34));
#11102=CARTESIAN_POINT('',(-5.85,3.74809848221798,2.34));
#11103=CARTESIAN_POINT('',(-7.1501,3.74809848221798,2.34));
#11104=CARTESIAN_POINT('',(-6.85,0.,2.34));
#11105=CARTESIAN_POINT('',(-6.85,14.,2.34));
#11106=CARTESIAN_POINT('',(-5.85,0.,2.34));
#11107=CARTESIAN_POINT('',(-6.85,0.,2.34));
#11108=CARTESIAN_POINT('',(-5.85,14.,2.34));
#11109=CARTESIAN_POINT('Origin',(-5.85,14.,2.74));
#11110=CARTESIAN_POINT('',(-5.85,3.74809848221798,2.72306913327691));
#11111=CARTESIAN_POINT('',(-5.85,3.77742360359855,2.74));
#11112=CARTESIAN_POINT('',(-5.85,11.4443559008996,7.16650542570543));
#11113=CARTESIAN_POINT('',(-5.85,3.74809848221798,2.74));
#11114=CARTESIAN_POINT('',(-5.85,0.,2.74));
#11115=CARTESIAN_POINT('',(-5.85,0.,2.74));
#11116=CARTESIAN_POINT('',(-5.85,14.,2.74));
#11117=CARTESIAN_POINT('Origin',(-6.85,14.,2.74));
#11118=CARTESIAN_POINT('',(-6.85,3.77742360359855,2.74));
#11119=CARTESIAN_POINT('',(-6.85,3.77742360359855,2.74));
#11120=CARTESIAN_POINT('',(-6.85,0.,2.74));
#11121=CARTESIAN_POINT('',(-6.85,0.,2.74));
#11122=CARTESIAN_POINT('',(-6.85,14.,2.74));
#11123=CARTESIAN_POINT('Origin',(-6.85,14.,2.74));
#11124=CARTESIAN_POINT('',(-6.85,3.74809848221798,2.72306913327691));
#11125=CARTESIAN_POINT('',(-6.85,11.4443559008996,7.16650542570543));
#11126=CARTESIAN_POINT('',(-6.85,0.,2.74));
#11127=CARTESIAN_POINT('',(-6.85,3.74809848221798,2.74));
#11128=CARTESIAN_POINT('Origin',(-9.39,14.,2.34));
#11129=CARTESIAN_POINT('',(-9.39,3.74809848221798,2.34));
#11130=CARTESIAN_POINT('',(-8.39,3.74809848221798,2.34));
#11131=CARTESIAN_POINT('',(-9.6901,3.74809848221798,2.34));
#11132=CARTESIAN_POINT('',(-9.39,0.,2.34));
#11133=CARTESIAN_POINT('',(-9.39,14.,2.34));
#11134=CARTESIAN_POINT('',(-8.39,0.,2.34));
#11135=CARTESIAN_POINT('',(-9.39,0.,2.34));
#11136=CARTESIAN_POINT('',(-8.39,14.,2.34));
#11137=CARTESIAN_POINT('Origin',(-8.39,14.,2.74));
#11138=CARTESIAN_POINT('',(-8.39,3.74809848221798,2.72306913327691));
#11139=CARTESIAN_POINT('',(-8.39,3.77742360359855,2.74));
#11140=CARTESIAN_POINT('',(-8.39,11.4443559008996,7.16650542570543));
#11141=CARTESIAN_POINT('',(-8.39,3.74809848221798,2.74));
#11142=CARTESIAN_POINT('',(-8.39,0.,2.74));
#11143=CARTESIAN_POINT('',(-8.39,0.,2.74));
#11144=CARTESIAN_POINT('',(-8.39,14.,2.74));
#11145=CARTESIAN_POINT('Origin',(-9.39,14.,2.74));
#11146=CARTESIAN_POINT('',(-9.39,3.77742360359855,2.74));
#11147=CARTESIAN_POINT('',(-9.39,3.77742360359855,2.74));
#11148=CARTESIAN_POINT('',(-9.39,0.,2.74));
#11149=CARTESIAN_POINT('',(-9.39,0.,2.74));
#11150=CARTESIAN_POINT('',(-9.39,14.,2.74));
#11151=CARTESIAN_POINT('Origin',(-9.39,14.,2.74));
#11152=CARTESIAN_POINT('',(-9.39,3.74809848221798,2.72306913327691));
#11153=CARTESIAN_POINT('',(-9.39,11.4443559008996,7.16650542570543));
#11154=CARTESIAN_POINT('',(-9.39,0.,2.74));
#11155=CARTESIAN_POINT('',(-9.39,3.74809848221798,2.74));
#11156=CARTESIAN_POINT('Origin',(-1.77,14.,-2.74));
#11157=CARTESIAN_POINT('',(-1.77,3.77742360359855,-2.74));
#11158=CARTESIAN_POINT('',(-1.77,0.,-2.74));
#11159=CARTESIAN_POINT('',(-1.77,14.,-2.74));
#11160=CARTESIAN_POINT('',(-1.77,3.74809848221798,-2.72306913327691));
#11161=CARTESIAN_POINT('',(-1.77,11.4443559008996,-7.16650542570543));
#11162=CARTESIAN_POINT('',(-1.77,3.74809848221798,-2.34));
#11163=CARTESIAN_POINT('',(-1.77,3.74809848221798,-2.74));
#11164=CARTESIAN_POINT('',(-1.77,0.,-2.34));
#11165=CARTESIAN_POINT('',(-1.77,14.,-2.34));
#11166=CARTESIAN_POINT('',(-1.77,0.,-2.74));
#11167=CARTESIAN_POINT('Origin',(-1.77,14.,-2.34));
#11168=CARTESIAN_POINT('',(-0.769999999999996,3.74809848221798,-2.34));
#11169=CARTESIAN_POINT('',(-2.0701,3.74809848221798,-2.34));
#11170=CARTESIAN_POINT('',(-0.769999999999996,0.,-2.34));
#11171=CARTESIAN_POINT('',(-0.769999999999996,14.,-2.34));
#11172=CARTESIAN_POINT('',(-1.77,0.,-2.34));
#11173=CARTESIAN_POINT('Origin',(-0.769999999999996,14.,-2.74));
#11174=CARTESIAN_POINT('',(-0.769999999999996,3.74809848221798,-2.72306913327691));
#11175=CARTESIAN_POINT('',(-0.769999999999996,3.74809848221798,-2.74));
#11176=CARTESIAN_POINT('',(-0.769999999999996,3.77742360359855,-2.74));
#11177=CARTESIAN_POINT('',(-0.769999999999996,11.4443559008996,-7.16650542570543));
#11178=CARTESIAN_POINT('',(-0.769999999999996,0.,-2.74));
#11179=CARTESIAN_POINT('',(-0.769999999999996,14.,-2.74));
#11180=CARTESIAN_POINT('',(-0.769999999999996,0.,-2.74));
#11181=CARTESIAN_POINT('Origin',(-1.77,14.,-2.74));
#11182=CARTESIAN_POINT('',(-1.77,3.77742360359855,-2.74));
#11183=CARTESIAN_POINT('',(-1.77,0.,-2.74));
#11184=CARTESIAN_POINT('Origin',(-4.31,14.,-2.74));
#11185=CARTESIAN_POINT('',(-4.31,3.77742360359855,-2.74));
#11186=CARTESIAN_POINT('',(-4.31,0.,-2.74));
#11187=CARTESIAN_POINT('',(-4.31,14.,-2.74));
#11188=CARTESIAN_POINT('',(-4.31,3.74809848221798,-2.72306913327691));
#11189=CARTESIAN_POINT('',(-4.31,11.4443559008996,-7.16650542570543));
#11190=CARTESIAN_POINT('',(-4.31,3.74809848221798,-2.34));
#11191=CARTESIAN_POINT('',(-4.31,3.74809848221798,-2.74));
#11192=CARTESIAN_POINT('',(-4.31,0.,-2.34));
#11193=CARTESIAN_POINT('',(-4.31,14.,-2.34));
#11194=CARTESIAN_POINT('',(-4.31,0.,-2.74));
#11195=CARTESIAN_POINT('Origin',(-4.31,14.,-2.34));
#11196=CARTESIAN_POINT('',(-3.31,3.74809848221798,-2.34));
#11197=CARTESIAN_POINT('',(-4.6101,3.74809848221798,-2.34));
#11198=CARTESIAN_POINT('',(-3.31,0.,-2.34));
#11199=CARTESIAN_POINT('',(-3.31,14.,-2.34));
#11200=CARTESIAN_POINT('',(-4.31,0.,-2.34));
#11201=CARTESIAN_POINT('Origin',(-3.31,14.,-2.74));
#11202=CARTESIAN_POINT('',(-3.31,3.74809848221798,-2.72306913327691));
#11203=CARTESIAN_POINT('',(-3.31,3.74809848221798,-2.74));
#11204=CARTESIAN_POINT('',(-3.31,3.77742360359855,-2.74));
#11205=CARTESIAN_POINT('',(-3.31,11.4443559008996,-7.16650542570543));
#11206=CARTESIAN_POINT('',(-3.31,0.,-2.74));
#11207=CARTESIAN_POINT('',(-3.31,14.,-2.74));
#11208=CARTESIAN_POINT('',(-3.31,0.,-2.74));
#11209=CARTESIAN_POINT('Origin',(-4.31,14.,-2.74));
#11210=CARTESIAN_POINT('',(-4.31,3.77742360359855,-2.74));
#11211=CARTESIAN_POINT('',(-4.31,0.,-2.74));
#11212=CARTESIAN_POINT('Origin',(-6.85,14.,-2.74));
#11213=CARTESIAN_POINT('',(-6.85,3.77742360359855,-2.74));
#11214=CARTESIAN_POINT('',(-6.85,0.,-2.74));
#11215=CARTESIAN_POINT('',(-6.85,14.,-2.74));
#11216=CARTESIAN_POINT('',(-6.85,3.74809848221798,-2.72306913327691));
#11217=CARTESIAN_POINT('',(-6.85,11.4443559008996,-7.16650542570543));
#11218=CARTESIAN_POINT('',(-6.85,3.74809848221798,-2.34));
#11219=CARTESIAN_POINT('',(-6.85,3.74809848221798,-2.74));
#11220=CARTESIAN_POINT('',(-6.85,0.,-2.34));
#11221=CARTESIAN_POINT('',(-6.85,14.,-2.34));
#11222=CARTESIAN_POINT('',(-6.85,0.,-2.74));
#11223=CARTESIAN_POINT('Origin',(-6.85,14.,-2.34));
#11224=CARTESIAN_POINT('',(-5.85,3.74809848221798,-2.34));
#11225=CARTESIAN_POINT('',(-7.1501,3.74809848221798,-2.34));
#11226=CARTESIAN_POINT('',(-5.85,0.,-2.34));
#11227=CARTESIAN_POINT('',(-5.85,14.,-2.34));
#11228=CARTESIAN_POINT('',(-6.85,0.,-2.34));
#11229=CARTESIAN_POINT('Origin',(-5.85,14.,-2.74));
#11230=CARTESIAN_POINT('',(-5.85,3.74809848221798,-2.72306913327691));
#11231=CARTESIAN_POINT('',(-5.85,3.74809848221798,-2.74));
#11232=CARTESIAN_POINT('',(-5.85,3.77742360359855,-2.74));
#11233=CARTESIAN_POINT('',(-5.85,11.4443559008996,-7.16650542570543));
#11234=CARTESIAN_POINT('',(-5.85,0.,-2.74));
#11235=CARTESIAN_POINT('',(-5.85,14.,-2.74));
#11236=CARTESIAN_POINT('',(-5.85,0.,-2.74));
#11237=CARTESIAN_POINT('Origin',(-6.85,14.,-2.74));
#11238=CARTESIAN_POINT('',(-6.85,3.77742360359855,-2.74));
#11239=CARTESIAN_POINT('',(-6.85,0.,-2.74));
#11240=CARTESIAN_POINT('Origin',(-9.39,14.,-2.74));
#11241=CARTESIAN_POINT('',(-9.39,3.77742360359855,-2.74));
#11242=CARTESIAN_POINT('',(-9.38999999999999,0.,-2.74));
#11243=CARTESIAN_POINT('',(-9.39,14.,-2.74));
#11244=CARTESIAN_POINT('',(-9.39,3.74809848221798,-2.72306913327691));
#11245=CARTESIAN_POINT('',(-9.39,11.4443559008996,-7.16650542570543));
#11246=CARTESIAN_POINT('',(-9.39,3.74809848221798,-2.34));
#11247=CARTESIAN_POINT('',(-9.39,3.74809848221798,-2.74));
#11248=CARTESIAN_POINT('',(-9.39,0.,-2.34));
#11249=CARTESIAN_POINT('',(-9.39,14.,-2.34));
#11250=CARTESIAN_POINT('',(-9.39,0.,-2.74));
#11251=CARTESIAN_POINT('Origin',(-9.39,14.,-2.34));
#11252=CARTESIAN_POINT('',(-8.39,3.74809848221798,-2.34));
#11253=CARTESIAN_POINT('',(-9.6901,3.74809848221798,-2.34));
#11254=CARTESIAN_POINT('',(-8.39,0.,-2.34));
#11255=CARTESIAN_POINT('',(-8.39,14.,-2.34));
#11256=CARTESIAN_POINT('',(-9.39,0.,-2.34));
#11257=CARTESIAN_POINT('Origin',(-8.39,14.,-2.74));
#11258=CARTESIAN_POINT('',(-8.39,3.74809848221798,-2.72306913327691));
#11259=CARTESIAN_POINT('',(-8.39,3.74809848221798,-2.74));
#11260=CARTESIAN_POINT('',(-8.39,3.77742360359855,-2.74));
#11261=CARTESIAN_POINT('',(-8.39,11.4443559008996,-7.16650542570543));
#11262=CARTESIAN_POINT('',(-8.39,0.,-2.74));
#11263=CARTESIAN_POINT('',(-8.39,14.,-2.74));
#11264=CARTESIAN_POINT('',(-8.39,0.,-2.74));
#11265=CARTESIAN_POINT('Origin',(-9.39,14.,-2.74));
#11266=CARTESIAN_POINT('',(-9.39,3.77742360359855,-2.74));
#11267=CARTESIAN_POINT('',(-9.39,0.,-2.74));
#11268=CARTESIAN_POINT('Origin',(0.770000000000004,14.,2.34));
#11269=CARTESIAN_POINT('',(0.770000000000004,3.74809848221798,2.34));
#11270=CARTESIAN_POINT('',(1.77,3.74809848221798,2.34));
#11271=CARTESIAN_POINT('',(0.469900000000002,3.74809848221798,2.34));
#11272=CARTESIAN_POINT('',(0.770000000000005,0.,2.34));
#11273=CARTESIAN_POINT('',(0.770000000000004,14.,2.34));
#11274=CARTESIAN_POINT('',(1.77,0.,2.34));
#11275=CARTESIAN_POINT('',(0.770000000000004,0.,2.34));
#11276=CARTESIAN_POINT('',(1.77,14.,2.34));
#11277=CARTESIAN_POINT('Origin',(1.77,14.,2.74));
#11278=CARTESIAN_POINT('',(1.77,3.74809848221798,2.72306913327691));
#11279=CARTESIAN_POINT('',(1.77,3.77742360359855,2.74));
#11280=CARTESIAN_POINT('',(1.77,11.4443559008996,7.16650542570543));
#11281=CARTESIAN_POINT('',(1.77,3.74809848221798,2.74));
#11282=CARTESIAN_POINT('',(1.77,0.,2.74));
#11283=CARTESIAN_POINT('',(1.77,0.,2.74));
#11284=CARTESIAN_POINT('',(1.77,14.,2.74));
#11285=CARTESIAN_POINT('Origin',(0.770000000000004,14.,2.74));
#11286=CARTESIAN_POINT('',(0.770000000000004,3.77742360359855,2.74));
#11287=CARTESIAN_POINT('',(0.770000000000004,3.77742360359855,2.74));
#11288=CARTESIAN_POINT('',(0.770000000000004,0.,2.74));
#11289=CARTESIAN_POINT('',(0.770000000000004,0.,2.74));
#11290=CARTESIAN_POINT('',(0.770000000000004,14.,2.74));
#11291=CARTESIAN_POINT('Origin',(0.770000000000004,14.,2.74));
#11292=CARTESIAN_POINT('',(0.770000000000004,3.74809848221798,2.72306913327691));
#11293=CARTESIAN_POINT('',(0.770000000000004,11.4443559008996,7.16650542570543));
#11294=CARTESIAN_POINT('',(0.770000000000004,0.,2.74));
#11295=CARTESIAN_POINT('',(0.770000000000004,3.74809848221798,2.74));
#11296=CARTESIAN_POINT('Origin',(0.770000000000004,14.,-2.74));
#11297=CARTESIAN_POINT('',(0.770000000000004,3.77742360359855,-2.74));
#11298=CARTESIAN_POINT('',(0.770000000000004,0.,-2.74));
#11299=CARTESIAN_POINT('',(0.770000000000004,14.,-2.74));
#11300=CARTESIAN_POINT('',(0.770000000000004,3.74809848221798,-2.72306913327691));
#11301=CARTESIAN_POINT('',(0.770000000000004,11.4443559008996,-7.16650542570543));
#11302=CARTESIAN_POINT('',(0.770000000000004,3.74809848221798,-2.34));
#11303=CARTESIAN_POINT('',(0.770000000000004,3.74809848221798,-2.74));
#11304=CARTESIAN_POINT('',(0.770000000000004,0.,-2.34));
#11305=CARTESIAN_POINT('',(0.770000000000004,14.,-2.34));
#11306=CARTESIAN_POINT('',(0.770000000000004,0.,-2.74));
#11307=CARTESIAN_POINT('Origin',(0.770000000000004,14.,-2.34));
#11308=CARTESIAN_POINT('',(1.77,3.74809848221798,-2.34));
#11309=CARTESIAN_POINT('',(0.469900000000002,3.74809848221798,-2.34));
#11310=CARTESIAN_POINT('',(1.77,0.,-2.34));
#11311=CARTESIAN_POINT('',(1.77,14.,-2.34));
#11312=CARTESIAN_POINT('',(0.770000000000004,0.,-2.34));
#11313=CARTESIAN_POINT('Origin',(1.77,14.,-2.74));
#11314=CARTESIAN_POINT('',(1.77,3.74809848221798,-2.72306913327691));
#11315=CARTESIAN_POINT('',(1.77,3.74809848221798,-2.74));
#11316=CARTESIAN_POINT('',(1.77,3.77742360359855,-2.74));
#11317=CARTESIAN_POINT('',(1.77,11.4443559008996,-7.16650542570543));
#11318=CARTESIAN_POINT('',(1.77,0.,-2.74));
#11319=CARTESIAN_POINT('',(1.77,14.,-2.74));
#11320=CARTESIAN_POINT('',(1.77,0.,-2.74));
#11321=CARTESIAN_POINT('Origin',(0.770000000000004,14.,-2.74));
#11322=CARTESIAN_POINT('',(0.770000000000004,3.77742360359855,-2.74));
#11323=CARTESIAN_POINT('',(0.770000000000004,0.,-2.74));
#11324=CARTESIAN_POINT('Origin',(-18.37,3.5,-1.5));
#11325=CARTESIAN_POINT('',(4.30999999999999,0.,-1.5));
#11326=CARTESIAN_POINT('',(5.85,0.,-1.5));
#11327=CARTESIAN_POINT('',(-18.37,0.,-1.5));
#11328=CARTESIAN_POINT('',(5.85,3.5,-1.5));
#11329=CARTESIAN_POINT('',(5.85,6.66227766016838,-1.5));
#11330=CARTESIAN_POINT('',(4.31,3.5,-1.5));
#11331=CARTESIAN_POINT('',(-18.37,3.5,-1.5));
#11332=CARTESIAN_POINT('',(4.31,6.66227766016838,-1.5));
#11333=CARTESIAN_POINT('Origin',(-18.37,3.5,1.5));
#11334=CARTESIAN_POINT('',(5.85,3.5,1.5));
#11335=CARTESIAN_POINT('',(4.31,3.5,1.5));
#11336=CARTESIAN_POINT('',(-18.37,3.5,1.5));
#11337=CARTESIAN_POINT('',(5.85,0.,1.5));
#11338=CARTESIAN_POINT('',(5.85,6.66227766016838,1.5));
#11339=CARTESIAN_POINT('',(4.30999999999999,0.,1.5));
#11340=CARTESIAN_POINT('',(-18.37,0.,1.5));
#11341=CARTESIAN_POINT('',(4.31,6.66227766016838,1.5));
#11342=CARTESIAN_POINT('Origin',(-5.08,3.5,0.));
#11343=CARTESIAN_POINT('',(5.85,3.5,1.5));
#11344=CARTESIAN_POINT('',(4.31,3.5,1.5));
#11345=CARTESIAN_POINT('Origin',(-18.37,3.5,-1.5));
#11346=CARTESIAN_POINT('',(1.76999999999999,0.,-1.5));
#11347=CARTESIAN_POINT('',(3.31,0.,-1.5));
#11348=CARTESIAN_POINT('',(-18.37,0.,-1.5));
#11349=CARTESIAN_POINT('',(3.31,3.5,-1.5));
#11350=CARTESIAN_POINT('',(3.31,6.66227766016838,-1.5));
#11351=CARTESIAN_POINT('',(1.77,3.5,-1.5));
#11352=CARTESIAN_POINT('',(-18.37,3.5,-1.5));
#11353=CARTESIAN_POINT('',(1.77,6.66227766016838,-1.5));
#11354=CARTESIAN_POINT('Origin',(-18.37,3.5,1.5));
#11355=CARTESIAN_POINT('',(3.31,3.5,1.5));
#11356=CARTESIAN_POINT('',(1.77,3.5,1.5));
#11357=CARTESIAN_POINT('',(-18.37,3.5,1.5));
#11358=CARTESIAN_POINT('',(3.31,0.,1.5));
#11359=CARTESIAN_POINT('',(3.31,6.66227766016838,1.5));
#11360=CARTESIAN_POINT('',(1.76999999999999,0.,1.5));
#11361=CARTESIAN_POINT('',(-18.37,0.,1.5));
#11362=CARTESIAN_POINT('',(1.77,6.66227766016838,1.5));
#11363=CARTESIAN_POINT('Origin',(-5.08,3.5,0.));
#11364=CARTESIAN_POINT('',(3.31,3.5,1.5));
#11365=CARTESIAN_POINT('',(1.77,3.5,1.5));
#11366=CARTESIAN_POINT('Origin',(-18.37,3.5,-1.5));
#11367=CARTESIAN_POINT('',(-0.770000000000007,0.,-1.5));
#11368=CARTESIAN_POINT('',(0.770000000000001,0.,-1.5));
#11369=CARTESIAN_POINT('',(-18.37,0.,-1.5));
#11370=CARTESIAN_POINT('',(0.769999999999996,3.5,-1.5));
#11371=CARTESIAN_POINT('',(0.770000000000004,6.66227766016838,-1.5));
#11372=CARTESIAN_POINT('',(-0.770000000000003,3.5,-1.5));
#11373=CARTESIAN_POINT('',(-18.37,3.5,-1.5));
#11374=CARTESIAN_POINT('',(-0.769999999999996,6.66227766016838,-1.5));
#11375=CARTESIAN_POINT('Origin',(-18.37,3.5,1.5));
#11376=CARTESIAN_POINT('',(0.769999999999996,3.5,1.5));
#11377=CARTESIAN_POINT('',(-0.769999999999996,3.5,1.5));
#11378=CARTESIAN_POINT('',(-18.37,3.5,1.5));
#11379=CARTESIAN_POINT('',(0.770000000000001,0.,1.5));
#11380=CARTESIAN_POINT('',(0.770000000000004,6.66227766016838,1.5));
#11381=CARTESIAN_POINT('',(-0.770000000000007,0.,1.5));
#11382=CARTESIAN_POINT('',(-18.37,0.,1.5));
#11383=CARTESIAN_POINT('',(-0.769999999999996,6.66227766016838,1.5));
#11384=CARTESIAN_POINT('Origin',(-5.08,3.5,0.));
#11385=CARTESIAN_POINT('',(0.770000000000004,3.5,1.5));
#11386=CARTESIAN_POINT('',(-0.769999999999996,3.5,1.5));
#11387=CARTESIAN_POINT('Origin',(-18.37,3.5,-1.5));
#11388=CARTESIAN_POINT('',(-3.31,0.,-1.5));
#11389=CARTESIAN_POINT('',(-1.77,0.,-1.5));
#11390=CARTESIAN_POINT('',(-18.37,0.,-1.5));
#11391=CARTESIAN_POINT('',(-1.77,3.5,-1.5));
#11392=CARTESIAN_POINT('',(-1.77,6.66227766016838,-1.5));
#11393=CARTESIAN_POINT('',(-3.31,3.5,-1.5));
#11394=CARTESIAN_POINT('',(-18.37,3.5,-1.5));
#11395=CARTESIAN_POINT('',(-3.31,6.66227766016838,-1.5));
#11396=CARTESIAN_POINT('Origin',(-18.37,3.5,1.5));
#11397=CARTESIAN_POINT('',(-1.77,3.5,1.5));
#11398=CARTESIAN_POINT('',(-3.31,3.5,1.5));
#11399=CARTESIAN_POINT('',(-18.37,3.5,1.5));
#11400=CARTESIAN_POINT('',(-1.77,0.,1.5));
#11401=CARTESIAN_POINT('',(-1.77,6.66227766016838,1.5));
#11402=CARTESIAN_POINT('',(-3.31,0.,1.5));
#11403=CARTESIAN_POINT('',(-18.37,0.,1.5));
#11404=CARTESIAN_POINT('',(-3.31,6.66227766016838,1.5));
#11405=CARTESIAN_POINT('Origin',(-5.08,3.5,0.));
#11406=CARTESIAN_POINT('',(-1.77,3.5,1.5));
#11407=CARTESIAN_POINT('',(-3.31,3.5,1.5));
#11408=CARTESIAN_POINT('Origin',(-18.37,3.5,-1.5));
#11409=CARTESIAN_POINT('',(-5.85,0.,-1.5));
#11410=CARTESIAN_POINT('',(-4.31,0.,-1.5));
#11411=CARTESIAN_POINT('',(-18.37,0.,-1.5));
#11412=CARTESIAN_POINT('',(-4.31,3.5,-1.5));
#11413=CARTESIAN_POINT('',(-4.31,6.66227766016838,-1.5));
#11414=CARTESIAN_POINT('',(-5.85,3.5,-1.5));
#11415=CARTESIAN_POINT('',(-18.37,3.5,-1.5));
#11416=CARTESIAN_POINT('',(-5.85,6.66227766016838,-1.5));
#11417=CARTESIAN_POINT('Origin',(-18.37,3.5,1.5));
#11418=CARTESIAN_POINT('',(-4.31,3.5,1.5));
#11419=CARTESIAN_POINT('',(-5.85,3.5,1.5));
#11420=CARTESIAN_POINT('',(-18.37,3.5,1.5));
#11421=CARTESIAN_POINT('',(-4.31,0.,1.5));
#11422=CARTESIAN_POINT('',(-4.31,6.66227766016838,1.5));
#11423=CARTESIAN_POINT('',(-5.85,0.,1.5));
#11424=CARTESIAN_POINT('',(-18.37,0.,1.5));
#11425=CARTESIAN_POINT('',(-5.85,6.66227766016838,1.5));
#11426=CARTESIAN_POINT('Origin',(-5.08,3.5,0.));
#11427=CARTESIAN_POINT('',(-4.31,3.5,1.5));
#11428=CARTESIAN_POINT('',(-5.85,3.5,1.5));
#11429=CARTESIAN_POINT('Origin',(-18.37,3.5,-1.5));
#11430=CARTESIAN_POINT('',(-8.39,0.,-1.5));
#11431=CARTESIAN_POINT('',(-6.85,0.,-1.5));
#11432=CARTESIAN_POINT('',(-18.37,0.,-1.5));
#11433=CARTESIAN_POINT('',(-6.85,3.5,-1.5));
#11434=CARTESIAN_POINT('',(-6.85,6.66227766016838,-1.5));
#11435=CARTESIAN_POINT('',(-8.39,3.5,-1.5));
#11436=CARTESIAN_POINT('',(-18.37,3.5,-1.5));
#11437=CARTESIAN_POINT('',(-8.39,6.66227766016838,-1.5));
#11438=CARTESIAN_POINT('Origin',(-18.37,3.5,1.5));
#11439=CARTESIAN_POINT('',(-6.85,3.5,1.5));
#11440=CARTESIAN_POINT('',(-8.39,3.5,1.5));
#11441=CARTESIAN_POINT('',(-18.37,3.5,1.5));
#11442=CARTESIAN_POINT('',(-6.85,0.,1.5));
#11443=CARTESIAN_POINT('',(-6.85,6.66227766016838,1.5));
#11444=CARTESIAN_POINT('',(-8.39,0.,1.5));
#11445=CARTESIAN_POINT('',(-18.37,0.,1.5));
#11446=CARTESIAN_POINT('',(-8.39,6.66227766016838,1.5));
#11447=CARTESIAN_POINT('Origin',(-5.08,3.5,0.));
#11448=CARTESIAN_POINT('',(-6.85,3.5,1.5));
#11449=CARTESIAN_POINT('',(-8.39,3.5,1.5));
#11450=CARTESIAN_POINT('Origin',(-19.206,6.7,0.95));
#11451=CARTESIAN_POINT('',(-8.0901,6.7,0.949999999999999));
#11452=CARTESIAN_POINT('',(-7.1501,6.7,0.949999999999999));
#11453=CARTESIAN_POINT('',(-19.206,6.7,0.95));
#11454=CARTESIAN_POINT('',(-8.0901,13.,0.95));
#11455=CARTESIAN_POINT('',(-8.0901,6.7,0.95));
#11456=CARTESIAN_POINT('',(-7.1501,13.,0.950000000000001));
#11457=CARTESIAN_POINT('',(-19.206,13.,0.95));
#11458=CARTESIAN_POINT('',(-7.1501,6.7,0.95));
#11459=CARTESIAN_POINT('Origin',(-19.206,6.7,0.95));
#11460=CARTESIAN_POINT('',(-5.5501,6.7,0.949999999999999));
#11461=CARTESIAN_POINT('',(-4.6101,6.7,0.949999999999999));
#11462=CARTESIAN_POINT('',(-19.206,6.7,0.95));
#11463=CARTESIAN_POINT('',(-5.5501,13.,0.95));
#11464=CARTESIAN_POINT('',(-5.5501,6.7,0.95));
#11465=CARTESIAN_POINT('',(-4.6101,13.,0.95));
#11466=CARTESIAN_POINT('',(-19.206,13.,0.95));
#11467=CARTESIAN_POINT('',(-4.6101,6.7,0.95));
#11468=CARTESIAN_POINT('Origin',(-19.206,6.7,0.95));
#11469=CARTESIAN_POINT('',(-3.0101,6.7,0.949999999999999));
#11470=CARTESIAN_POINT('',(-2.0701,6.7,0.949999999999999));
#11471=CARTESIAN_POINT('',(-19.206,6.7,0.95));
#11472=CARTESIAN_POINT('',(-3.0101,13.,0.95));
#11473=CARTESIAN_POINT('',(-3.0101,6.7,0.95));
#11474=CARTESIAN_POINT('',(-2.0701,13.,0.95));
#11475=CARTESIAN_POINT('',(-19.206,13.,0.95));
#11476=CARTESIAN_POINT('',(-2.0701,6.7,0.95));
#11477=CARTESIAN_POINT('Origin',(-19.206,6.7,0.95));
#11478=CARTESIAN_POINT('',(-0.470099999999999,6.7,0.949999999999999));
#11479=CARTESIAN_POINT('',(0.469900000000002,6.7,0.949999999999999));
#11480=CARTESIAN_POINT('',(-19.206,6.7,0.95));
#11481=CARTESIAN_POINT('',(-0.470100000000001,13.,0.95));
#11482=CARTESIAN_POINT('',(-0.470100000000001,6.7,0.95));
#11483=CARTESIAN_POINT('',(0.469900000000002,13.,0.95));
#11484=CARTESIAN_POINT('',(-19.206,13.,0.95));
#11485=CARTESIAN_POINT('',(0.469900000000002,6.7,0.95));
#11486=CARTESIAN_POINT('Origin',(-19.206,6.7,0.95));
#11487=CARTESIAN_POINT('',(2.0699,6.7,0.949999999999999));
#11488=CARTESIAN_POINT('',(3.0099,6.7,0.949999999999999));
#11489=CARTESIAN_POINT('',(-19.206,6.7,0.95));
#11490=CARTESIAN_POINT('',(2.0699,13.,0.95));
#11491=CARTESIAN_POINT('',(2.0699,6.7,0.95));
#11492=CARTESIAN_POINT('',(3.0099,13.,0.95));
#11493=CARTESIAN_POINT('',(-19.206,13.,0.95));
#11494=CARTESIAN_POINT('',(3.0099,6.7,0.95));
#11495=CARTESIAN_POINT('Origin',(-19.206,6.7,0.95));
#11496=CARTESIAN_POINT('',(4.6099,6.7,0.949999999999999));
#11497=CARTESIAN_POINT('',(5.5499,6.7,0.95));
#11498=CARTESIAN_POINT('',(-19.206,6.7,0.95));
#11499=CARTESIAN_POINT('',(4.6099,13.,0.95));
#11500=CARTESIAN_POINT('',(4.6099,6.7,0.95));
#11501=CARTESIAN_POINT('',(5.5499,13.,0.950000000000001));
#11502=CARTESIAN_POINT('',(-19.206,13.,0.95));
#11503=CARTESIAN_POINT('',(5.5499,6.7,0.95));
#11504=CARTESIAN_POINT('Origin',(-19.206,6.7,0.95));
#11505=CARTESIAN_POINT('',(7.1499,6.7,0.95));
#11506=CARTESIAN_POINT('',(9.04600000000001,6.7,0.95));
#11507=CARTESIAN_POINT('',(-19.206,6.7,0.95));
#11508=CARTESIAN_POINT('',(7.1499,13.,0.95));
#11509=CARTESIAN_POINT('',(7.1499,6.7,0.95));
#11510=CARTESIAN_POINT('',(9.04600000000001,13.,0.95));
#11511=CARTESIAN_POINT('',(-19.206,13.,0.95));
#11512=CARTESIAN_POINT('',(9.04600000000001,6.7,0.95));
#11513=CARTESIAN_POINT('Origin',(-19.206,6.7,-0.95));
#11514=CARTESIAN_POINT('',(-7.1501,13.,-0.95));
#11515=CARTESIAN_POINT('',(-8.0901,13.,-0.95));
#11516=CARTESIAN_POINT('',(-19.206,13.,-0.95));
#11517=CARTESIAN_POINT('',(-8.0901,6.7,-0.950000000000001));
#11518=CARTESIAN_POINT('',(-8.0901,6.7,-0.95));
#11519=CARTESIAN_POINT('',(-7.1501,6.7,-0.950000000000001));
#11520=CARTESIAN_POINT('',(-19.206,6.7,-0.95));
#11521=CARTESIAN_POINT('',(-7.1501,6.7,-0.95));
#11522=CARTESIAN_POINT('Origin',(-19.206,6.7,-0.95));
#11523=CARTESIAN_POINT('',(-4.6101,13.,-0.95));
#11524=CARTESIAN_POINT('',(-5.5501,13.,-0.95));
#11525=CARTESIAN_POINT('',(-19.206,13.,-0.95));
#11526=CARTESIAN_POINT('',(-5.5501,6.7,-0.950000000000001));
#11527=CARTESIAN_POINT('',(-5.5501,6.7,-0.95));
#11528=CARTESIAN_POINT('',(-4.6101,6.7,-0.950000000000001));
#11529=CARTESIAN_POINT('',(-19.206,6.7,-0.95));
#11530=CARTESIAN_POINT('',(-4.6101,6.7,-0.95));
#11531=CARTESIAN_POINT('Origin',(-19.206,6.7,-0.95));
#11532=CARTESIAN_POINT('',(-2.0701,13.,-0.950000000000001));
#11533=CARTESIAN_POINT('',(-3.0101,13.,-0.95));
#11534=CARTESIAN_POINT('',(-19.206,13.,-0.95));
#11535=CARTESIAN_POINT('',(-3.0101,6.7,-0.950000000000001));
#11536=CARTESIAN_POINT('',(-3.0101,6.7,-0.95));
#11537=CARTESIAN_POINT('',(-2.0701,6.7,-0.950000000000002));
#11538=CARTESIAN_POINT('',(-19.206,6.7,-0.95));
#11539=CARTESIAN_POINT('',(-2.0701,6.7,-0.95));
#11540=CARTESIAN_POINT('Origin',(-19.206,6.7,-0.95));
#11541=CARTESIAN_POINT('',(0.469900000000002,13.,-0.950000000000001));
#11542=CARTESIAN_POINT('',(-0.470100000000001,13.,-0.95));
#11543=CARTESIAN_POINT('',(-19.206,13.,-0.95));
#11544=CARTESIAN_POINT('',(-0.470099999999999,6.7,-0.950000000000001));
#11545=CARTESIAN_POINT('',(-0.470100000000001,6.7,-0.95));
#11546=CARTESIAN_POINT('',(0.469900000000002,6.7,-0.950000000000002));
#11547=CARTESIAN_POINT('',(-19.206,6.7,-0.95));
#11548=CARTESIAN_POINT('',(0.469900000000002,6.7,-0.95));
#11549=CARTESIAN_POINT('Origin',(-19.206,6.7,-0.95));
#11550=CARTESIAN_POINT('',(3.0099,13.,-0.950000000000001));
#11551=CARTESIAN_POINT('',(2.0699,13.,-0.95));
#11552=CARTESIAN_POINT('',(-19.206,13.,-0.95));
#11553=CARTESIAN_POINT('',(2.0699,6.7,-0.950000000000001));
#11554=CARTESIAN_POINT('',(2.0699,6.7,-0.95));
#11555=CARTESIAN_POINT('',(3.0099,6.7,-0.950000000000002));
#11556=CARTESIAN_POINT('',(-19.206,6.7,-0.95));
#11557=CARTESIAN_POINT('',(3.0099,6.7,-0.95));
#11558=CARTESIAN_POINT('Origin',(-19.206,6.7,-0.95));
#11559=CARTESIAN_POINT('',(5.5499,13.,-0.95));
#11560=CARTESIAN_POINT('',(4.6099,13.,-0.95));
#11561=CARTESIAN_POINT('',(-19.206,13.,-0.95));
#11562=CARTESIAN_POINT('',(4.6099,6.7,-0.950000000000001));
#11563=CARTESIAN_POINT('',(4.6099,6.7,-0.95));
#11564=CARTESIAN_POINT('',(5.5499,6.7,-0.950000000000001));
#11565=CARTESIAN_POINT('',(-19.206,6.7,-0.95));
#11566=CARTESIAN_POINT('',(5.5499,6.7,-0.95));
#11567=CARTESIAN_POINT('Origin',(-19.206,6.7,-0.95));
#11568=CARTESIAN_POINT('',(9.04600000000001,13.,-0.95));
#11569=CARTESIAN_POINT('',(7.1499,13.,-0.95));
#11570=CARTESIAN_POINT('',(-19.206,13.,-0.95));
#11571=CARTESIAN_POINT('',(7.1499,6.7,-0.950000000000001));
#11572=CARTESIAN_POINT('',(7.1499,6.7,-0.95));
#11573=CARTESIAN_POINT('',(9.04600000000001,6.7,-0.95));
#11574=CARTESIAN_POINT('',(-19.206,6.7,-0.95));
#11575=CARTESIAN_POINT('',(9.04600000000001,6.7,-0.95));
#11576=CARTESIAN_POINT('Origin',(-19.206,13.,0.95));
#11577=CARTESIAN_POINT('',(-8.0901,14.,1.95));
#11578=CARTESIAN_POINT('',(-8.0901,13.,0.95));
#11579=CARTESIAN_POINT('',(-7.1501,14.,1.95));
#11580=CARTESIAN_POINT('',(10.026,14.,1.95));
#11581=CARTESIAN_POINT('',(-7.1501,13.,0.949999999999999));
#11582=CARTESIAN_POINT('Origin',(-19.206,13.,0.95));
#11583=CARTESIAN_POINT('',(-5.5501,14.,1.95));
#11584=CARTESIAN_POINT('',(-5.5501,13.,0.95));
#11585=CARTESIAN_POINT('',(-4.6101,14.,1.95));
#11586=CARTESIAN_POINT('',(10.026,14.,1.95));
#11587=CARTESIAN_POINT('',(-4.6101,13.,0.949999999999999));
#11588=CARTESIAN_POINT('Origin',(-19.206,13.,0.95));
#11589=CARTESIAN_POINT('',(-3.0101,14.,1.95));
#11590=CARTESIAN_POINT('',(-3.0101,13.,0.95));
#11591=CARTESIAN_POINT('',(-2.0701,14.,1.95));
#11592=CARTESIAN_POINT('',(10.026,14.,1.95));
#11593=CARTESIAN_POINT('',(-2.0701,13.,0.949999999999998));
#11594=CARTESIAN_POINT('Origin',(-19.206,13.,0.95));
#11595=CARTESIAN_POINT('',(-0.470099999999999,14.,1.95));
#11596=CARTESIAN_POINT('',(-0.470100000000001,13.,0.95));
#11597=CARTESIAN_POINT('',(0.469900000000001,14.,1.95));
#11598=CARTESIAN_POINT('',(10.026,14.,1.95));
#11599=CARTESIAN_POINT('',(0.469900000000002,13.,0.949999999999998));
#11600=CARTESIAN_POINT('Origin',(-19.206,13.,0.95));
#11601=CARTESIAN_POINT('',(2.0699,14.,1.95));
#11602=CARTESIAN_POINT('',(2.0699,13.,0.95));
#11603=CARTESIAN_POINT('',(3.0099,14.,1.95));
#11604=CARTESIAN_POINT('',(10.026,14.,1.95));
#11605=CARTESIAN_POINT('',(3.0099,13.,0.949999999999998));
#11606=CARTESIAN_POINT('Origin',(-19.206,13.,0.95));
#11607=CARTESIAN_POINT('',(4.6099,14.,1.95));
#11608=CARTESIAN_POINT('',(4.6099,13.,0.95));
#11609=CARTESIAN_POINT('',(5.5499,14.,1.95));
#11610=CARTESIAN_POINT('',(10.026,14.,1.95));
#11611=CARTESIAN_POINT('',(5.5499,13.,0.949999999999997));
#11612=CARTESIAN_POINT('Origin',(-19.206,13.,0.95));
#11613=CARTESIAN_POINT('',(7.1499,14.,1.95));
#11614=CARTESIAN_POINT('',(7.1499,13.,0.95));
#11615=CARTESIAN_POINT('',(10.046,14.,1.95));
#11616=CARTESIAN_POINT('',(10.026,14.,1.95));
#11617=CARTESIAN_POINT('',(8.41266666666668,12.3666666666667,0.316666666666667));
#11618=CARTESIAN_POINT('Origin',(-19.206,13.,-0.95));
#11619=CARTESIAN_POINT('',(-8.0901,14.,-1.95));
#11620=CARTESIAN_POINT('',(-8.0901,13.,-0.95));
#11621=CARTESIAN_POINT('',(-7.1501,14.,-1.95));
#11622=CARTESIAN_POINT('',(-7.1501,13.,-0.950000000000001));
#11623=CARTESIAN_POINT('',(10.026,14.,-1.95));
#11624=CARTESIAN_POINT('Origin',(-19.206,13.,-0.95));
#11625=CARTESIAN_POINT('',(-5.5501,14.,-1.95));
#11626=CARTESIAN_POINT('',(-5.5501,13.,-0.95));
#11627=CARTESIAN_POINT('',(-4.6101,14.,-1.95));
#11628=CARTESIAN_POINT('',(-4.6101,13.,-0.950000000000002));
#11629=CARTESIAN_POINT('',(10.026,14.,-1.95));
#11630=CARTESIAN_POINT('Origin',(-19.206,13.,-0.95));
#11631=CARTESIAN_POINT('',(-3.0101,14.,-1.95));
#11632=CARTESIAN_POINT('',(-3.0101,13.,-0.95));
#11633=CARTESIAN_POINT('',(-2.0701,14.,-1.95));
#11634=CARTESIAN_POINT('',(-2.0701,13.,-0.950000000000002));
#11635=CARTESIAN_POINT('',(10.026,14.,-1.95));
#11636=CARTESIAN_POINT('Origin',(-19.206,13.,-0.95));
#11637=CARTESIAN_POINT('',(-0.470099999999999,14.,-1.95));
#11638=CARTESIAN_POINT('',(-0.470100000000001,13.,-0.95));
#11639=CARTESIAN_POINT('',(0.469900000000001,14.,-1.95));
#11640=CARTESIAN_POINT('',(0.469900000000002,13.,-0.950000000000002));
#11641=CARTESIAN_POINT('',(10.026,14.,-1.95));
#11642=CARTESIAN_POINT('Origin',(-19.206,13.,-0.95));
#11643=CARTESIAN_POINT('',(2.0699,14.,-1.95));
#11644=CARTESIAN_POINT('',(2.0699,13.,-0.95));
#11645=CARTESIAN_POINT('',(3.0099,14.,-1.95));
#11646=CARTESIAN_POINT('',(3.0099,13.,-0.950000000000003));
#11647=CARTESIAN_POINT('',(10.026,14.,-1.95));
#11648=CARTESIAN_POINT('Origin',(-19.206,13.,-0.95));
#11649=CARTESIAN_POINT('',(4.6099,14.,-1.95));
#11650=CARTESIAN_POINT('',(4.6099,13.,-0.95));
#11651=CARTESIAN_POINT('',(5.5499,14.,-1.95));
#11652=CARTESIAN_POINT('',(5.5499,13.,-0.950000000000003));
#11653=CARTESIAN_POINT('',(10.026,14.,-1.95));
#11654=CARTESIAN_POINT('Origin',(-19.206,13.,-0.95));
#11655=CARTESIAN_POINT('',(7.1499,14.,-1.95));
#11656=CARTESIAN_POINT('',(7.1499,13.,-0.95));
#11657=CARTESIAN_POINT('',(10.046,14.,-1.95));
#11658=CARTESIAN_POINT('',(9.04600000000001,13.,-0.95));
#11659=CARTESIAN_POINT('',(10.026,14.,-1.95));
#11660=CARTESIAN_POINT('Origin',(10.026,14.,-3.85));
#11661=CARTESIAN_POINT('',(10.826,0.,-3.85));
#11662=CARTESIAN_POINT('',(10.026,0.,-4.65));
#11663=CARTESIAN_POINT('Origin',(10.026,0.,-3.85));
#11664=CARTESIAN_POINT('',(10.026,14.,-4.65));
#11665=CARTESIAN_POINT('',(10.026,14.,-4.65));
#11666=CARTESIAN_POINT('',(10.826,14.,-3.85));
#11667=CARTESIAN_POINT('Origin',(10.026,14.,-3.85));
#11668=CARTESIAN_POINT('',(10.826,14.,-3.85));
#11669=CARTESIAN_POINT('Origin',(10.026,14.,3.85));
#11670=CARTESIAN_POINT('',(10.026,0.,4.65));
#11671=CARTESIAN_POINT('',(10.826,0.,3.85));
#11672=CARTESIAN_POINT('Origin',(10.026,0.,3.85));
#11673=CARTESIAN_POINT('',(10.826,14.,3.85));
#11674=CARTESIAN_POINT('',(10.826,14.,3.85));
#11675=CARTESIAN_POINT('',(10.026,14.,4.65));
#11676=CARTESIAN_POINT('Origin',(10.026,14.,3.85));
#11677=CARTESIAN_POINT('',(10.026,14.,4.65));
#11678=CARTESIAN_POINT('Origin',(10.826,14.,-3.85));
#11679=CARTESIAN_POINT('',(10.826,0.,-3.85));
#11680=CARTESIAN_POINT('',(10.826,14.,-3.85));
#11681=CARTESIAN_POINT('Origin',(9.04600000000001,6.7,-0.95));
#11682=CARTESIAN_POINT('',(9.04600000000001,13.,-0.95));
#11683=CARTESIAN_POINT('',(9.04600000000001,6.7,-0.95));
#11684=CARTESIAN_POINT('Origin',(9.04600000000001,13.,-0.95));
#11685=CARTESIAN_POINT('',(10.046,14.,-3.85));
#11686=CARTESIAN_POINT('Origin',(5.5499,6.7,-3.85000000000001));
#11687=CARTESIAN_POINT('',(7.1499,14.,-3.85));
#11688=CARTESIAN_POINT('',(5.5499,14.,-3.85000000000001));
#11689=CARTESIAN_POINT('',(5.5499,14.,-3.85000000000001));
#11690=CARTESIAN_POINT('',(5.5499,5.7,-3.85));
#11691=CARTESIAN_POINT('',(5.5499,6.7,-3.85000000000001));
#11692=CARTESIAN_POINT('',(7.1499,5.7,-3.85));
#11693=CARTESIAN_POINT('',(5.5499,5.7,-3.85));
#11694=CARTESIAN_POINT('',(7.1499,6.7,-3.85000000000001));
#11695=CARTESIAN_POINT('Origin',(5.5499,6.7,-3.85000000000001));
#11696=CARTESIAN_POINT('',(5.5499,6.7,-0.55));
#11697=CARTESIAN_POINT('',(5.5499,6.7,-3.85000000000001));
#11698=CARTESIAN_POINT('',(5.5499,4.7,-0.55));
#11699=CARTESIAN_POINT('',(5.5499,6.7,-0.55));
#11700=CARTESIAN_POINT('',(5.5499,3.74809848221798,-2.34));
#11701=CARTESIAN_POINT('',(5.5499,4.7,-0.55));
#11702=CARTESIAN_POINT('',(5.5499,3.74809848221798,-2.72306913327691));
#11703=CARTESIAN_POINT('',(5.5499,3.74809848221798,-2.34));
#11704=CARTESIAN_POINT('',(5.5499,3.74809848221798,-2.72306913327691));
#11705=CARTESIAN_POINT('',(5.5499,14.,-3.85000000000001));
#11706=CARTESIAN_POINT('Origin',(7.1499,6.7,-3.85000000000001));
#11707=CARTESIAN_POINT('',(7.1499,14.,-3.85000000000001));
#11708=CARTESIAN_POINT('',(7.1499,3.74809848221798,-2.72306913327691));
#11709=CARTESIAN_POINT('',(7.1499,3.74809848221798,-2.72306913327691));
#11710=CARTESIAN_POINT('',(7.1499,3.74809848221798,-2.34));
#11711=CARTESIAN_POINT('',(7.1499,3.74809848221798,-2.34));
#11712=CARTESIAN_POINT('',(7.1499,4.7,-0.55));
#11713=CARTESIAN_POINT('',(7.1499,4.7,-0.55));
#11714=CARTESIAN_POINT('',(7.1499,6.7,-0.55));
#11715=CARTESIAN_POINT('',(7.1499,6.7,-0.55));
#11716=CARTESIAN_POINT('',(7.1499,6.7,-3.85000000000001));
#11717=CARTESIAN_POINT('Origin',(7.1499,6.7,-3.85000000000001));
#11718=CARTESIAN_POINT('',(7.1499,6.7,0.55));
#11719=CARTESIAN_POINT('',(7.1499,6.7,3.85000000000001));
#11720=CARTESIAN_POINT('',(7.1499,4.7,0.55));
#11721=CARTESIAN_POINT('',(7.1499,6.7,0.55));
#11722=CARTESIAN_POINT('',(7.1499,3.74809848221798,2.34));
#11723=CARTESIAN_POINT('',(7.1499,4.7,0.55));
#11724=CARTESIAN_POINT('',(7.1499,3.74809848221798,2.72306913327691));
#11725=CARTESIAN_POINT('',(7.1499,3.74809848221798,2.34));
#11726=CARTESIAN_POINT('',(7.1499,5.7,3.85));
#11727=CARTESIAN_POINT('',(7.1499,3.74809848221798,2.72306913327691));
#11728=CARTESIAN_POINT('',(7.1499,14.,3.84999999999999));
#11729=CARTESIAN_POINT('',(7.1499,6.7,3.84999999999999));
#11730=CARTESIAN_POINT('',(7.1499,14.,-3.85000000000001));
#11731=CARTESIAN_POINT('Origin',(5.5499,6.7,-3.85000000000001));
#11732=CARTESIAN_POINT('',(5.5499,14.,3.84999999999999));
#11733=CARTESIAN_POINT('',(5.5499,14.,-3.85000000000001));
#11734=CARTESIAN_POINT('',(5.5499,5.7,3.85));
#11735=CARTESIAN_POINT('',(5.5499,6.7,3.84999999999999));
#11736=CARTESIAN_POINT('',(5.5499,3.74809848221798,2.72306913327691));
#11737=CARTESIAN_POINT('',(5.5499,3.74809848221798,2.72306913327691));
#11738=CARTESIAN_POINT('',(5.5499,3.74809848221798,2.34));
#11739=CARTESIAN_POINT('',(5.5499,3.74809848221798,2.34));
#11740=CARTESIAN_POINT('',(5.5499,4.7,0.55));
#11741=CARTESIAN_POINT('',(5.5499,4.7,0.55));
#11742=CARTESIAN_POINT('',(5.5499,6.7,0.55));
#11743=CARTESIAN_POINT('',(5.5499,6.7,0.55));
#11744=CARTESIAN_POINT('',(5.5499,6.7,3.85000000000001));
#11745=CARTESIAN_POINT('Origin',(5.5499,6.7,3.84999999999999));
#11746=CARTESIAN_POINT('',(5.5499,14.,3.84999999999999));
#11747=CARTESIAN_POINT('',(5.5499,5.7,3.85));
#11748=CARTESIAN_POINT('Origin',(3.0099,6.7,-3.85000000000001));
#11749=CARTESIAN_POINT('',(4.6099,14.,-3.85));
#11750=CARTESIAN_POINT('',(3.0099,14.,-3.85000000000001));
#11751=CARTESIAN_POINT('',(3.0099,14.,-3.85000000000001));
#11752=CARTESIAN_POINT('',(3.0099,5.7,-3.85));
#11753=CARTESIAN_POINT('',(3.0099,6.7,-3.85000000000001));
#11754=CARTESIAN_POINT('',(4.6099,5.7,-3.85));
#11755=CARTESIAN_POINT('',(3.0099,5.7,-3.85));
#11756=CARTESIAN_POINT('',(4.6099,6.7,-3.85000000000001));
#11757=CARTESIAN_POINT('Origin',(3.0099,6.7,-3.85000000000001));
#11758=CARTESIAN_POINT('',(3.0099,6.7,-0.55));
#11759=CARTESIAN_POINT('',(3.0099,6.7,-3.85000000000001));
#11760=CARTESIAN_POINT('',(3.0099,4.7,-0.55));
#11761=CARTESIAN_POINT('',(3.0099,6.7,-0.55));
#11762=CARTESIAN_POINT('',(3.0099,3.74809848221798,-2.34));
#11763=CARTESIAN_POINT('',(3.0099,4.7,-0.55));
#11764=CARTESIAN_POINT('',(3.0099,3.74809848221798,-2.72306913327691));
#11765=CARTESIAN_POINT('',(3.0099,3.74809848221798,-2.34));
#11766=CARTESIAN_POINT('',(3.0099,3.74809848221798,-2.72306913327691));
#11767=CARTESIAN_POINT('',(3.0099,14.,-3.85000000000001));
#11768=CARTESIAN_POINT('Origin',(4.6099,6.7,-3.85000000000001));
#11769=CARTESIAN_POINT('',(4.6099,14.,-3.85000000000001));
#11770=CARTESIAN_POINT('',(4.6099,3.74809848221798,-2.72306913327691));
#11771=CARTESIAN_POINT('',(4.6099,3.74809848221798,-2.72306913327691));
#11772=CARTESIAN_POINT('',(4.6099,3.74809848221798,-2.34));
#11773=CARTESIAN_POINT('',(4.6099,3.74809848221798,-2.34));
#11774=CARTESIAN_POINT('',(4.6099,4.7,-0.55));
#11775=CARTESIAN_POINT('',(4.6099,4.7,-0.55));
#11776=CARTESIAN_POINT('',(4.6099,6.7,-0.55));
#11777=CARTESIAN_POINT('',(4.6099,6.7,-0.55));
#11778=CARTESIAN_POINT('',(4.6099,6.7,-3.85000000000001));
#11779=CARTESIAN_POINT('Origin',(4.6099,6.7,-3.85000000000001));
#11780=CARTESIAN_POINT('',(4.6099,6.7,0.55));
#11781=CARTESIAN_POINT('',(4.6099,6.7,3.85000000000001));
#11782=CARTESIAN_POINT('',(4.6099,4.7,0.55));
#11783=CARTESIAN_POINT('',(4.6099,6.7,0.55));
#11784=CARTESIAN_POINT('',(4.6099,3.74809848221798,2.34));
#11785=CARTESIAN_POINT('',(4.6099,4.7,0.55));
#11786=CARTESIAN_POINT('',(4.6099,3.74809848221798,2.72306913327691));
#11787=CARTESIAN_POINT('',(4.6099,3.74809848221798,2.34));
#11788=CARTESIAN_POINT('',(4.6099,5.7,3.85));
#11789=CARTESIAN_POINT('',(4.6099,3.74809848221798,2.72306913327691));
#11790=CARTESIAN_POINT('',(4.6099,14.,3.84999999999999));
#11791=CARTESIAN_POINT('',(4.6099,6.7,3.84999999999999));
#11792=CARTESIAN_POINT('',(4.6099,14.,-3.85000000000001));
#11793=CARTESIAN_POINT('Origin',(3.0099,6.7,-3.85000000000001));
#11794=CARTESIAN_POINT('',(3.0099,14.,3.84999999999999));
#11795=CARTESIAN_POINT('',(3.0099,14.,-3.85000000000001));
#11796=CARTESIAN_POINT('',(3.0099,5.7,3.85));
#11797=CARTESIAN_POINT('',(3.0099,6.7,3.84999999999999));
#11798=CARTESIAN_POINT('',(3.0099,3.74809848221798,2.72306913327691));
#11799=CARTESIAN_POINT('',(3.0099,3.74809848221798,2.72306913327691));
#11800=CARTESIAN_POINT('',(3.0099,3.74809848221798,2.34));
#11801=CARTESIAN_POINT('',(3.0099,3.74809848221798,2.34));
#11802=CARTESIAN_POINT('',(3.0099,4.7,0.55));
#11803=CARTESIAN_POINT('',(3.0099,4.7,0.55));
#11804=CARTESIAN_POINT('',(3.0099,6.7,0.55));
#11805=CARTESIAN_POINT('',(3.0099,6.7,0.55));
#11806=CARTESIAN_POINT('',(3.0099,6.7,3.85000000000001));
#11807=CARTESIAN_POINT('Origin',(3.0099,6.7,3.84999999999999));
#11808=CARTESIAN_POINT('',(3.0099,14.,3.84999999999999));
#11809=CARTESIAN_POINT('',(3.0099,5.7,3.85));
#11810=CARTESIAN_POINT('Origin',(0.469900000000001,6.7,-3.85000000000001));
#11811=CARTESIAN_POINT('',(2.0699,14.,-3.85));
#11812=CARTESIAN_POINT('',(0.469900000000001,14.,-3.85000000000001));
#11813=CARTESIAN_POINT('',(0.469900000000001,14.,-3.85000000000001));
#11814=CARTESIAN_POINT('',(0.469900000000002,5.7,-3.85));
#11815=CARTESIAN_POINT('',(0.469900000000001,6.7,-3.85000000000001));
#11816=CARTESIAN_POINT('',(2.0699,5.7,-3.85));
#11817=CARTESIAN_POINT('',(0.469900000000002,5.7,-3.85));
#11818=CARTESIAN_POINT('',(2.0699,6.7,-3.85000000000001));
#11819=CARTESIAN_POINT('Origin',(0.469900000000001,6.7,-3.85000000000001));
#11820=CARTESIAN_POINT('',(0.469900000000002,6.7,-0.55));
#11821=CARTESIAN_POINT('',(0.469900000000002,6.7,-3.85000000000001));
#11822=CARTESIAN_POINT('',(0.469900000000002,4.7,-0.55));
#11823=CARTESIAN_POINT('',(0.469900000000002,6.7,-0.55));
#11824=CARTESIAN_POINT('',(0.469900000000002,3.74809848221798,-2.34));
#11825=CARTESIAN_POINT('',(0.469900000000002,4.7,-0.55));
#11826=CARTESIAN_POINT('',(0.469900000000002,3.74809848221798,-2.72306913327691));
#11827=CARTESIAN_POINT('',(0.469900000000002,3.74809848221798,-2.34));
#11828=CARTESIAN_POINT('',(0.469900000000002,3.74809848221798,-2.72306913327691));
#11829=CARTESIAN_POINT('',(0.469900000000001,14.,-3.85000000000001));
#11830=CARTESIAN_POINT('Origin',(2.0699,6.7,-3.85000000000001));
#11831=CARTESIAN_POINT('',(2.0699,14.,-3.85000000000001));
#11832=CARTESIAN_POINT('',(2.0699,3.74809848221798,-2.72306913327691));
#11833=CARTESIAN_POINT('',(2.0699,3.74809848221798,-2.72306913327691));
#11834=CARTESIAN_POINT('',(2.0699,3.74809848221798,-2.34));
#11835=CARTESIAN_POINT('',(2.0699,3.74809848221798,-2.34));
#11836=CARTESIAN_POINT('',(2.0699,4.7,-0.55));
#11837=CARTESIAN_POINT('',(2.0699,4.7,-0.55));
#11838=CARTESIAN_POINT('',(2.0699,6.7,-0.55));
#11839=CARTESIAN_POINT('',(2.0699,6.7,-0.55));
#11840=CARTESIAN_POINT('',(2.0699,6.7,-3.85000000000001));
#11841=CARTESIAN_POINT('Origin',(2.0699,6.7,-3.85000000000001));
#11842=CARTESIAN_POINT('',(2.0699,6.7,0.55));
#11843=CARTESIAN_POINT('',(2.0699,6.7,3.85000000000001));
#11844=CARTESIAN_POINT('',(2.0699,4.7,0.55));
#11845=CARTESIAN_POINT('',(2.0699,6.7,0.55));
#11846=CARTESIAN_POINT('',(2.0699,3.74809848221798,2.34));
#11847=CARTESIAN_POINT('',(2.0699,4.7,0.55));
#11848=CARTESIAN_POINT('',(2.0699,3.74809848221798,2.72306913327691));
#11849=CARTESIAN_POINT('',(2.0699,3.74809848221798,2.34));
#11850=CARTESIAN_POINT('',(2.0699,5.7,3.85));
#11851=CARTESIAN_POINT('',(2.0699,3.74809848221798,2.72306913327691));
#11852=CARTESIAN_POINT('',(2.0699,14.,3.84999999999999));
#11853=CARTESIAN_POINT('',(2.0699,6.7,3.84999999999999));
#11854=CARTESIAN_POINT('',(2.0699,14.,-3.85000000000001));
#11855=CARTESIAN_POINT('Origin',(0.469900000000001,6.7,-3.85000000000001));
#11856=CARTESIAN_POINT('',(0.469900000000002,14.,3.84999999999999));
#11857=CARTESIAN_POINT('',(0.469900000000001,14.,-3.85000000000001));
#11858=CARTESIAN_POINT('',(0.469900000000002,5.7,3.85));
#11859=CARTESIAN_POINT('',(0.469900000000002,6.7,3.84999999999999));
#11860=CARTESIAN_POINT('',(0.469900000000002,3.74809848221798,2.72306913327691));
#11861=CARTESIAN_POINT('',(0.469900000000002,3.74809848221798,2.72306913327691));
#11862=CARTESIAN_POINT('',(0.469900000000002,3.74809848221798,2.34));
#11863=CARTESIAN_POINT('',(0.469900000000002,3.74809848221798,2.34));
#11864=CARTESIAN_POINT('',(0.469900000000002,4.7,0.55));
#11865=CARTESIAN_POINT('',(0.469900000000002,4.7,0.55));
#11866=CARTESIAN_POINT('',(0.469900000000002,6.7,0.55));
#11867=CARTESIAN_POINT('',(0.469900000000002,6.7,0.55));
#11868=CARTESIAN_POINT('',(0.469900000000002,6.7,3.85000000000001));
#11869=CARTESIAN_POINT('Origin',(0.469900000000002,6.7,3.84999999999999));
#11870=CARTESIAN_POINT('',(0.469900000000002,14.,3.84999999999999));
#11871=CARTESIAN_POINT('',(0.469900000000002,5.7,3.85));
#11872=CARTESIAN_POINT('Origin',(-2.0701,6.7,-3.85000000000001));
#11873=CARTESIAN_POINT('',(-0.470099999999999,14.,-3.85));
#11874=CARTESIAN_POINT('',(-2.0701,14.,-3.85000000000001));
#11875=CARTESIAN_POINT('',(-2.0701,14.,-3.85000000000001));
#11876=CARTESIAN_POINT('',(-2.0701,5.7,-3.85));
#11877=CARTESIAN_POINT('',(-2.0701,6.7,-3.85000000000001));
#11878=CARTESIAN_POINT('',(-0.470099999999999,5.7,-3.85));
#11879=CARTESIAN_POINT('',(-2.0701,5.7,-3.85));
#11880=CARTESIAN_POINT('',(-0.470099999999999,6.7,-3.85000000000001));
#11881=CARTESIAN_POINT('Origin',(-2.0701,6.7,-3.85000000000001));
#11882=CARTESIAN_POINT('',(-2.0701,6.7,-0.55));
#11883=CARTESIAN_POINT('',(-2.0701,6.7,-3.85000000000001));
#11884=CARTESIAN_POINT('',(-2.0701,4.7,-0.55));
#11885=CARTESIAN_POINT('',(-2.0701,6.7,-0.55));
#11886=CARTESIAN_POINT('',(-2.0701,3.74809848221798,-2.34));
#11887=CARTESIAN_POINT('',(-2.0701,4.7,-0.55));
#11888=CARTESIAN_POINT('',(-2.0701,3.74809848221798,-2.72306913327691));
#11889=CARTESIAN_POINT('',(-2.0701,3.74809848221798,-2.34));
#11890=CARTESIAN_POINT('',(-2.0701,3.74809848221798,-2.72306913327691));
#11891=CARTESIAN_POINT('',(-2.0701,14.,-3.85000000000001));
#11892=CARTESIAN_POINT('Origin',(-0.470099999999999,6.7,-3.85000000000001));
#11893=CARTESIAN_POINT('',(-0.470099999999999,14.,-3.85000000000001));
#11894=CARTESIAN_POINT('',(-0.470099999999999,3.74809848221798,-2.72306913327691));
#11895=CARTESIAN_POINT('',(-0.470099999999999,3.74809848221798,-2.72306913327691));
#11896=CARTESIAN_POINT('',(-0.470099999999999,3.74809848221798,-2.34));
#11897=CARTESIAN_POINT('',(-0.470099999999999,3.74809848221798,-2.34));
#11898=CARTESIAN_POINT('',(-0.470099999999999,4.7,-0.55));
#11899=CARTESIAN_POINT('',(-0.470099999999999,4.7,-0.55));
#11900=CARTESIAN_POINT('',(-0.470099999999999,6.7,-0.55));
#11901=CARTESIAN_POINT('',(-0.470099999999999,6.7,-0.55));
#11902=CARTESIAN_POINT('',(-0.470099999999999,6.7,-3.85000000000001));
#11903=CARTESIAN_POINT('Origin',(-0.470099999999999,6.7,-3.85000000000001));
#11904=CARTESIAN_POINT('',(-0.470099999999999,6.7,0.55));
#11905=CARTESIAN_POINT('',(-0.470099999999999,6.7,3.85000000000001));
#11906=CARTESIAN_POINT('',(-0.470099999999999,4.7,0.55));
#11907=CARTESIAN_POINT('',(-0.470099999999999,6.7,0.55));
#11908=CARTESIAN_POINT('',(-0.470099999999999,3.74809848221798,2.34));
#11909=CARTESIAN_POINT('',(-0.470099999999999,4.7,0.55));
#11910=CARTESIAN_POINT('',(-0.470099999999999,3.74809848221798,2.72306913327691));
#11911=CARTESIAN_POINT('',(-0.470099999999999,3.74809848221798,2.34));
#11912=CARTESIAN_POINT('',(-0.470099999999999,5.7,3.85));
#11913=CARTESIAN_POINT('',(-0.470099999999999,3.74809848221798,2.72306913327691));
#11914=CARTESIAN_POINT('',(-0.470099999999999,14.,3.84999999999999));
#11915=CARTESIAN_POINT('',(-0.470099999999999,6.7,3.84999999999999));
#11916=CARTESIAN_POINT('',(-0.470099999999999,14.,-3.85000000000001));
#11917=CARTESIAN_POINT('Origin',(-2.0701,6.7,-3.85000000000001));
#11918=CARTESIAN_POINT('',(-2.0701,14.,3.84999999999999));
#11919=CARTESIAN_POINT('',(-2.0701,14.,-3.85000000000001));
#11920=CARTESIAN_POINT('',(-2.0701,5.7,3.85));
#11921=CARTESIAN_POINT('',(-2.0701,6.7,3.84999999999999));
#11922=CARTESIAN_POINT('',(-2.0701,3.74809848221798,2.72306913327691));
#11923=CARTESIAN_POINT('',(-2.0701,3.74809848221798,2.72306913327691));
#11924=CARTESIAN_POINT('',(-2.0701,3.74809848221798,2.34));
#11925=CARTESIAN_POINT('',(-2.0701,3.74809848221798,2.34));
#11926=CARTESIAN_POINT('',(-2.0701,4.7,0.55));
#11927=CARTESIAN_POINT('',(-2.0701,4.7,0.55));
#11928=CARTESIAN_POINT('',(-2.0701,6.7,0.55));
#11929=CARTESIAN_POINT('',(-2.0701,6.7,0.55));
#11930=CARTESIAN_POINT('',(-2.0701,6.7,3.85000000000001));
#11931=CARTESIAN_POINT('Origin',(-2.0701,6.7,3.84999999999999));
#11932=CARTESIAN_POINT('',(-2.0701,14.,3.84999999999999));
#11933=CARTESIAN_POINT('',(-2.0701,5.7,3.85));
#11934=CARTESIAN_POINT('Origin',(-4.6101,6.7,-3.85000000000001));
#11935=CARTESIAN_POINT('',(-3.0101,14.,-3.85));
#11936=CARTESIAN_POINT('',(-4.6101,14.,-3.85000000000001));
#11937=CARTESIAN_POINT('',(-4.6101,14.,-3.85000000000001));
#11938=CARTESIAN_POINT('',(-4.6101,5.7,-3.85));
#11939=CARTESIAN_POINT('',(-4.6101,6.7,-3.85000000000001));
#11940=CARTESIAN_POINT('',(-3.0101,5.7,-3.85));
#11941=CARTESIAN_POINT('',(-4.6101,5.7,-3.85));
#11942=CARTESIAN_POINT('',(-3.0101,6.7,-3.85000000000001));
#11943=CARTESIAN_POINT('Origin',(-4.6101,6.7,-3.85000000000001));
#11944=CARTESIAN_POINT('',(-4.6101,6.7,-0.55));
#11945=CARTESIAN_POINT('',(-4.6101,6.7,-3.85000000000001));
#11946=CARTESIAN_POINT('',(-4.6101,4.7,-0.55));
#11947=CARTESIAN_POINT('',(-4.6101,6.7,-0.55));
#11948=CARTESIAN_POINT('',(-4.6101,3.74809848221798,-2.34));
#11949=CARTESIAN_POINT('',(-4.6101,4.7,-0.55));
#11950=CARTESIAN_POINT('',(-4.6101,3.74809848221798,-2.72306913327691));
#11951=CARTESIAN_POINT('',(-4.6101,3.74809848221798,-2.34));
#11952=CARTESIAN_POINT('',(-4.6101,3.74809848221798,-2.72306913327691));
#11953=CARTESIAN_POINT('',(-4.6101,14.,-3.85000000000001));
#11954=CARTESIAN_POINT('Origin',(-3.0101,6.7,-3.85000000000001));
#11955=CARTESIAN_POINT('',(-3.0101,14.,-3.85000000000001));
#11956=CARTESIAN_POINT('',(-3.0101,3.74809848221798,-2.72306913327691));
#11957=CARTESIAN_POINT('',(-3.0101,3.74809848221798,-2.72306913327691));
#11958=CARTESIAN_POINT('',(-3.0101,3.74809848221798,-2.34));
#11959=CARTESIAN_POINT('',(-3.0101,3.74809848221798,-2.34));
#11960=CARTESIAN_POINT('',(-3.0101,4.7,-0.55));
#11961=CARTESIAN_POINT('',(-3.0101,4.7,-0.55));
#11962=CARTESIAN_POINT('',(-3.0101,6.7,-0.55));
#11963=CARTESIAN_POINT('',(-3.0101,6.7,-0.55));
#11964=CARTESIAN_POINT('',(-3.0101,6.7,-3.85000000000001));
#11965=CARTESIAN_POINT('Origin',(-3.0101,6.7,-3.85000000000001));
#11966=CARTESIAN_POINT('',(-3.0101,6.7,0.55));
#11967=CARTESIAN_POINT('',(-3.0101,6.7,3.85000000000001));
#11968=CARTESIAN_POINT('',(-3.0101,4.7,0.55));
#11969=CARTESIAN_POINT('',(-3.0101,6.7,0.55));
#11970=CARTESIAN_POINT('',(-3.0101,3.74809848221798,2.34));
#11971=CARTESIAN_POINT('',(-3.0101,4.7,0.55));
#11972=CARTESIAN_POINT('',(-3.0101,3.74809848221798,2.72306913327691));
#11973=CARTESIAN_POINT('',(-3.0101,3.74809848221798,2.34));
#11974=CARTESIAN_POINT('',(-3.0101,5.7,3.85));
#11975=CARTESIAN_POINT('',(-3.0101,3.74809848221798,2.72306913327691));
#11976=CARTESIAN_POINT('',(-3.0101,14.,3.84999999999999));
#11977=CARTESIAN_POINT('',(-3.0101,6.7,3.84999999999999));
#11978=CARTESIAN_POINT('',(-3.0101,14.,-3.85000000000001));
#11979=CARTESIAN_POINT('Origin',(-4.6101,6.7,-3.85000000000001));
#11980=CARTESIAN_POINT('',(-4.6101,14.,3.84999999999999));
#11981=CARTESIAN_POINT('',(-4.6101,14.,-3.85000000000001));
#11982=CARTESIAN_POINT('',(-4.6101,5.7,3.85));
#11983=CARTESIAN_POINT('',(-4.6101,6.7,3.84999999999999));
#11984=CARTESIAN_POINT('',(-4.6101,3.74809848221798,2.72306913327691));
#11985=CARTESIAN_POINT('',(-4.6101,3.74809848221798,2.72306913327691));
#11986=CARTESIAN_POINT('',(-4.6101,3.74809848221798,2.34));
#11987=CARTESIAN_POINT('',(-4.6101,3.74809848221798,2.34));
#11988=CARTESIAN_POINT('',(-4.6101,4.7,0.55));
#11989=CARTESIAN_POINT('',(-4.6101,4.7,0.55));
#11990=CARTESIAN_POINT('',(-4.6101,6.7,0.55));
#11991=CARTESIAN_POINT('',(-4.6101,6.7,0.55));
#11992=CARTESIAN_POINT('',(-4.6101,6.7,3.85000000000001));
#11993=CARTESIAN_POINT('Origin',(-4.6101,6.7,3.84999999999999));
#11994=CARTESIAN_POINT('',(-4.6101,14.,3.84999999999999));
#11995=CARTESIAN_POINT('',(-4.6101,5.7,3.85));
#11996=CARTESIAN_POINT('Origin',(-7.1501,6.7,-3.85000000000001));
#11997=CARTESIAN_POINT('',(-5.5501,14.,-3.85));
#11998=CARTESIAN_POINT('',(-7.1501,14.,-3.85000000000001));
#11999=CARTESIAN_POINT('',(-7.1501,14.,-3.85000000000001));
#12000=CARTESIAN_POINT('',(-7.1501,5.7,-3.85));
#12001=CARTESIAN_POINT('',(-7.1501,6.7,-3.85000000000001));
#12002=CARTESIAN_POINT('',(-5.5501,5.7,-3.85));
#12003=CARTESIAN_POINT('',(-7.1501,5.7,-3.85));
#12004=CARTESIAN_POINT('',(-5.5501,6.7,-3.85000000000001));
#12005=CARTESIAN_POINT('Origin',(-7.1501,6.7,-3.85000000000001));
#12006=CARTESIAN_POINT('',(-7.1501,6.7,-0.55));
#12007=CARTESIAN_POINT('',(-7.1501,6.7,-3.85000000000001));
#12008=CARTESIAN_POINT('',(-7.1501,4.7,-0.55));
#12009=CARTESIAN_POINT('',(-7.1501,6.7,-0.55));
#12010=CARTESIAN_POINT('',(-7.1501,3.74809848221798,-2.34));
#12011=CARTESIAN_POINT('',(-7.1501,4.7,-0.55));
#12012=CARTESIAN_POINT('',(-7.1501,3.74809848221798,-2.72306913327691));
#12013=CARTESIAN_POINT('',(-7.1501,3.74809848221798,-2.34));
#12014=CARTESIAN_POINT('',(-7.1501,3.74809848221798,-2.72306913327691));
#12015=CARTESIAN_POINT('',(-7.1501,14.,-3.85000000000001));
#12016=CARTESIAN_POINT('Origin',(-5.5501,6.7,-3.85000000000001));
#12017=CARTESIAN_POINT('',(-5.5501,14.,-3.85000000000001));
#12018=CARTESIAN_POINT('',(-5.5501,3.74809848221798,-2.72306913327691));
#12019=CARTESIAN_POINT('',(-5.5501,3.74809848221798,-2.72306913327691));
#12020=CARTESIAN_POINT('',(-5.5501,3.74809848221798,-2.34));
#12021=CARTESIAN_POINT('',(-5.5501,3.74809848221798,-2.34));
#12022=CARTESIAN_POINT('',(-5.5501,4.7,-0.55));
#12023=CARTESIAN_POINT('',(-5.5501,4.7,-0.55));
#12024=CARTESIAN_POINT('',(-5.5501,6.7,-0.55));
#12025=CARTESIAN_POINT('',(-5.5501,6.7,-0.55));
#12026=CARTESIAN_POINT('',(-5.5501,6.7,-3.85000000000001));
#12027=CARTESIAN_POINT('Origin',(-5.5501,6.7,-3.85000000000001));
#12028=CARTESIAN_POINT('',(-5.5501,6.7,0.55));
#12029=CARTESIAN_POINT('',(-5.5501,6.7,3.85000000000001));
#12030=CARTESIAN_POINT('',(-5.5501,4.7,0.55));
#12031=CARTESIAN_POINT('',(-5.5501,6.7,0.55));
#12032=CARTESIAN_POINT('',(-5.5501,3.74809848221798,2.34));
#12033=CARTESIAN_POINT('',(-5.5501,4.7,0.55));
#12034=CARTESIAN_POINT('',(-5.5501,3.74809848221798,2.72306913327691));
#12035=CARTESIAN_POINT('',(-5.5501,3.74809848221798,2.34));
#12036=CARTESIAN_POINT('',(-5.5501,5.7,3.85));
#12037=CARTESIAN_POINT('',(-5.5501,3.74809848221798,2.72306913327691));
#12038=CARTESIAN_POINT('',(-5.5501,14.,3.84999999999999));
#12039=CARTESIAN_POINT('',(-5.5501,6.7,3.84999999999999));
#12040=CARTESIAN_POINT('',(-5.5501,14.,-3.85000000000001));
#12041=CARTESIAN_POINT('Origin',(-7.1501,6.7,-3.85000000000001));
#12042=CARTESIAN_POINT('',(-7.1501,14.,3.84999999999999));
#12043=CARTESIAN_POINT('',(-7.1501,14.,-3.85000000000001));
#12044=CARTESIAN_POINT('',(-7.1501,5.7,3.85));
#12045=CARTESIAN_POINT('',(-7.1501,6.7,3.84999999999999));
#12046=CARTESIAN_POINT('',(-7.1501,3.74809848221798,2.72306913327691));
#12047=CARTESIAN_POINT('',(-7.1501,3.74809848221798,2.72306913327691));
#12048=CARTESIAN_POINT('',(-7.1501,3.74809848221798,2.34));
#12049=CARTESIAN_POINT('',(-7.1501,3.74809848221798,2.34));
#12050=CARTESIAN_POINT('',(-7.1501,4.7,0.55));
#12051=CARTESIAN_POINT('',(-7.1501,4.7,0.55));
#12052=CARTESIAN_POINT('',(-7.1501,6.7,0.55));
#12053=CARTESIAN_POINT('',(-7.1501,6.7,0.55));
#12054=CARTESIAN_POINT('',(-7.1501,6.7,3.85000000000001));
#12055=CARTESIAN_POINT('Origin',(-7.1501,6.7,3.84999999999999));
#12056=CARTESIAN_POINT('',(-7.1501,14.,3.84999999999999));
#12057=CARTESIAN_POINT('',(-7.1501,5.7,3.85));
#12058=CARTESIAN_POINT('Origin',(-9.6901,6.7,-3.85000000000001));
#12059=CARTESIAN_POINT('',(-8.0901,14.,-3.85));
#12060=CARTESIAN_POINT('',(-9.6901,14.,-3.85000000000001));
#12061=CARTESIAN_POINT('',(-9.6901,14.,-3.85000000000001));
#12062=CARTESIAN_POINT('',(-9.6901,5.7,-3.85));
#12063=CARTESIAN_POINT('',(-9.6901,6.7,-3.85000000000001));
#12064=CARTESIAN_POINT('',(-8.0901,5.7,-3.85));
#12065=CARTESIAN_POINT('',(-9.6901,5.7,-3.85));
#12066=CARTESIAN_POINT('',(-8.0901,6.7,-3.85000000000001));
#12067=CARTESIAN_POINT('Origin',(-8.0901,6.7,-3.85000000000001));
#12068=CARTESIAN_POINT('',(-8.0901,14.,-3.85000000000001));
#12069=CARTESIAN_POINT('',(-8.0901,3.74809848221798,-2.72306913327691));
#12070=CARTESIAN_POINT('',(-8.0901,3.74809848221798,-2.72306913327691));
#12071=CARTESIAN_POINT('',(-8.0901,3.74809848221798,-2.34));
#12072=CARTESIAN_POINT('',(-8.0901,3.74809848221798,-2.34));
#12073=CARTESIAN_POINT('',(-8.0901,4.7,-0.549999999999999));
#12074=CARTESIAN_POINT('',(-8.0901,4.7,-0.549999999999999));
#12075=CARTESIAN_POINT('',(-8.0901,6.7,-0.55));
#12076=CARTESIAN_POINT('',(-8.0901,6.7,-0.55));
#12077=CARTESIAN_POINT('',(-8.0901,6.7,-3.85000000000001));
#12078=CARTESIAN_POINT('Origin',(-8.0901,6.7,-3.85000000000001));
#12079=CARTESIAN_POINT('',(-8.0901,6.7,0.55));
#12080=CARTESIAN_POINT('',(-8.0901,6.7,3.85000000000001));
#12081=CARTESIAN_POINT('',(-8.0901,4.7,0.55));
#12082=CARTESIAN_POINT('',(-8.0901,6.7,0.55));
#12083=CARTESIAN_POINT('',(-8.0901,3.74809848221798,2.34));
#12084=CARTESIAN_POINT('',(-8.0901,4.7,0.55));
#12085=CARTESIAN_POINT('',(-8.0901,3.74809848221798,2.72306913327691));
#12086=CARTESIAN_POINT('',(-8.0901,3.74809848221798,2.34));
#12087=CARTESIAN_POINT('',(-8.0901,5.7,3.85));
#12088=CARTESIAN_POINT('',(-8.0901,3.74809848221798,2.72306913327691));
#12089=CARTESIAN_POINT('',(-8.0901,14.,3.84999999999999));
#12090=CARTESIAN_POINT('',(-8.0901,6.7,3.84999999999999));
#12091=CARTESIAN_POINT('',(-8.0901,14.,-3.85000000000001));
#12092=CARTESIAN_POINT('Origin',(-9.6901,6.7,3.84999999999999));
#12093=CARTESIAN_POINT('',(-9.6901,14.,3.84999999999999));
#12094=CARTESIAN_POINT('',(-9.6901,14.,3.84999999999999));
#12095=CARTESIAN_POINT('',(-9.6901,5.7,3.85));
#12096=CARTESIAN_POINT('',(-9.6901,5.7,3.85));
#12097=CARTESIAN_POINT('',(-9.6901,6.7,3.84999999999999));
#12098=CARTESIAN_POINT('Origin',(8.376,0.,-3.45));
#12099=CARTESIAN_POINT('',(8.376,0.,-2.15));
#12100=CARTESIAN_POINT('',(8.376,0.,-3.45));
#12101=CARTESIAN_POINT('',(8.376,0.,-3.45));
#12102=CARTESIAN_POINT('',(8.8378802153517,-0.8,-3.45));
#12103=CARTESIAN_POINT('',(9.17241016151378,-1.37942286340599,-3.45));
#12104=CARTESIAN_POINT('',(8.8378802153517,-0.8,-2.6118802153517));
#12105=CARTESIAN_POINT('',(8.8378802153517,-0.8,-3.45));
#12106=CARTESIAN_POINT('',(8.636,-0.450333209967908,-2.41));
#12107=CARTESIAN_POINT('Origin',(10.176,-0.8,-3.45));
#12108=CARTESIAN_POINT('',(10.176,0.,-3.45));
#12109=CARTESIAN_POINT('',(10.176,0.,-3.45));
#12110=CARTESIAN_POINT('',(10.176,-0.8,-3.45));
#12111=CARTESIAN_POINT('',(10.176,-0.8,-3.45));
#12112=CARTESIAN_POINT('',(10.176,-0.8,-3.45));
#12113=CARTESIAN_POINT('Origin',(10.176,-0.8,-3.45));
#12114=CARTESIAN_POINT('',(10.176,0.,-2.15));
#12115=CARTESIAN_POINT('',(10.176,0.,-3.45));
#12116=CARTESIAN_POINT('',(10.176,-0.8,-2.6118802153517));
#12117=CARTESIAN_POINT('',(10.176,0.,-2.15));
#12118=CARTESIAN_POINT('',(10.176,-0.8,-3.45));
#12119=CARTESIAN_POINT('Origin',(10.176,0.,-2.15));
#12120=CARTESIAN_POINT('',(10.176,0.,-2.15));
#12121=CARTESIAN_POINT('',(10.176,-0.8,-2.6118802153517));
#12122=CARTESIAN_POINT('Origin',(-5.08,-0.8,0.));
#12123=CARTESIAN_POINT('Origin',(8.376,0.,3.45));
#12124=CARTESIAN_POINT('',(8.376,0.,2.15));
#12125=CARTESIAN_POINT('',(8.376,0.,3.45));
#12126=CARTESIAN_POINT('',(8.376,0.,3.45));
#12127=CARTESIAN_POINT('',(8.8378802153517,-0.8,2.6118802153517));
#12128=CARTESIAN_POINT('',(8.736,-0.623538290724796,2.51));
#12129=CARTESIAN_POINT('',(8.8378802153517,-0.8,3.45));
#12130=CARTESIAN_POINT('',(8.8378802153517,-0.8,3.45));
#12131=CARTESIAN_POINT('',(8.376,0.,3.45));
#12132=CARTESIAN_POINT('Origin',(10.176,0.,2.15));
#12133=CARTESIAN_POINT('',(10.176,0.,2.15));
#12134=CARTESIAN_POINT('',(10.176,0.,2.15));
#12135=CARTESIAN_POINT('',(10.176,-0.8,2.6118802153517));
#12136=CARTESIAN_POINT('',(10.176,-1.16291651245989,2.82141016151378));
#12137=CARTESIAN_POINT('',(10.176,-0.8,2.6118802153517));
#12138=CARTESIAN_POINT('Origin',(10.176,-0.8,3.45));
#12139=CARTESIAN_POINT('',(10.176,0.,3.45));
#12140=CARTESIAN_POINT('',(10.176,0.,3.45));
#12141=CARTESIAN_POINT('',(10.176,-0.8,3.45));
#12142=CARTESIAN_POINT('',(10.176,-0.8,3.45));
#12143=CARTESIAN_POINT('',(10.176,-0.8,3.45));
#12144=CARTESIAN_POINT('Origin',(10.176,-0.8,3.45));
#12145=CARTESIAN_POINT('',(10.176,0.,3.45));
#12146=CARTESIAN_POINT('',(10.176,-0.8,3.45));
#12147=CARTESIAN_POINT('Origin',(-5.08,-0.8,0.));
#12148=CARTESIAN_POINT('Origin',(8.21,3.5,1.5));
#12149=CARTESIAN_POINT('',(8.21,0.,-1.5));
#12150=CARTESIAN_POINT('',(8.21,0.,1.5));
#12151=CARTESIAN_POINT('',(8.21,0.,1.5));
#12152=CARTESIAN_POINT('',(8.21,3.5,1.5));
#12153=CARTESIAN_POINT('',(8.21,3.5,1.5));
#12154=CARTESIAN_POINT('',(8.21,3.5,-1.5));
#12155=CARTESIAN_POINT('',(8.21,3.5,1.5));
#12156=CARTESIAN_POINT('',(8.21,3.5,-1.5));
#12157=CARTESIAN_POINT('Origin',(-18.37,3.5,-1.5));
#12158=CARTESIAN_POINT('',(6.85,3.5,-1.5));
#12159=CARTESIAN_POINT('',(-18.37,3.5,-1.5));
#12160=CARTESIAN_POINT('',(6.85,0.,-1.5));
#12161=CARTESIAN_POINT('',(6.85,6.66227766016838,-1.5));
#12162=CARTESIAN_POINT('',(-18.37,0.,-1.5));
#12163=CARTESIAN_POINT('Origin',(-18.37,3.5,1.5));
#12164=CARTESIAN_POINT('',(6.85,0.,1.5));
#12165=CARTESIAN_POINT('',(-18.37,0.,1.5));
#12166=CARTESIAN_POINT('',(6.85,3.5,1.5));
#12167=CARTESIAN_POINT('',(6.85,6.66227766016838,1.5));
#12168=CARTESIAN_POINT('',(-18.37,3.5,1.5));
#12169=CARTESIAN_POINT('Origin',(-5.08,3.5,0.));
#12170=CARTESIAN_POINT('',(6.85,3.5,1.5));
#12171=CARTESIAN_POINT('Origin',(-9.39,6.66227766016838,1.5));
#12172=CARTESIAN_POINT('',(-9.39,3.5,-1.5));
#12173=CARTESIAN_POINT('',(-9.39,3.5,1.5));
#12174=CARTESIAN_POINT('',(-9.39,3.5,1.5));
#12175=CARTESIAN_POINT('',(-9.39,0.,-1.5));
#12176=CARTESIAN_POINT('',(-9.39,6.66227766016838,-1.5));
#12177=CARTESIAN_POINT('',(-9.39,0.,1.5));
#12178=CARTESIAN_POINT('',(-9.39,0.,1.5));
#12179=CARTESIAN_POINT('',(-9.39,6.66227766016838,1.5));
#12180=CARTESIAN_POINT('Origin',(-8.39,6.66227766016838,1.5));
#12181=CARTESIAN_POINT('',(-8.39,0.,1.5));
#12182=CARTESIAN_POINT('Origin',(-6.85,6.66227766016838,1.5));
#12183=CARTESIAN_POINT('',(-6.85,0.,1.5));
#12184=CARTESIAN_POINT('Origin',(-5.85,6.66227766016838,1.5));
#12185=CARTESIAN_POINT('',(-5.85,0.,1.5));
#12186=CARTESIAN_POINT('Origin',(-4.31,6.66227766016838,1.5));
#12187=CARTESIAN_POINT('',(-4.31,0.,1.5));
#12188=CARTESIAN_POINT('Origin',(-3.31,6.66227766016838,1.5));
#12189=CARTESIAN_POINT('',(-3.31,0.,1.5));
#12190=CARTESIAN_POINT('Origin',(-1.77,6.66227766016838,1.5));
#12191=CARTESIAN_POINT('',(-1.77,0.,1.5));
#12192=CARTESIAN_POINT('Origin',(-0.769999999999996,6.66227766016838,1.5));
#12193=CARTESIAN_POINT('',(-0.769999999999996,0.,1.5));
#12194=CARTESIAN_POINT('Origin',(0.770000000000004,6.66227766016838,1.5));
#12195=CARTESIAN_POINT('',(0.770000000000004,0.,1.5));
#12196=CARTESIAN_POINT('Origin',(1.77,6.66227766016838,1.5));
#12197=CARTESIAN_POINT('',(1.77,0.,1.5));
#12198=CARTESIAN_POINT('Origin',(3.31,6.66227766016838,1.5));
#12199=CARTESIAN_POINT('',(3.31,0.,1.5));
#12200=CARTESIAN_POINT('Origin',(4.31,6.66227766016838,1.5));
#12201=CARTESIAN_POINT('',(4.31,0.,1.5));
#12202=CARTESIAN_POINT('Origin',(5.85,6.66227766016838,1.5));
#12203=CARTESIAN_POINT('',(5.85,0.,1.5));
#12204=CARTESIAN_POINT('Origin',(6.85,6.66227766016838,1.5));
#12205=CARTESIAN_POINT('',(6.85,0.,1.5));
#12206=CARTESIAN_POINT('Origin',(0.469900000000002,3.74809848221798,-2.34));
#12207=CARTESIAN_POINT('',(0.469900000000002,3.74809848221798,-2.72306913327691));
#12208=CARTESIAN_POINT('',(0.469900000000002,3.74809848221798,-2.34));
#12209=CARTESIAN_POINT('Origin',(0.469900000000002,3.74809848221798,-2.72306913327691));
#12210=CARTESIAN_POINT('',(0.469900000000002,3.74809848221798,-2.72306913327691));
#12211=CARTESIAN_POINT('Origin',(0.469900000000002,3.74809848221798,-2.34));
#12212=CARTESIAN_POINT('',(0.469900000000002,3.74809848221798,-2.34));
#12213=CARTESIAN_POINT('Origin',(0.469900000000002,4.7,-0.55));
#12214=CARTESIAN_POINT('',(0.469900000000002,4.7,-0.55));
#12215=CARTESIAN_POINT('Origin',(0.469900000000002,6.7,-0.55));
#12216=CARTESIAN_POINT('',(0.469900000000002,6.7,-0.55));
#12217=CARTESIAN_POINT('Origin',(0.469900000000002,3.74809848221798,2.72306913327691));
#12218=CARTESIAN_POINT('',(0.469900000000002,3.74809848221798,2.72306913327691));
#12219=CARTESIAN_POINT('',(0.469900000000002,3.74809848221798,2.72306913327691));
#12220=CARTESIAN_POINT('Origin',(0.469900000000002,3.74809848221798,2.34));
#12221=CARTESIAN_POINT('',(0.469900000000002,3.74809848221798,2.34));
#12222=CARTESIAN_POINT('Origin',(0.469900000000002,3.74809848221798,2.34));
#12223=CARTESIAN_POINT('',(0.469900000000002,3.74809848221798,2.34));
#12224=CARTESIAN_POINT('Origin',(0.469900000000002,6.7,0.55));
#12225=CARTESIAN_POINT('',(0.469900000000002,6.7,0.55));
#12226=CARTESIAN_POINT('',(0.469900000000002,4.7,0.55));
#12227=CARTESIAN_POINT('Origin',(0.469900000000002,4.7,0.55));
#12228=CARTESIAN_POINT('Origin',(-9.6901,3.74809848221798,-2.34));
#12229=CARTESIAN_POINT('',(-9.6901,3.74809848221798,-2.72306913327691));
#12230=CARTESIAN_POINT('',(-9.6901,3.74809848221798,-2.72306913327691));
#12231=CARTESIAN_POINT('',(-9.6901,3.74809848221798,-2.34));
#12232=CARTESIAN_POINT('',(-9.6901,3.74809848221798,-3.095));
#12233=CARTESIAN_POINT('',(-9.6901,3.74809848221798,-2.34));
#12234=CARTESIAN_POINT('Origin',(-9.6901,3.74809848221798,-2.72306913327691));
#12235=CARTESIAN_POINT('',(-9.6901,3.74809848221798,-2.72306913327691));
#12236=CARTESIAN_POINT('',(-9.6901,5.09904924110899,-3.50304091758457));
#12237=CARTESIAN_POINT('Origin',(-9.6901,3.74809848221798,-2.34));
#12238=CARTESIAN_POINT('',(-9.6901,3.74809848221798,-2.34));
#12239=CARTESIAN_POINT('Origin',(-9.6901,4.7,-0.549999999999999));
#12240=CARTESIAN_POINT('',(-9.6901,4.7,-0.549999999999999));
#12241=CARTESIAN_POINT('',(-9.6901,4.23644178270915,-1.42169648692653));
#12242=CARTESIAN_POINT('',(-9.6901,4.7,-0.549999999999999));
#12243=CARTESIAN_POINT('Origin',(-9.6901,6.7,-0.55));
#12244=CARTESIAN_POINT('',(-9.6901,6.7,-0.55));
#12245=CARTESIAN_POINT('',(-9.6901,6.7,-0.55));
#12246=CARTESIAN_POINT('',(-9.6901,6.7,-0.55));
#12247=CARTESIAN_POINT('Origin',(-7.1501,3.74809848221798,-2.34));
#12248=CARTESIAN_POINT('',(-7.1501,3.74809848221798,-2.72306913327691));
#12249=CARTESIAN_POINT('',(-7.1501,3.74809848221798,-2.34));
#12250=CARTESIAN_POINT('Origin',(-7.1501,3.74809848221798,-2.72306913327691));
#12251=CARTESIAN_POINT('',(-7.1501,3.74809848221798,-2.72306913327691));
#12252=CARTESIAN_POINT('Origin',(-7.1501,3.74809848221798,-2.34));
#12253=CARTESIAN_POINT('',(-7.1501,3.74809848221798,-2.34));
#12254=CARTESIAN_POINT('Origin',(-7.1501,4.7,-0.55));
#12255=CARTESIAN_POINT('',(-7.1501,4.7,-0.55));
#12256=CARTESIAN_POINT('Origin',(-7.1501,6.7,-0.55));
#12257=CARTESIAN_POINT('',(-7.1501,6.7,-0.55));
#12258=CARTESIAN_POINT('Origin',(-4.6101,3.74809848221798,-2.34));
#12259=CARTESIAN_POINT('',(-4.6101,3.74809848221798,-2.72306913327691));
#12260=CARTESIAN_POINT('',(-4.6101,3.74809848221798,-2.34));
#12261=CARTESIAN_POINT('Origin',(-4.6101,3.74809848221798,-2.72306913327691));
#12262=CARTESIAN_POINT('',(-4.6101,3.74809848221798,-2.72306913327691));
#12263=CARTESIAN_POINT('Origin',(-4.6101,3.74809848221798,-2.34));
#12264=CARTESIAN_POINT('',(-4.6101,3.74809848221798,-2.34));
#12265=CARTESIAN_POINT('Origin',(-4.6101,4.7,-0.55));
#12266=CARTESIAN_POINT('',(-4.6101,4.7,-0.55));
#12267=CARTESIAN_POINT('Origin',(-4.6101,6.7,-0.55));
#12268=CARTESIAN_POINT('',(-4.6101,6.7,-0.55));
#12269=CARTESIAN_POINT('Origin',(-2.0701,3.74809848221798,-2.34));
#12270=CARTESIAN_POINT('',(-2.0701,3.74809848221798,-2.72306913327691));
#12271=CARTESIAN_POINT('',(-2.0701,3.74809848221798,-2.34));
#12272=CARTESIAN_POINT('Origin',(-2.0701,3.74809848221798,-2.72306913327691));
#12273=CARTESIAN_POINT('',(-2.0701,3.74809848221798,-2.72306913327691));
#12274=CARTESIAN_POINT('Origin',(-2.0701,3.74809848221798,-2.34));
#12275=CARTESIAN_POINT('',(-2.0701,3.74809848221798,-2.34));
#12276=CARTESIAN_POINT('Origin',(-2.0701,4.7,-0.55));
#12277=CARTESIAN_POINT('',(-2.0701,4.7,-0.55));
#12278=CARTESIAN_POINT('Origin',(-2.0701,6.7,-0.55));
#12279=CARTESIAN_POINT('',(-2.0701,6.7,-0.55));
#12280=CARTESIAN_POINT('Origin',(-9.6901,3.74809848221798,2.72306913327691));
#12281=CARTESIAN_POINT('',(-9.6901,3.74809848221798,2.72306913327691));
#12282=CARTESIAN_POINT('',(-9.6901,3.74809848221798,2.72306913327691));
#12283=CARTESIAN_POINT('',(-9.6901,3.43195033882394,2.54054091758456));
#12284=CARTESIAN_POINT('',(-9.6901,3.74809848221798,2.72306913327691));
#12285=CARTESIAN_POINT('Origin',(-9.6901,3.74809848221798,2.34));
#12286=CARTESIAN_POINT('',(-9.6901,3.74809848221798,2.34));
#12287=CARTESIAN_POINT('Origin',(-9.6901,3.74809848221798,2.34));
#12288=CARTESIAN_POINT('',(-9.6901,3.74809848221798,2.34));
#12289=CARTESIAN_POINT('',(-9.6901,3.74809848221798,2.34));
#12290=CARTESIAN_POINT('',(-9.6901,3.74809848221798,-0.755000000000003));
#12291=CARTESIAN_POINT('Origin',(-9.6901,6.7,0.55));
#12292=CARTESIAN_POINT('',(-9.6901,6.7,0.55));
#12293=CARTESIAN_POINT('',(-9.6901,6.7,0.55));
#12294=CARTESIAN_POINT('',(-9.6901,4.7,0.55));
#12295=CARTESIAN_POINT('',(-9.6901,6.7,0.55));
#12296=CARTESIAN_POINT('',(-9.6901,4.7,0.55));
#12297=CARTESIAN_POINT('Origin',(-9.6901,4.7,0.55));
#12298=CARTESIAN_POINT('',(-9.6901,5.83247189706052,-1.57955296096348));
#12299=CARTESIAN_POINT('Origin',(-7.1501,3.74809848221798,2.72306913327691));
#12300=CARTESIAN_POINT('',(-7.1501,3.74809848221798,2.72306913327691));
#12301=CARTESIAN_POINT('',(-7.1501,3.74809848221798,2.72306913327691));
#12302=CARTESIAN_POINT('Origin',(-7.1501,3.74809848221798,2.34));
#12303=CARTESIAN_POINT('',(-7.1501,3.74809848221798,2.34));
#12304=CARTESIAN_POINT('Origin',(-7.1501,3.74809848221798,2.34));
#12305=CARTESIAN_POINT('',(-7.1501,3.74809848221798,2.34));
#12306=CARTESIAN_POINT('Origin',(-7.1501,6.7,0.55));
#12307=CARTESIAN_POINT('',(-7.1501,6.7,0.55));
#12308=CARTESIAN_POINT('',(-7.1501,4.7,0.55));
#12309=CARTESIAN_POINT('Origin',(-7.1501,4.7,0.55));
#12310=CARTESIAN_POINT('Origin',(-4.6101,3.74809848221798,2.72306913327691));
#12311=CARTESIAN_POINT('',(-4.6101,3.74809848221798,2.72306913327691));
#12312=CARTESIAN_POINT('',(-4.6101,3.74809848221798,2.72306913327691));
#12313=CARTESIAN_POINT('Origin',(-4.6101,3.74809848221798,2.34));
#12314=CARTESIAN_POINT('',(-4.6101,3.74809848221798,2.34));
#12315=CARTESIAN_POINT('Origin',(-4.6101,3.74809848221798,2.34));
#12316=CARTESIAN_POINT('',(-4.6101,3.74809848221798,2.34));
#12317=CARTESIAN_POINT('Origin',(-4.6101,6.7,0.55));
#12318=CARTESIAN_POINT('',(-4.6101,6.7,0.55));
#12319=CARTESIAN_POINT('',(-4.6101,4.7,0.55));
#12320=CARTESIAN_POINT('Origin',(-4.6101,4.7,0.55));
#12321=CARTESIAN_POINT('Origin',(-2.0701,3.74809848221798,2.72306913327691));
#12322=CARTESIAN_POINT('',(-2.0701,3.74809848221798,2.72306913327691));
#12323=CARTESIAN_POINT('',(-2.0701,3.74809848221798,2.72306913327691));
#12324=CARTESIAN_POINT('Origin',(-2.0701,3.74809848221798,2.34));
#12325=CARTESIAN_POINT('',(-2.0701,3.74809848221798,2.34));
#12326=CARTESIAN_POINT('Origin',(-2.0701,3.74809848221798,2.34));
#12327=CARTESIAN_POINT('',(-2.0701,3.74809848221798,2.34));
#12328=CARTESIAN_POINT('Origin',(-2.0701,6.7,0.55));
#12329=CARTESIAN_POINT('',(-2.0701,6.7,0.55));
#12330=CARTESIAN_POINT('',(-2.0701,4.7,0.55));
#12331=CARTESIAN_POINT('Origin',(-2.0701,4.7,0.55));
#12332=CARTESIAN_POINT('Origin',(3.0099,3.74809848221798,-2.34));
#12333=CARTESIAN_POINT('',(3.0099,3.74809848221798,-2.72306913327691));
#12334=CARTESIAN_POINT('',(3.0099,3.74809848221798,-2.34));
#12335=CARTESIAN_POINT('Origin',(3.0099,3.74809848221798,-2.72306913327691));
#12336=CARTESIAN_POINT('',(3.0099,3.74809848221798,-2.72306913327691));
#12337=CARTESIAN_POINT('Origin',(3.0099,3.74809848221798,-2.34));
#12338=CARTESIAN_POINT('',(3.0099,3.74809848221798,-2.34));
#12339=CARTESIAN_POINT('Origin',(3.0099,4.7,-0.55));
#12340=CARTESIAN_POINT('',(3.0099,4.7,-0.55));
#12341=CARTESIAN_POINT('Origin',(3.0099,6.7,-0.55));
#12342=CARTESIAN_POINT('',(3.0099,6.7,-0.55));
#12343=CARTESIAN_POINT('Origin',(5.5499,3.74809848221798,-2.34));
#12344=CARTESIAN_POINT('',(5.5499,3.74809848221798,-2.72306913327691));
#12345=CARTESIAN_POINT('',(5.5499,3.74809848221798,-2.34));
#12346=CARTESIAN_POINT('Origin',(5.5499,3.74809848221798,-2.72306913327691));
#12347=CARTESIAN_POINT('',(5.5499,3.74809848221798,-2.72306913327691));
#12348=CARTESIAN_POINT('Origin',(5.5499,3.74809848221798,-2.34));
#12349=CARTESIAN_POINT('',(5.5499,3.74809848221798,-2.34));
#12350=CARTESIAN_POINT('Origin',(5.5499,4.7,-0.55));
#12351=CARTESIAN_POINT('',(5.5499,4.7,-0.55));
#12352=CARTESIAN_POINT('Origin',(5.5499,6.7,-0.55));
#12353=CARTESIAN_POINT('',(5.5499,6.7,-0.55));
#12354=CARTESIAN_POINT('Origin',(3.0099,3.74809848221798,2.72306913327691));
#12355=CARTESIAN_POINT('',(3.0099,3.74809848221798,2.72306913327691));
#12356=CARTESIAN_POINT('',(3.0099,3.74809848221798,2.72306913327691));
#12357=CARTESIAN_POINT('Origin',(3.0099,3.74809848221798,2.34));
#12358=CARTESIAN_POINT('',(3.0099,3.74809848221798,2.34));
#12359=CARTESIAN_POINT('Origin',(3.0099,3.74809848221798,2.34));
#12360=CARTESIAN_POINT('',(3.0099,3.74809848221798,2.34));
#12361=CARTESIAN_POINT('Origin',(3.0099,6.7,0.55));
#12362=CARTESIAN_POINT('',(3.0099,6.7,0.55));
#12363=CARTESIAN_POINT('',(3.0099,4.7,0.55));
#12364=CARTESIAN_POINT('Origin',(3.0099,4.7,0.55));
#12365=CARTESIAN_POINT('Origin',(5.5499,3.74809848221798,2.72306913327691));
#12366=CARTESIAN_POINT('',(5.5499,3.74809848221798,2.72306913327691));
#12367=CARTESIAN_POINT('',(5.5499,3.74809848221798,2.72306913327691));
#12368=CARTESIAN_POINT('Origin',(5.5499,3.74809848221798,2.34));
#12369=CARTESIAN_POINT('',(5.5499,3.74809848221798,2.34));
#12370=CARTESIAN_POINT('Origin',(5.5499,3.74809848221798,2.34));
#12371=CARTESIAN_POINT('',(5.5499,3.74809848221798,2.34));
#12372=CARTESIAN_POINT('Origin',(5.5499,6.7,0.55));
#12373=CARTESIAN_POINT('',(5.5499,6.7,0.55));
#12374=CARTESIAN_POINT('',(5.5499,4.7,0.55));
#12375=CARTESIAN_POINT('Origin',(5.5499,4.7,0.55));
#12376=CARTESIAN_POINT('Origin',(-9.6901,6.7,-3.85000000000001));
#12377=CARTESIAN_POINT('',(-9.6901,14.,-1.95));
#12378=CARTESIAN_POINT('',(-9.6901,14.,-1.925));
#12379=CARTESIAN_POINT('',(-9.6901,13.,-0.950000000000001));
#12380=CARTESIAN_POINT('',(-9.6901,13.,-0.950000000000001));
#12381=CARTESIAN_POINT('',(-9.6901,6.7,-0.950000000000002));
#12382=CARTESIAN_POINT('',(-9.6901,6.7,-0.95));
#12383=CARTESIAN_POINT('',(-9.6901,6.7,2.32184852152787E-15));
#12384=CARTESIAN_POINT('Origin',(-9.6901,6.7,-3.85000000000001));
#12385=CARTESIAN_POINT('',(-9.6901,6.7,0.95));
#12386=CARTESIAN_POINT('',(-9.6901,6.7,2.32184852152787E-15));
#12387=CARTESIAN_POINT('',(-9.6901,13.,0.95));
#12388=CARTESIAN_POINT('',(-9.6901,6.7,0.95));
#12389=CARTESIAN_POINT('',(-9.6901,14.,1.95));
#12390=CARTESIAN_POINT('',(-9.6901,13.,0.95));
#12391=CARTESIAN_POINT('',(-9.6901,14.,-1.925));
#12392=CARTESIAN_POINT('Origin',(-12.2301,4.7,0.55));
#12393=CARTESIAN_POINT('',(-10.6301,4.7,0.55));
#12394=CARTESIAN_POINT('',(-10.6301,3.74809848221798,2.34));
#12395=CARTESIAN_POINT('',(-10.6301,4.7,0.55));
#12396=CARTESIAN_POINT('',(-12.2301,4.7,0.55));
#12397=CARTESIAN_POINT('',(-12.2301,4.7,0.55));
#12398=CARTESIAN_POINT('',(-12.2301,3.74809848221798,2.34));
#12399=CARTESIAN_POINT('',(-12.2301,4.7,0.55));
#12400=CARTESIAN_POINT('',(-11.93,3.74809848221798,2.34));
#12401=CARTESIAN_POINT('',(-12.2301,3.74809848221798,2.34));
#12402=CARTESIAN_POINT('',(-10.93,3.74809848221798,2.34));
#12403=CARTESIAN_POINT('',(-11.93,3.74809848221798,2.34));
#12404=CARTESIAN_POINT('',(-12.2301,3.74809848221798,2.34));
#12405=CARTESIAN_POINT('Origin',(-12.2301,6.7,0.550000000000001));
#12406=CARTESIAN_POINT('',(-10.6301,6.7,0.550000000000001));
#12407=CARTESIAN_POINT('',(-10.6301,6.7,0.550000000000001));
#12408=CARTESIAN_POINT('',(-12.2301,6.7,0.550000000000001));
#12409=CARTESIAN_POINT('',(-12.2301,6.7,0.550000000000001));
#12410=CARTESIAN_POINT('',(-12.2301,6.7,0.550000000000001));
#12411=CARTESIAN_POINT('Origin',(-12.2301,3.74809848221798,2.34));
#12412=CARTESIAN_POINT('',(-10.93,3.74809848221798,2.72306913327691));
#12413=CARTESIAN_POINT('',(-10.93,3.74809848221798,2.74));
#12414=CARTESIAN_POINT('',(-10.6301,3.74809848221798,2.72306913327691));
#12415=CARTESIAN_POINT('',(-12.2301,3.74809848221798,2.72306913327691));
#12416=CARTESIAN_POINT('',(-10.6301,3.74809848221798,2.34));
#12417=CARTESIAN_POINT('Origin',(-12.2301,3.74809848221798,2.34));
#12418=CARTESIAN_POINT('',(-11.93,3.74809848221798,2.72306913327691));
#12419=CARTESIAN_POINT('',(-11.93,3.74809848221798,2.74));
#12420=CARTESIAN_POINT('',(-12.2301,3.74809848221798,2.72306913327691));
#12421=CARTESIAN_POINT('',(-12.2301,3.74809848221798,2.34));
#12422=CARTESIAN_POINT('',(-12.2301,3.74809848221798,2.72306913327691));
#12423=CARTESIAN_POINT('Origin',(-12.2301,3.74809848221798,2.72306913327691));
#12424=CARTESIAN_POINT('',(-11.93,3.77742360359855,2.74));
#12425=CARTESIAN_POINT('',(-11.93,11.4443559008996,7.16650542570543));
#12426=CARTESIAN_POINT('',(-12.2301,5.7,3.85));
#12427=CARTESIAN_POINT('',(-12.2301,3.74809848221798,2.72306913327691));
#12428=CARTESIAN_POINT('',(-10.6301,5.7,3.85));
#12429=CARTESIAN_POINT('',(-12.2301,5.7,3.85));
#12430=CARTESIAN_POINT('',(-10.6301,3.74809848221798,2.72306913327691));
#12431=CARTESIAN_POINT('',(-10.93,3.77742360359855,2.74));
#12432=CARTESIAN_POINT('',(-10.93,11.4443559008996,7.16650542570543));
#12433=CARTESIAN_POINT('',(-11.93,3.77742360359855,2.74));
#12434=CARTESIAN_POINT('Origin',(-12.2301,6.7,-0.55));
#12435=CARTESIAN_POINT('',(-10.6301,4.7,-0.549999999999999));
#12436=CARTESIAN_POINT('',(-10.6301,6.7,-0.55));
#12437=CARTESIAN_POINT('',(-10.6301,6.7,-0.55));
#12438=CARTESIAN_POINT('',(-12.2301,4.7,-0.549999999999999));
#12439=CARTESIAN_POINT('',(-12.2301,4.7,-0.549999999999999));
#12440=CARTESIAN_POINT('',(-12.2301,6.7,-0.55));
#12441=CARTESIAN_POINT('',(-12.2301,6.7,-0.55));
#12442=CARTESIAN_POINT('',(-12.2301,6.7,-0.55));
#12443=CARTESIAN_POINT('Origin',(-12.2301,4.7,-0.549999999999999));
#12444=CARTESIAN_POINT('',(-10.6301,3.74809848221798,-2.34));
#12445=CARTESIAN_POINT('',(-10.6301,4.7,-0.549999999999999));
#12446=CARTESIAN_POINT('',(-10.93,3.74809848221798,-2.34));
#12447=CARTESIAN_POINT('',(-12.2301,3.74809848221798,-2.34));
#12448=CARTESIAN_POINT('',(-11.93,3.74809848221798,-2.34));
#12449=CARTESIAN_POINT('',(-12.2301,3.74809848221798,-2.34));
#12450=CARTESIAN_POINT('',(-12.2301,3.74809848221798,-2.34));
#12451=CARTESIAN_POINT('',(-12.2301,3.74809848221798,-2.34));
#12452=CARTESIAN_POINT('',(-12.2301,4.7,-0.549999999999999));
#12453=CARTESIAN_POINT('Origin',(-12.2301,3.74809848221798,-2.34));
#12454=CARTESIAN_POINT('',(-10.6301,3.74809848221798,-2.72306913327691));
#12455=CARTESIAN_POINT('',(-10.6301,3.74809848221798,-2.34));
#12456=CARTESIAN_POINT('',(-10.93,3.74809848221798,-2.72306913327691));
#12457=CARTESIAN_POINT('',(-12.2301,3.74809848221798,-2.72306913327691));
#12458=CARTESIAN_POINT('',(-10.93,3.74809848221798,-2.74));
#12459=CARTESIAN_POINT('Origin',(-12.2301,3.74809848221798,-2.72306913327691));
#12460=CARTESIAN_POINT('',(-10.93,3.77742360359855,-2.74));
#12461=CARTESIAN_POINT('',(-11.93,3.77742360359855,-2.74));
#12462=CARTESIAN_POINT('',(-11.93,3.77742360359855,-2.74));
#12463=CARTESIAN_POINT('',(-10.93,11.4443559008996,-7.16650542570543));
#12464=CARTESIAN_POINT('',(-10.6301,5.7,-3.85));
#12465=CARTESIAN_POINT('',(-10.6301,3.74809848221798,-2.72306913327691));
#12466=CARTESIAN_POINT('',(-12.2301,5.7,-3.85));
#12467=CARTESIAN_POINT('',(-12.2301,5.7,-3.85));
#12468=CARTESIAN_POINT('',(-12.2301,3.74809848221798,-2.72306913327691));
#12469=CARTESIAN_POINT('',(-12.2301,3.74809848221798,-2.72306913327691));
#12470=CARTESIAN_POINT('',(-11.93,3.74809848221798,-2.72306913327691));
#12471=CARTESIAN_POINT('',(-12.2301,3.74809848221798,-2.72306913327691));
#12472=CARTESIAN_POINT('',(-11.93,11.4443559008996,-7.16650542570543));
#12473=CARTESIAN_POINT('Origin',(-12.2301,3.74809848221798,-2.34));
#12474=CARTESIAN_POINT('',(-12.2301,3.74809848221798,-2.34));
#12475=CARTESIAN_POINT('',(-11.93,3.74809848221798,-2.74));
#12476=CARTESIAN_POINT('Origin',(-10.93,6.66227766016838,1.5));
#12477=CARTESIAN_POINT('',(-10.93,3.5,1.5));
#12478=CARTESIAN_POINT('',(-10.93,3.5,-1.5));
#12479=CARTESIAN_POINT('',(-10.93,3.5,1.5));
#12480=CARTESIAN_POINT('',(-10.93,0.,1.5));
#12481=CARTESIAN_POINT('',(-10.93,6.66227766016838,1.5));
#12482=CARTESIAN_POINT('',(-10.93,0.,-1.5));
#12483=CARTESIAN_POINT('',(-10.93,0.,1.5));
#12484=CARTESIAN_POINT('',(-10.93,6.66227766016838,-1.5));
#12485=CARTESIAN_POINT('Origin',(-11.93,6.66227766016838,1.5));
#12486=CARTESIAN_POINT('',(-11.93,3.5,-1.5));
#12487=CARTESIAN_POINT('',(-11.93,3.5,1.5));
#12488=CARTESIAN_POINT('',(-11.93,3.5,1.5));
#12489=CARTESIAN_POINT('',(-11.93,0.,-1.5));
#12490=CARTESIAN_POINT('',(-11.93,6.66227766016838,-1.5));
#12491=CARTESIAN_POINT('',(-11.93,0.,1.5));
#12492=CARTESIAN_POINT('',(-11.93,0.,1.5));
#12493=CARTESIAN_POINT('',(-11.93,6.66227766016838,1.5));
#12494=CARTESIAN_POINT('Origin',(-13.29,3.5,1.5));
#12495=CARTESIAN_POINT('',(-13.29,0.,1.5));
#12496=CARTESIAN_POINT('',(-13.29,0.,-1.5));
#12497=CARTESIAN_POINT('',(-13.29,0.,1.5));
#12498=CARTESIAN_POINT('',(-13.29,3.5,-1.5));
#12499=CARTESIAN_POINT('',(-13.29,3.5,-1.5));
#12500=CARTESIAN_POINT('',(-13.29,3.5,1.5));
#12501=CARTESIAN_POINT('',(-13.29,3.5,1.5));
#12502=CARTESIAN_POINT('',(-13.29,3.5,1.5));
#12503=CARTESIAN_POINT('Origin',(0.,-0.8,0.));
#12504=CARTESIAN_POINT('',(-13.9178802153517,-0.8,-2.6118802153517));
#12505=CARTESIAN_POINT('',(-13.9178802153517,-0.8,-3.45));
#12506=CARTESIAN_POINT('',(-13.9178802153517,-0.8,-3.45));
#12507=CARTESIAN_POINT('',(-15.256,-0.8,-2.6118802153517));
#12508=CARTESIAN_POINT('',(-15.256,-0.8,-2.6118802153517));
#12509=CARTESIAN_POINT('',(-15.256,-0.8,-3.45));
#12510=CARTESIAN_POINT('',(-15.256,-0.8,-3.45));
#12511=CARTESIAN_POINT('',(-15.256,-0.8,-3.45));
#12512=CARTESIAN_POINT('Origin',(-15.256,-0.8,-3.45));
#12513=CARTESIAN_POINT('',(-13.456,0.,-3.45));
#12514=CARTESIAN_POINT('',(-15.256,0.,-3.45));
#12515=CARTESIAN_POINT('',(-15.256,0.,-3.45));
#12516=CARTESIAN_POINT('',(-13.456,0.,-3.45));
#12517=CARTESIAN_POINT('',(-15.256,-0.8,-3.45));
#12518=CARTESIAN_POINT('Origin',(-15.256,-0.8,-3.45));
#12519=CARTESIAN_POINT('',(-15.256,0.,-2.15));
#12520=CARTESIAN_POINT('',(-15.256,0.,-3.45));
#12521=CARTESIAN_POINT('',(-15.256,-1.16291651245989,-2.82141016151378));
#12522=CARTESIAN_POINT('Origin',(-15.256,0.,-2.15));
#12523=CARTESIAN_POINT('',(-13.456,0.,-2.15));
#12524=CARTESIAN_POINT('',(-15.256,0.,-2.15));
#12525=CARTESIAN_POINT('',(-13.816,-0.623538290724796,-2.51));
#12526=CARTESIAN_POINT('Origin',(-13.456,0.,-3.45));
#12527=CARTESIAN_POINT('',(-13.456,0.,-3.45));
#12528=CARTESIAN_POINT('Origin',(0.,-0.8,0.));
#12529=CARTESIAN_POINT('',(-13.9178802153517,-0.8,2.6118802153517));
#12530=CARTESIAN_POINT('',(-13.9178802153517,-0.8,3.45));
#12531=CARTESIAN_POINT('',(-13.9178802153517,-0.8,3.45));
#12532=CARTESIAN_POINT('',(-15.256,-0.8,3.45));
#12533=CARTESIAN_POINT('',(-15.256,-0.8,3.45));
#12534=CARTESIAN_POINT('',(-15.256,-0.8,2.6118802153517));
#12535=CARTESIAN_POINT('',(-15.256,-0.8,3.45));
#12536=CARTESIAN_POINT('',(-15.256,-0.8,2.6118802153517));
#12537=CARTESIAN_POINT('Origin',(-15.256,0.,2.15));
#12538=CARTESIAN_POINT('',(-15.256,0.,2.15));
#12539=CARTESIAN_POINT('',(-13.456,0.,2.15));
#12540=CARTESIAN_POINT('',(-15.256,0.,2.15));
#12541=CARTESIAN_POINT('',(-13.716,-0.450333209967908,2.41));
#12542=CARTESIAN_POINT('',(-15.256,0.,2.15));
#12543=CARTESIAN_POINT('Origin',(-15.256,-0.8,3.45));
#12544=CARTESIAN_POINT('',(-15.256,0.,3.45));
#12545=CARTESIAN_POINT('',(-15.256,0.,3.45));
#12546=CARTESIAN_POINT('',(-15.256,-0.8,3.45));
#12547=CARTESIAN_POINT('Origin',(-15.256,-0.8,3.45));
#12548=CARTESIAN_POINT('',(-13.456,0.,3.45));
#12549=CARTESIAN_POINT('',(-15.256,0.,3.45));
#12550=CARTESIAN_POINT('',(-14.2524101615138,-1.37942286340599,3.45));
#12551=CARTESIAN_POINT('Origin',(-13.456,0.,3.45));
#12552=CARTESIAN_POINT('',(-13.456,0.,3.45));
#12553=CARTESIAN_POINT('Origin',(-12.2301,6.7,3.84999999999999));
#12554=CARTESIAN_POINT('',(-12.2301,14.,3.84999999999999));
#12555=CARTESIAN_POINT('',(-10.6301,14.,3.84999999999999));
#12556=CARTESIAN_POINT('',(-12.2301,14.,3.84999999999999));
#12557=CARTESIAN_POINT('',(-10.6301,6.7,3.84999999999999));
#12558=CARTESIAN_POINT('',(-12.2301,6.7,3.84999999999999));
#12559=CARTESIAN_POINT('Origin',(-12.2301,6.7,-3.85000000000001));
#12560=CARTESIAN_POINT('',(-12.2301,13.,0.95));
#12561=CARTESIAN_POINT('',(-12.2301,14.,1.95));
#12562=CARTESIAN_POINT('',(-12.2301,13.,0.95));
#12563=CARTESIAN_POINT('',(-12.2301,14.,-3.85000000000001));
#12564=CARTESIAN_POINT('',(-12.2301,6.7,0.95));
#12565=CARTESIAN_POINT('',(-12.2301,6.7,3.85000000000001));
#12566=CARTESIAN_POINT('',(-12.2301,6.7,0.95));
#12567=CARTESIAN_POINT('Origin',(-10.6301,6.7,-3.85000000000001));
#12568=CARTESIAN_POINT('',(-10.6301,6.7,0.95));
#12569=CARTESIAN_POINT('',(-10.6301,13.,0.95));
#12570=CARTESIAN_POINT('',(-10.6301,6.7,0.95));
#12571=CARTESIAN_POINT('',(-10.6301,6.7,3.85000000000001));
#12572=CARTESIAN_POINT('',(-10.6301,14.,1.95));
#12573=CARTESIAN_POINT('',(-10.6301,14.,-3.85000000000001));
#12574=CARTESIAN_POINT('',(-10.6301,13.,0.95));
#12575=CARTESIAN_POINT('Origin',(-12.2301,6.7,-3.85000000000001));
#12576=CARTESIAN_POINT('',(-10.6301,14.,-3.85000000000001));
#12577=CARTESIAN_POINT('',(-12.2301,14.,-3.85000000000001));
#12578=CARTESIAN_POINT('',(-12.2301,14.,-3.85000000000001));
#12579=CARTESIAN_POINT('',(-12.2301,6.7,-3.85000000000001));
#12580=CARTESIAN_POINT('',(-10.6301,6.7,-3.85000000000001));
#12581=CARTESIAN_POINT('Origin',(-12.2301,6.7,-3.85000000000001));
#12582=CARTESIAN_POINT('',(-12.2301,6.7,-0.950000000000002));
#12583=CARTESIAN_POINT('',(-12.2301,13.,-0.950000000000001));
#12584=CARTESIAN_POINT('',(-12.2301,6.7,-0.95));
#12585=CARTESIAN_POINT('',(-12.2301,6.7,-3.85000000000001));
#12586=CARTESIAN_POINT('',(-12.2301,14.,-1.95));
#12587=CARTESIAN_POINT('',(-12.2301,14.,-3.85000000000001));
#12588=CARTESIAN_POINT('',(-12.2301,13.,-0.95));
#12589=CARTESIAN_POINT('Origin',(-10.6301,6.7,-3.85000000000001));
#12590=CARTESIAN_POINT('',(-10.6301,13.,-0.95));
#12591=CARTESIAN_POINT('',(-10.6301,14.,-1.95));
#12592=CARTESIAN_POINT('',(-10.6301,13.,-0.95));
#12593=CARTESIAN_POINT('',(-10.6301,14.,-3.85000000000001));
#12594=CARTESIAN_POINT('',(-10.6301,6.7,-0.950000000000001));
#12595=CARTESIAN_POINT('',(-10.6301,6.7,-3.85000000000001));
#12596=CARTESIAN_POINT('',(-10.6301,6.7,-0.95));
#12597=CARTESIAN_POINT('Origin',(-14.126,13.,-0.95));
#12598=CARTESIAN_POINT('',(-15.126,14.,-1.95));
#12599=CARTESIAN_POINT('',(15.106,14.,-1.95));
#12600=CARTESIAN_POINT('',(-14.126,13.,-0.95));
#12601=CARTESIAN_POINT('',(-14.126,13.,-0.95));
#12602=CARTESIAN_POINT('',(-14.126,13.,-0.95));
#12603=CARTESIAN_POINT('Origin',(-14.126,13.,0.95));
#12604=CARTESIAN_POINT('',(-14.126,13.,0.95));
#12605=CARTESIAN_POINT('',(-14.126,13.,0.95));
#12606=CARTESIAN_POINT('',(-15.126,14.,1.95));
#12607=CARTESIAN_POINT('',(-14.126,13.,0.95));
#12608=CARTESIAN_POINT('',(15.106,14.,1.95));
#12609=CARTESIAN_POINT('Origin',(-14.126,13.,-0.95));
#12610=CARTESIAN_POINT('',(-15.126,14.,-3.85));
#12611=CARTESIAN_POINT('',(-14.126,13.,-0.95));
#12612=CARTESIAN_POINT('Origin',(-14.126,6.7,-0.95));
#12613=CARTESIAN_POINT('',(-14.126,6.7,-0.95));
#12614=CARTESIAN_POINT('',(-14.126,6.7,-0.95));
#12615=CARTESIAN_POINT('',(-14.126,6.7,-0.95));
#12616=CARTESIAN_POINT('Origin',(-14.126,6.7,-0.95));
#12617=CARTESIAN_POINT('',(-14.126,6.7,0.95));
#12618=CARTESIAN_POINT('',(-14.126,6.7,0.95));
#12619=CARTESIAN_POINT('',(-14.126,6.7,-0.95));
#12620=CARTESIAN_POINT('Origin',(-14.126,6.7,0.95));
#12621=CARTESIAN_POINT('',(-14.126,6.7,0.95));
#12622=CARTESIAN_POINT('Origin',(-15.106,14.,3.85));
#12623=CARTESIAN_POINT('',(-15.906,0.,3.85));
#12624=CARTESIAN_POINT('',(-15.106,0.,4.65));
#12625=CARTESIAN_POINT('Origin',(-15.106,0.,3.85));
#12626=CARTESIAN_POINT('',(-15.106,14.,4.65));
#12627=CARTESIAN_POINT('',(-15.106,14.,4.65));
#12628=CARTESIAN_POINT('',(-15.906,14.,3.85));
#12629=CARTESIAN_POINT('Origin',(-15.106,14.,3.85));
#12630=CARTESIAN_POINT('',(-15.906,14.,3.85));
#12631=CARTESIAN_POINT('Origin',(-15.906,14.,-3.85));
#12632=CARTESIAN_POINT('',(-15.906,0.,-3.85));
#12633=CARTESIAN_POINT('',(-15.906,0.,-3.85));
#12634=CARTESIAN_POINT('',(-15.906,14.,-3.85));
#12635=CARTESIAN_POINT('',(-15.906,14.,-3.85));
#12636=CARTESIAN_POINT('',(-15.906,14.,-3.85));
#12637=CARTESIAN_POINT('Origin',(-15.106,14.,-3.85));
#12638=CARTESIAN_POINT('',(-15.106,0.,-4.65));
#12639=CARTESIAN_POINT('Origin',(-15.106,0.,-3.85));
#12640=CARTESIAN_POINT('',(-15.106,14.,-4.65));
#12641=CARTESIAN_POINT('Origin',(-15.106,14.,-3.85));
#12642=CARTESIAN_POINT('',(-15.106,14.,-4.65));
#12643=CARTESIAN_POINT('Origin',(-15.106,14.,-4.65));
#12644=CARTESIAN_POINT('',(-20.186,0.,-4.65));
#12645=CARTESIAN_POINT('',(-20.186,14.,-4.65));
#12646=CARTESIAN_POINT('Origin',(-14.126,13.,-0.95));
#12647=CARTESIAN_POINT('',(15.106,14.,-1.95));
#12648=CARTESIAN_POINT('',(-14.126,13.,-0.95));
#12649=CARTESIAN_POINT('Origin',(-14.126,13.,0.95));
#12650=CARTESIAN_POINT('',(-14.126,13.,0.95));
#12651=CARTESIAN_POINT('',(15.106,14.,1.95));
#12652=CARTESIAN_POINT('Origin',(-14.126,6.7,-0.95));
#12653=CARTESIAN_POINT('',(-14.126,6.7,-0.95));
#12654=CARTESIAN_POINT('Origin',(-14.126,6.7,0.95));
#12655=CARTESIAN_POINT('',(-14.126,6.7,0.95));
#12656=CARTESIAN_POINT('Origin',(0.,3.5,0.));
#12657=CARTESIAN_POINT('',(-13.29,3.5,1.5));
#12658=CARTESIAN_POINT('',(-13.29,3.5,-1.5));
#12659=CARTESIAN_POINT('Origin',(-13.29,3.5,1.5));
#12660=CARTESIAN_POINT('',(-13.29,0.,1.5));
#12661=CARTESIAN_POINT('Origin',(-13.29,3.5,-1.5));
#12662=CARTESIAN_POINT('',(-13.29,0.,-1.5));
#12663=CARTESIAN_POINT('Origin',(0.,3.5,0.));
#12664=CARTESIAN_POINT('',(-18.37,3.5,1.5));
#12665=CARTESIAN_POINT('',(-18.37,3.5,-1.5));
#12666=CARTESIAN_POINT('Origin',(-13.29,3.5,1.5));
#12667=CARTESIAN_POINT('',(-13.29,0.,1.5));
#12668=CARTESIAN_POINT('Origin',(-13.29,3.5,-1.5));
#12669=CARTESIAN_POINT('',(-18.37,0.,-1.5));
#12670=CARTESIAN_POINT('Origin',(15.106,0.,-3.85));
#12671=CARTESIAN_POINT('',(-15.106,0.,4.65));
#12672=CARTESIAN_POINT('',(-10.93,0.,-2.74));
#12673=CARTESIAN_POINT('',(-11.93,0.,-2.74));
#12674=CARTESIAN_POINT('',(-11.93,0.,-2.74));
#12675=CARTESIAN_POINT('',(-11.93,0.,-2.34));
#12676=CARTESIAN_POINT('',(-11.93,0.,-2.74));
#12677=CARTESIAN_POINT('',(-10.93,0.,-2.34));
#12678=CARTESIAN_POINT('',(-11.93,0.,-2.34));
#12679=CARTESIAN_POINT('',(-10.93,0.,-2.74));
#12680=CARTESIAN_POINT('',(-11.93,0.,2.74));
#12681=CARTESIAN_POINT('',(-11.93,0.,2.34));
#12682=CARTESIAN_POINT('',(-11.93,0.,2.74));
#12683=CARTESIAN_POINT('',(-10.93,0.,2.74));
#12684=CARTESIAN_POINT('',(-11.93,0.,2.74));
#12685=CARTESIAN_POINT('',(-10.93,0.,2.34));
#12686=CARTESIAN_POINT('',(-10.93,0.,2.74));
#12687=CARTESIAN_POINT('',(-11.93,0.,2.34));
#12688=CARTESIAN_POINT('Origin',(-11.93,14.,-2.74));
#12689=CARTESIAN_POINT('',(-10.93,14.,-2.74));
#12690=CARTESIAN_POINT('',(-11.93,14.,-2.74));
#12691=CARTESIAN_POINT('Origin',(-10.93,14.,-2.74));
#12692=CARTESIAN_POINT('',(-10.93,14.,-2.34));
#12693=CARTESIAN_POINT('Origin',(-11.93,14.,-2.34));
#12694=CARTESIAN_POINT('',(-11.93,14.,-2.34));
#12695=CARTESIAN_POINT('Origin',(-11.93,14.,-2.74));
#12696=CARTESIAN_POINT('Origin',(-11.93,14.,2.34));
#12697=CARTESIAN_POINT('',(-11.93,14.,2.34));
#12698=CARTESIAN_POINT('',(-10.93,14.,2.34));
#12699=CARTESIAN_POINT('Origin',(-10.93,14.,2.74));
#12700=CARTESIAN_POINT('',(-10.93,14.,2.74));
#12701=CARTESIAN_POINT('Origin',(-11.93,14.,2.74));
#12702=CARTESIAN_POINT('',(-11.93,14.,2.74));
#12703=CARTESIAN_POINT('Origin',(-11.93,14.,2.74));
#12704=CARTESIAN_POINT('Origin',(0.,6.7,0.));
#12705=CARTESIAN_POINT('Origin',(15.106,14.,-3.85));
#12706=CARTESIAN_POINT('',(-15.106,14.,4.65));
#12707=CARTESIAN_POINT('Origin',(-15.106,14.,4.65));
#12708=CARTESIAN_POINT('',(0.,0.,0.));
#12709=CARTESIAN_POINT('Origin',(-11.0320009717681,-0.958632663315409,-3.14364874745906E-15));
#12710=CARTESIAN_POINT('',(-10.9883681059459,-0.879916889672845,0.249999999999996));
#12711=CARTESIAN_POINT('',(-10.9883681059459,-0.879916889672854,-0.250000000000001));
#12712=CARTESIAN_POINT('Origin',(-10.9883681059459,-0.879916889672846,-3.121687045815E-15));
#12713=CARTESIAN_POINT('',(-10.8865580856942,-0.696246751173572,-0.250000000000002));
#12714=CARTESIAN_POINT('',(-11.0320009717681,-0.958632663315409,-0.250000000000001));
#12715=CARTESIAN_POINT('',(-10.8865580856942,-0.696246751173592,0.249999999999996));
#12716=CARTESIAN_POINT('Origin',(-10.8865580856942,-0.696246751173592,-3.07044307531229E-15));
#12717=CARTESIAN_POINT('',(-11.0320009717681,-0.958632663315408,0.249999999999996));
#12718=CARTESIAN_POINT('Origin',(-17.3717097601768,0.291875690412801,1.22525788337899));
#12719=CARTESIAN_POINT('',(-17.3717097601768,1.0018756904128,-0.249999999999998));
#12720=CARTESIAN_POINT('',(-17.6829532743971,-0.346268082459671,-0.249999999999998));
#12721=CARTESIAN_POINT('Origin',(-17.3717097601768,0.291875690412801,-0.249999999999998));
#12722=CARTESIAN_POINT('',(-17.3717097601768,1.0018756904128,-0.699999999999998));
#12723=CARTESIAN_POINT('',(-17.3717097601768,1.0018756904128,-0.699999999999998));
#12724=CARTESIAN_POINT('',(-17.6829532743971,-0.346268082459604,-0.699999999999998));
#12725=CARTESIAN_POINT('Origin',(-17.3717097601768,0.291875690412801,-0.699999999999998));
#12726=CARTESIAN_POINT('',(-17.6829532743971,-0.346268082459604,0.700000000000005));
#12727=CARTESIAN_POINT('Origin',(-17.3717097601768,0.291875690412801,1.22525788337899));
#12728=CARTESIAN_POINT('',(-17.3717097601768,0.7918756904128,-0.249999999999998));
#12729=CARTESIAN_POINT('',(-17.5908953335713,-0.15752133273678,-0.249999999999998));
#12730=CARTESIAN_POINT('Origin',(-17.3717097601768,0.291875690412801,-0.249999999999998));
#12731=CARTESIAN_POINT('',(-17.5908953335714,-0.157521332736775,-0.699999999999998));
#12732=CARTESIAN_POINT('',(-17.5908953335713,-0.15752133273678,0.700000000000005));
#12733=CARTESIAN_POINT('',(-17.3717097601768,0.791875690412801,-0.699999999999998));
#12734=CARTESIAN_POINT('Origin',(-17.3717097601768,0.291875690412801,-0.699999999999998));
#12735=CARTESIAN_POINT('',(-17.3717097601768,0.791875690412801,-0.699999999999998));
#12736=CARTESIAN_POINT('Origin',(-17.3717097601768,0.291875690412801,2.17525788337899));
#12737=CARTESIAN_POINT('',(-17.3717097601768,1.0018756904128,0.700000000000006));
#12738=CARTESIAN_POINT('',(-17.6829532743971,-0.346268082459604,0.700000000000005));
#12739=CARTESIAN_POINT('Origin',(-17.3717097601768,0.291875690412801,0.700000000000006));
#12740=CARTESIAN_POINT('',(-17.3717097601768,1.00187569041288,0.249999999999998));
#12741=CARTESIAN_POINT('',(-17.3717097601768,1.0018756904128,-0.699999999999998));
#12742=CARTESIAN_POINT('',(-17.6829532743971,-0.346268082459602,0.249999999999999));
#12743=CARTESIAN_POINT('Origin',(-17.3717097601768,0.291875690412801,0.249999999999999));
#12744=CARTESIAN_POINT('',(-17.6829532743971,-0.346268082459604,0.700000000000005));
#12745=CARTESIAN_POINT('Origin',(-17.3717097601768,0.291875690412801,2.17525788337899));
#12746=CARTESIAN_POINT('',(-17.3717097601768,0.791875690412801,0.700000000000005));
#12747=CARTESIAN_POINT('',(-17.5908953335714,-0.157521332736778,0.700000000000005));
#12748=CARTESIAN_POINT('Origin',(-17.3717097601768,0.291875690412801,0.700000000000005));
#12749=CARTESIAN_POINT('',(-17.5908953335714,-0.157521332736778,0.249999999999998));
#12750=CARTESIAN_POINT('',(-17.5908953335713,-0.15752133273678,0.700000000000005));
#12751=CARTESIAN_POINT('',(-17.3717097601768,0.7918756904128,0.249999999999998));
#12752=CARTESIAN_POINT('Origin',(-17.3717097601768,0.291875690412801,0.249999999999998));
#12753=CARTESIAN_POINT('',(-17.3717097601768,0.791875690412801,-0.699999999999998));
#12754=CARTESIAN_POINT('Origin',(0.,0.,0.));
#12755=CARTESIAN_POINT('',(-9.29282032302755,0.,0.500000000000004));
#12756=CARTESIAN_POINT('',(-9.29282032302755,0.,-0.499999999999998));
#12757=CARTESIAN_POINT('',(-9.29282032302755,0.,0.));
#12758=CARTESIAN_POINT('',(-4.99282032302755,0.,0.500000000000002));
#12759=CARTESIAN_POINT('',(-4.99282032302755,0.,0.500000000000002));
#12760=CARTESIAN_POINT('',(-4.64641016151377,0.,0.300000000000001));
#12761=CARTESIAN_POINT('',(-4.64641016151377,0.,0.300000000000001));
#12762=CARTESIAN_POINT('',(-0.346410161513774,0.,0.3));
#12763=CARTESIAN_POINT('',(-0.346410161513774,0.,0.3));
#12764=CARTESIAN_POINT('',(4.06575814682064E-17,0.,0.1));
#12765=CARTESIAN_POINT('',(4.06575814682064E-17,0.,0.1));
#12766=CARTESIAN_POINT('',(4.06575814682064E-17,0.,-0.1));
#12767=CARTESIAN_POINT('',(4.06575814682064E-17,0.,-0.1));
#12768=CARTESIAN_POINT('',(-0.346410161513774,0.,-0.3));
#12769=CARTESIAN_POINT('',(-0.346410161513774,0.,-0.3));
#12770=CARTESIAN_POINT('',(-4.64641016151377,0.,-0.299999999999998));
#12771=CARTESIAN_POINT('',(-4.64641016151377,0.,-0.299999999999998));
#12772=CARTESIAN_POINT('',(-4.99282032302755,0.,-0.499999999999999));
#12773=CARTESIAN_POINT('',(-4.64641016151377,0.,-0.299999999999998));
#12774=CARTESIAN_POINT('',(-4.99282032302755,0.,-0.499999999999999));
#12775=CARTESIAN_POINT('',(-5.39014083097255,-1.35525271560688E-17,-0.100499152304311));
#12776=CARTESIAN_POINT('',(-5.79979260163211,-6.35274710440725E-19,-0.348421846684436));
#12777=CARTESIAN_POINT('Origin',(-5.91014083097255,-2.50200530069957E-17,
-0.0926361611944263));
#12778=CARTESIAN_POINT('',(-5.39014083097255,-1.35525271560688E-17,0.100499152304311));
#12779=CARTESIAN_POINT('',(-5.39014083097255,0.,0.));
#12780=CARTESIAN_POINT('',(-5.79979260163211,-6.35274710440725E-19,0.348421846684436));
#12781=CARTESIAN_POINT('Origin',(-5.91014083097262,-2.50200530069998E-17,
0.0926361611943928));
#12782=CARTESIAN_POINT('',(-5.8235382907248,3.3881317890172E-18,0.349529216124627));
#12783=CARTESIAN_POINT('Origin',(-5.8235382907248,0.,0.0943821996663793));
#12784=CARTESIAN_POINT('',(-7.26928203230275,1.35525271560688E-17,0.349529216124627));
#12785=CARTESIAN_POINT('',(-6.54641016151377,0.,0.349529216124627));
#12786=CARTESIAN_POINT('',(-7.29302772139544,-4.2351647362715E-19,0.348421846684436));
#12787=CARTESIAN_POINT('Origin',(-7.26928203230275,0.,0.0943821996663793));
#12788=CARTESIAN_POINT('',(-7.702679492055,4.87890977618477E-16,0.100499152304311));
#12789=CARTESIAN_POINT('Origin',(-7.18267949205486,8.59644209285378E-16,
0.0926361611943746));
#12790=CARTESIAN_POINT('',(-7.702679492055,5.50571415715295E-16,-0.100499152304311));
#12791=CARTESIAN_POINT('',(-7.702679492055,0.,0.));
#12792=CARTESIAN_POINT('',(-7.29302772139544,-4.2351647362715E-19,-0.348421846684436));
#12793=CARTESIAN_POINT('Origin',(-7.18267949205495,9.7018056286836E-16,
-0.0926361611944115));
#12794=CARTESIAN_POINT('',(-7.26928203230275,1.35525271560688E-17,-0.349529216124627));
#12795=CARTESIAN_POINT('Origin',(-7.26928203230275,0.,-0.0943821996663793));
#12796=CARTESIAN_POINT('',(-5.8235382907248,3.3881317890172E-18,-0.349529216124627));
#12797=CARTESIAN_POINT('',(-6.54641016151377,0.,-0.349529216124627));
#12798=CARTESIAN_POINT('Origin',(-5.8235382907248,0.,-0.0943821996663793));
#12799=CARTESIAN_POINT('Origin',(-4.71054142459337,-6.67333609390695,0.));
#12800=CARTESIAN_POINT('',(-14.7259208620728,-1.78850915539574,0.249999999999998));
#12801=CARTESIAN_POINT('',(-19.1445031827036,0.366577437636843,0.249999999999998));
#12802=CARTESIAN_POINT('',(-14.7259208620728,-1.7885091553957,0.700000000000005));
#12803=CARTESIAN_POINT('',(-14.7259208620728,-1.7885091553957,0.));
#12804=CARTESIAN_POINT('',(-4.71054142459337,-6.67333609390695,0.700000000000005));
#12805=CARTESIAN_POINT('Origin',(-4.61848348376767,-6.48458934418413,0.));
#12806=CARTESIAN_POINT('',(-14.6338629212471,-1.59976240567288,0.249999999999998));
#12807=CARTESIAN_POINT('',(-4.61848348376767,-6.48458934418413,0.249999999999999));
#12808=CARTESIAN_POINT('',(-14.6338629212471,-1.59976240567288,0.700000000000005));
#12809=CARTESIAN_POINT('',(-19.5374476973189,0.791875690412816,0.700000000000005));
#12810=CARTESIAN_POINT('',(-14.6338629212471,-1.59976240567288,0.700000000000005));
#12811=CARTESIAN_POINT('Origin',(-14.7259208620728,-1.7885091553957,-0.699999999999998));
#12812=CARTESIAN_POINT('',(-17.5908953335713,-0.15752133273678,-0.699999999999998));
#12813=CARTESIAN_POINT('',(-14.6338629212471,-1.59976240567288,-0.699999999999998));
#12814=CARTESIAN_POINT('',(-14.6338629212471,-1.59976240567288,-0.699999999999998));
#12815=CARTESIAN_POINT('',(-14.7259208620728,-1.78850915539569,-0.699999999999999));
#12816=CARTESIAN_POINT('',(-14.7259208620728,-1.7885091553957,-0.699999999999998));
#12817=CARTESIAN_POINT('',(-4.71054142459337,-6.67333609390695,-0.699999999999998));
#12818=CARTESIAN_POINT('Origin',(-19.6295056381446,0.603128940689993,0.700000000000005));
#12819=CARTESIAN_POINT('',(-17.6829532743971,-0.346268082459604,0.700000000000005));
#12820=CARTESIAN_POINT('',(-14.7259208620728,-1.7885091553957,0.700000000000005));
#12821=CARTESIAN_POINT('Origin',(-4.71054142459337,-6.67333609390695,0.));
#12822=CARTESIAN_POINT('',(-14.7259208620728,-1.78850915539574,-0.249999999999998));
#12823=CARTESIAN_POINT('',(-14.7259208620728,-1.7885091553957,0.));
#12824=CARTESIAN_POINT('',(-19.1445031827036,0.366577437636843,-0.249999999999998));
#12825=CARTESIAN_POINT('Origin',(-4.61848348376767,-6.48458934418413,0.));
#12826=CARTESIAN_POINT('',(-14.6338629212471,-1.59976240567288,-0.249999999999998));
#12827=CARTESIAN_POINT('',(-4.61848348376767,-6.48458934418413,-0.249999999999999));
#12828=CARTESIAN_POINT('',(-14.6338629212471,-1.59976240567288,0.700000000000005));
#12829=CARTESIAN_POINT('Origin',(-19.0129918386668,0.636215651526596,0.249999999999998));
#12830=CARTESIAN_POINT('',(-14.7259208620728,-1.78850915539574,0.249999999999998));
#12831=CARTESIAN_POINT('',(-17.5908953335713,-0.15752133273678,0.249999999999998));
#12832=CARTESIAN_POINT('Origin',(-19.0129918386668,0.636215651526596,-0.249999999999998));
#12833=CARTESIAN_POINT('',(-14.6338629212471,-1.59976240567288,-0.249999999999998));
#12834=CARTESIAN_POINT('',(-17.6829532743971,-0.346268082459671,-0.249999999999998));
#12835=CARTESIAN_POINT('Origin',(-4.64641016151377,-0.21,0.300000000000001));
#12836=CARTESIAN_POINT('',(-4.99282032302755,-0.21,0.500000000000002));
#12837=CARTESIAN_POINT('',(-4.99282032302755,-0.21,0.500000000000002));
#12838=CARTESIAN_POINT('',(-4.64641016151377,-0.21,0.300000000000001));
#12839=CARTESIAN_POINT('',(-4.64641016151377,-0.21,0.300000000000001));
#12840=CARTESIAN_POINT('',(-4.64641016151377,-0.21,0.300000000000001));
#12841=CARTESIAN_POINT('Origin',(-0.346410161513774,-0.21,0.3));
#12842=CARTESIAN_POINT('',(-0.346410161513774,-0.21,0.3));
#12843=CARTESIAN_POINT('',(-0.346410161513774,-0.21,0.3));
#12844=CARTESIAN_POINT('',(-0.346410161513774,-0.21,0.3));
#12845=CARTESIAN_POINT('Origin',(4.06575814682064E-17,-0.21,0.1));
#12846=CARTESIAN_POINT('',(4.06575814682064E-17,-0.21,0.1));
#12847=CARTESIAN_POINT('',(4.06575814682064E-17,-0.21,0.1));
#12848=CARTESIAN_POINT('',(4.06575814682064E-17,-0.21,0.1));
#12849=CARTESIAN_POINT('Origin',(4.06575814682064E-17,-0.21,-0.1));
#12850=CARTESIAN_POINT('',(4.06575814682064E-17,-0.21,-0.1));
#12851=CARTESIAN_POINT('',(4.06575814682064E-17,-0.21,-0.1));
#12852=CARTESIAN_POINT('',(4.06575814682064E-17,-0.21,-0.1));
#12853=CARTESIAN_POINT('Origin',(-0.346410161513774,-0.21,-0.3));
#12854=CARTESIAN_POINT('',(-0.346410161513774,-0.21,-0.3));
#12855=CARTESIAN_POINT('',(-0.346410161513774,-0.21,-0.3));
#12856=CARTESIAN_POINT('',(-0.346410161513774,-0.21,-0.3));
#12857=CARTESIAN_POINT('Origin',(-4.64641016151377,-0.21,-0.299999999999998));
#12858=CARTESIAN_POINT('',(-4.64641016151377,-0.21,-0.299999999999998));
#12859=CARTESIAN_POINT('',(-4.64641016151377,-0.21,-0.299999999999998));
#12860=CARTESIAN_POINT('',(-4.64641016151377,-0.21,-0.299999999999998));
#12861=CARTESIAN_POINT('Origin',(-4.64641016151377,-0.21,-0.299999999999998));
#12862=CARTESIAN_POINT('',(-4.99282032302755,-0.21,-0.499999999999999));
#12863=CARTESIAN_POINT('',(-4.64641016151377,-0.21,-0.299999999999998));
#12864=CARTESIAN_POINT('',(-4.99282032302755,-0.21,-0.499999999999999));
#12865=CARTESIAN_POINT('Origin',(-4.99282032302755,-0.21,-0.499999999999999));
#12866=CARTESIAN_POINT('',(-9.29282032302755,-0.21,-0.499999999999999));
#12867=CARTESIAN_POINT('',(-4.99282032302755,-0.21,-0.499999999999999));
#12868=CARTESIAN_POINT('',(-9.29282032302755,0.,-0.499999999999998));
#12869=CARTESIAN_POINT('Origin',(-4.99282032302755,-0.21,0.500000000000002));
#12870=CARTESIAN_POINT('',(-9.29282032302755,-0.21,0.500000000000004));
#12871=CARTESIAN_POINT('',(-9.29282032302755,0.,0.500000000000004));
#12872=CARTESIAN_POINT('',(-4.99282032302755,-0.21,0.500000000000002));
#12873=CARTESIAN_POINT('Origin',(0.,-0.21,0.));
#12874=CARTESIAN_POINT('',(-9.29282032302755,-0.21,0.));
#12875=CARTESIAN_POINT('',(-5.44641016151377,-0.209999999924548,0.0650552985239356));
#12876=CARTESIAN_POINT('',(-5.44641016151377,-0.209999999924548,-0.0650552985206357));
#12877=CARTESIAN_POINT('',(-5.44641016151377,-0.209999999924548,0.15));
#12878=CARTESIAN_POINT('',(-5.62696793174749,-0.209999999924548,-0.198284438740354));
#12879=CARTESIAN_POINT('Ctrl Pts',(-5.62696793174749,-0.209999999924548,
-0.198284438740354));
#12880=CARTESIAN_POINT('Ctrl Pts',(-5.61966732323928,-0.209999999924548,
-0.198284436916394));
#12881=CARTESIAN_POINT('Ctrl Pts',(-5.61176925679772,-0.209999999927067,
-0.198070994635853));
#12882=CARTESIAN_POINT('Ctrl Pts',(-5.60344286552586,-0.209999999914216,
-0.197557209511761));
#12883=CARTESIAN_POINT('Ctrl Pts',(-5.5953888799357,-0.209999999901785,
-0.197060233348767));
#12884=CARTESIAN_POINT('Ctrl Pts',(-5.58693417678536,-0.209999999872574,
-0.196281826565611));
#12885=CARTESIAN_POINT('Ctrl Pts',(-5.57827559935367,-0.209999999807401,
-0.195166508239918));
#12886=CARTESIAN_POINT('Ctrl Pts',(-5.5696033188419,-0.209999999742126,
-0.194049424809456));
#12887=CARTESIAN_POINT('Ctrl Pts',(-5.56072665426782,-0.209999999640021,
-0.192594039426253));
#12888=CARTESIAN_POINT('Ctrl Pts',(-5.55188708710153,-0.209999999501976,
-0.190773903607676));
#12889=CARTESIAN_POINT('Ctrl Pts',(-5.54272870442951,-0.209999999358953,
-0.188888121190052));
#12890=CARTESIAN_POINT('Ctrl Pts',(-5.53361046091359,-0.209999999177961,
-0.186610475258476));
#12891=CARTESIAN_POINT('Ctrl Pts',(-5.52484481744401,-0.209999998983171,
-0.183948316949531));
#12892=CARTESIAN_POINT('Ctrl Pts',(-5.52007669498534,-0.209999998877214,
-0.18250022054161));
#12893=CARTESIAN_POINT('Ctrl Pts',(-5.51541363663522,-0.209999998767533,
-0.180939017860811));
#12894=CARTESIAN_POINT('Ctrl Pts',(-5.51091025962115,-0.209999998658952,
-0.17927057152867));
#12895=CARTESIAN_POINT('Ctrl Pts',(-5.50278727461312,-0.209999998463096,
-0.176261104521947));
#12896=CARTESIAN_POINT('Ctrl Pts',(-5.4951895015252,-0.209999998271448,
-0.172941518386892));
#12897=CARTESIAN_POINT('Ctrl Pts',(-5.48822727967621,-0.209999998109139,
-0.169385664615405));
#12898=CARTESIAN_POINT('Ctrl Pts',(-5.48113741277919,-0.209999997943855,
-0.165764617988064));
#12899=CARTESIAN_POINT('Ctrl Pts',(-5.47470671055506,-0.209999997809621,
-0.161898979116648));
#12900=CARTESIAN_POINT('Ctrl Pts',(-5.46900556170513,-0.209999997716574,
-0.157896761091232));
#12901=CARTESIAN_POINT('Ctrl Pts',(-5.46305364514631,-0.209999997619434,
-0.153718503626899));
#12902=CARTESIAN_POINT('Ctrl Pts',(-5.45789700105092,-0.209999997567005,
-0.149392020753017));
#12903=CARTESIAN_POINT('Ctrl Pts',(-5.45356380709902,-0.209999997548914,
-0.145064703749081));
#12904=CARTESIAN_POINT('Ctrl Pts',(-5.4517188540654,-0.209999997541212,
-0.143222252955866));
#12905=CARTESIAN_POINT('Ctrl Pts',(-5.45002254421031,-0.209999997539495,
-0.141379885869495));
#12906=CARTESIAN_POINT('Ctrl Pts',(-5.44847434686829,-0.209999997542217,
-0.139549737825301));
#12907=CARTESIAN_POINT('Ctrl Pts',(-5.44445826136144,-0.20999999754928,
-0.134802260978393));
#12908=CARTESIAN_POINT('Ctrl Pts',(-5.44137236712984,-0.209999997588953,
-0.130137474623578));
#12909=CARTESIAN_POINT('Ctrl Pts',(-5.43906762847109,-0.209999997644144,
-0.125625919700497));
#12910=CARTESIAN_POINT('Ctrl Pts',(-5.43640062368527,-0.209999997708011,
-0.120405224275609));
#12911=CARTESIAN_POINT('Ctrl Pts',(-5.43477812297638,-0.20999999779087,
-0.115390624774706));
#12912=CARTESIAN_POINT('Ctrl Pts',(-5.43389813438721,-0.209999997899161,
-0.110675808413974));
#12913=CARTESIAN_POINT('Ctrl Pts',(-5.43334335039562,-0.209999997967433,
-0.107703378234252));
#12914=CARTESIAN_POINT('Ctrl Pts',(-5.4330823204428,-0.209999998046955,
-0.104849730495672));
#12915=CARTESIAN_POINT('Ctrl Pts',(-5.43303388569839,-0.209999998144887,
-0.102133231589999));
#12916=CARTESIAN_POINT('Ctrl Pts',(-5.43297231964591,-0.20999999826937,
-0.0986802534393778));
#12917=CARTESIAN_POINT('Ctrl Pts',(-5.43325021624235,-0.209999998423301,
-0.0950882788176045));
#12918=CARTESIAN_POINT('Ctrl Pts',(-5.43395870177309,-0.209999998606491,
-0.091416628298452));
#12919=CARTESIAN_POINT('Ctrl Pts',(-5.43464350750893,-0.209999998783558,
-0.0878676957847508));
#12920=CARTESIAN_POINT('Ctrl Pts',(-5.43573098885152,-0.209999998990854,
-0.0842445006028413));
#12921=CARTESIAN_POINT('Ctrl Pts',(-5.437255680885,-0.209999999209068,-0.0806036740224169));
#12922=CARTESIAN_POINT('Ctrl Pts',(-5.43875050039835,-0.209999999423006,
-0.0770341803164233));
#12923=CARTESIAN_POINT('Ctrl Pts',(-5.44066569985584,-0.209999999652999,
-0.0734478644175525));
#12924=CARTESIAN_POINT('Ctrl Pts',(-5.44298324157836,-0.209999999799918,
-0.0698989145204956));
#12925=CARTESIAN_POINT('Ctrl Pts',(-5.44404380214208,-0.209999999867151,
-0.0682748331644505));
#12926=CARTESIAN_POINT('Ctrl Pts',(-5.44518790219737,-0.209999999915347,
-0.0666585770418711));
#12927=CARTESIAN_POINT('Ctrl Pts',(-5.44641016151377,-0.209999999923388,
-0.0650552985206357));
#12928=CARTESIAN_POINT('',(-7.46585239128006,-0.209999999924548,-0.198284438740354));
#12929=CARTESIAN_POINT('',(-6.54641016151377,-0.209999999924548,-0.198284438740354));
#12930=CARTESIAN_POINT('',(-7.64641016151377,-0.209999999924548,-0.0650552985239353));
#12931=CARTESIAN_POINT('Ctrl Pts',(-7.64641016151377,-0.209999999923388,
-0.0650552985239353));
#12932=CARTESIAN_POINT('Ctrl Pts',(-7.649085224717,-0.209999999905788,-0.0685642686084385));
#12933=CARTESIAN_POINT('Ctrl Pts',(-7.65138242426216,-0.209999999708175,
-0.0721354572766792));
#12934=CARTESIAN_POINT('Ctrl Pts',(-7.65325966855438,-0.209999999500454,
-0.0757146142794325));
#12935=CARTESIAN_POINT('Ctrl Pts',(-7.65515930952864,-0.209999999290254,
-0.0793364728323657));
#12936=CARTESIAN_POINT('Ctrl Pts',(-7.65662896813924,-0.209999999062555,
-0.0829663765427645));
#12937=CARTESIAN_POINT('Ctrl Pts',(-7.65767916636374,-0.20999999886355,
-0.0865481416309192));
#12938=CARTESIAN_POINT('Ctrl Pts',(-7.65877967412533,-0.209999998655012,
-0.0903014904632846));
#12939=CARTESIAN_POINT('Ctrl Pts',(-7.65941969859673,-0.209999998473444,
-0.0940017972634597));
#12940=CARTESIAN_POINT('Ctrl Pts',(-7.65966964964382,-0.20999999832262,
-0.097586732338634));
#12941=CARTESIAN_POINT('Ctrl Pts',(-7.65977690054598,-0.209999998257903,
-0.0991249836302271));
#12942=CARTESIAN_POINT('Ctrl Pts',(-7.65981302507285,-0.209999998198646,
-0.100642038010798));
#12943=CARTESIAN_POINT('Ctrl Pts',(-7.65978643732793,-0.209999998144887,
-0.102133231591199));
#12944=CARTESIAN_POINT('Ctrl Pts',(-7.65970024941176,-0.20999999797062,
-0.106967145400079));
#12945=CARTESIAN_POINT('Ctrl Pts',(-7.65893950775078,-0.209999997852945,
-0.112237764276832));
#12946=CARTESIAN_POINT('Ctrl Pts',(-7.65705190723214,-0.209999997757801,
-0.117832246715996));
#12947=CARTESIAN_POINT('Ctrl Pts',(-7.65558407364811,-0.209999997683816,
-0.122182621240871));
#12948=CARTESIAN_POINT('Ctrl Pts',(-7.65343331345972,-0.209999997623564,
-0.126727654387205));
#12949=CARTESIAN_POINT('Ctrl Pts',(-7.65041649934407,-0.209999997584156,
-0.13139963371936));
#12950=CARTESIAN_POINT('Ctrl Pts',(-7.648686090653,-0.209999997561552,-0.134079425490072));
#12951=CARTESIAN_POINT('Ctrl Pts',(-7.64667143242189,-0.209999997546307,
-0.136800779977748));
#12952=CARTESIAN_POINT('Ctrl Pts',(-7.64434597615773,-0.209999997542217,
-0.139549737825758));
#12953=CARTESIAN_POINT('Ctrl Pts',(-7.64072834267875,-0.209999997535855,
-0.143826198362365));
#12954=CARTESIAN_POINT('Ctrl Pts',(-7.63629878506244,-0.209999997554477,
-0.148168600957182));
#12955=CARTESIAN_POINT('Ctrl Pts',(-7.63106403492565,-0.209999997614797,
-0.152425277483354));
#12956=CARTESIAN_POINT('Ctrl Pts',(-7.6259880077272,-0.209999997673287,
-0.156552887255987));
#12957=CARTESIAN_POINT('Ctrl Pts',(-7.62015482524182,-0.209999997771589,
-0.160599166248214));
#12958=CARTESIAN_POINT('Ctrl Pts',(-7.61361564950213,-0.209999997908467,
-0.164442801054659));
#12959=CARTESIAN_POINT('Ctrl Pts',(-7.60726088326814,-0.209999998041484,
-0.168178042567673));
#12960=CARTESIAN_POINT('Ctrl Pts',(-7.6002394774762,-0.209999998210651,
-0.171721461100463));
#12961=CARTESIAN_POINT('Ctrl Pts',(-7.59264122021464,-0.20999999839694,
-0.174986421811635));
#12962=CARTESIAN_POINT('Ctrl Pts',(-7.58917950055131,-0.209999998481812,
-0.176473917997248));
#12963=CARTESIAN_POINT('Ctrl Pts',(-7.58559863500412,-0.209999998570015,
-0.17790400067835));
#12964=CARTESIAN_POINT('Ctrl Pts',(-7.58191006340509,-0.209999998658951,
-0.17927057152863));
#12965=CARTESIAN_POINT('Ctrl Pts',(-7.57354457264693,-0.209999998860654,
-0.182369883962032));
#12966=CARTESIAN_POINT('Ctrl Pts',(-7.56463004323271,-0.209999999065996,
-0.185096824559795));
#12967=CARTESIAN_POINT('Ctrl Pts',(-7.55550893086185,-0.209999999244567,
-0.187422805056013));
#12968=CARTESIAN_POINT('Ctrl Pts',(-7.54678577907436,-0.209999999415347,
-0.189647301378204));
#12969=CARTESIAN_POINT('Ctrl Pts',(-7.53787416156095,-0.209999999560447,
-0.191505304308656));
#12970=CARTESIAN_POINT('Ctrl Pts',(-7.52903892701275,-0.209999999666308,
-0.193005555239657));
#12971=CARTESIAN_POINT('Ctrl Pts',(-7.52023882695927,-0.209999999771749,
-0.194499840221692));
#12972=CARTESIAN_POINT('Ctrl Pts',(-7.5115148172556,-0.209999999838211,
-0.195639430402198));
#12973=CARTESIAN_POINT('Ctrl Pts',(-7.50308727538816,-0.209999999875089,
-0.196464130493535));
#12974=CARTESIAN_POINT('Ctrl Pts',(-7.49443609042291,-0.209999999912946,
-0.197310715790083));
#12975=CARTESIAN_POINT('Ctrl Pts',(-7.48609751089626,-0.209999999921144,
-0.197825797136718));
#12976=CARTESIAN_POINT('Ctrl Pts',(-7.47826201969947,-0.209999999923532,
-0.198081522293833));
#12977=CARTESIAN_POINT('Ctrl Pts',(-7.47396666197359,-0.209999999924841,
-0.19822170891414));
#12978=CARTESIAN_POINT('Ctrl Pts',(-7.46982163080002,-0.209999999924548,
-0.198284437748692));
#12979=CARTESIAN_POINT('Ctrl Pts',(-7.46585239128006,-0.209999999924548,
-0.198284438740354));
#12980=CARTESIAN_POINT('',(-7.64641016151439,-0.209999999924548,0.0650552985201949));
#12981=CARTESIAN_POINT('',(-7.64641016151377,-0.209999999924548,0.15));
#12982=CARTESIAN_POINT('',(-7.46585239128006,-0.209999999924548,0.198284438740444));
#12983=CARTESIAN_POINT('Ctrl Pts',(-7.46585239128006,-0.209999999924548,
0.198284438740354));
#12984=CARTESIAN_POINT('Ctrl Pts',(-7.47315299978818,-0.209999999924548,
0.198284436916394));
#12985=CARTESIAN_POINT('Ctrl Pts',(-7.48105106622965,-0.209999999927067,
0.198070994635865));
#12986=CARTESIAN_POINT('Ctrl Pts',(-7.48937745750141,-0.209999999914216,
0.197557209511798));
#12987=CARTESIAN_POINT('Ctrl Pts',(-7.49743144309147,-0.209999999901785,
0.197060233348828));
#12988=CARTESIAN_POINT('Ctrl Pts',(-7.50588614624171,-0.209999999872574,
0.196281826565708));
#12989=CARTESIAN_POINT('Ctrl Pts',(-7.51454472367331,-0.209999999807401,
0.195166508240062));
#12990=CARTESIAN_POINT('Ctrl Pts',(-7.52321700418497,-0.209999999742126,
0.194049424809649));
#12991=CARTESIAN_POINT('Ctrl Pts',(-7.53209366875895,-0.209999999640021,
0.192594039426506));
#12992=CARTESIAN_POINT('Ctrl Pts',(-7.54093323592514,-0.209999999501976,
0.190773903608));
#12993=CARTESIAN_POINT('Ctrl Pts',(-7.55009161859703,-0.209999999358953,
0.188888121190458));
#12994=CARTESIAN_POINT('Ctrl Pts',(-7.55920986211283,-0.209999999177961,
0.186610475258978));
#12995=CARTESIAN_POINT('Ctrl Pts',(-7.56797550558232,-0.209999998983171,
0.18394831695014));
#12996=CARTESIAN_POINT('Ctrl Pts',(-7.57274362804145,-0.209999998877214,
0.182500220542122));
#12997=CARTESIAN_POINT('Ctrl Pts',(-7.577406686392,-0.209999998767533,0.180939017861205));
#12998=CARTESIAN_POINT('Ctrl Pts',(-7.58191006340649,-0.209999998658952,
0.179270571528926));
#12999=CARTESIAN_POINT('Ctrl Pts',(-7.59003304841454,-0.209999998463097,
0.176261104522223));
#13000=CARTESIAN_POINT('Ctrl Pts',(-7.59763082150247,-0.209999998271448,
0.172941518387181));
#13001=CARTESIAN_POINT('Ctrl Pts',(-7.6045930433515,-0.20999999810914,0.169385664615699));
#13002=CARTESIAN_POINT('Ctrl Pts',(-7.61168291024852,-0.209999997943856,
0.165764617988378));
#13003=CARTESIAN_POINT('Ctrl Pts',(-7.61811361247265,-0.209999997809621,
0.161898979116977));
#13004=CARTESIAN_POINT('Ctrl Pts',(-7.6238147613226,-0.209999997716574,
0.157896761091571));
#13005=CARTESIAN_POINT('Ctrl Pts',(-7.62976667788138,-0.209999997619434,
0.153718503627283));
#13006=CARTESIAN_POINT('Ctrl Pts',(-7.63492332197676,-0.209999997567005,
0.149392020753444));
#13007=CARTESIAN_POINT('Ctrl Pts',(-7.63925651592867,-0.209999997548915,
0.145064703749545));
#13008=CARTESIAN_POINT('Ctrl Pts',(-7.64110146896236,-0.209999997541212,
0.143222252956274));
#13009=CARTESIAN_POINT('Ctrl Pts',(-7.64279777881751,-0.209999997539495,
0.141379885869846));
#13010=CARTESIAN_POINT('Ctrl Pts',(-7.64434597615959,-0.209999997542218,
0.139549737825595));
#13011=CARTESIAN_POINT('Ctrl Pts',(-7.64836206166645,-0.20999999754928,
0.134802260978691));
#13012=CARTESIAN_POINT('Ctrl Pts',(-7.65144795589807,-0.209999997588953,
0.130137474623875));
#13013=CARTESIAN_POINT('Ctrl Pts',(-7.65375269455686,-0.209999997644144,
0.125625919700786));
#13014=CARTESIAN_POINT('Ctrl Pts',(-7.65641969934268,-0.209999997708011,
0.120405224275927));
#13015=CARTESIAN_POINT('Ctrl Pts',(-7.6580422000516,-0.20999999779087,0.115390624775042));
#13016=CARTESIAN_POINT('Ctrl Pts',(-7.6589221886408,-0.209999997899162,
0.110675808414319));
#13017=CARTESIAN_POINT('Ctrl Pts',(-7.65947697263245,-0.209999997967433,
0.107703378234482));
#13018=CARTESIAN_POINT('Ctrl Pts',(-7.65973800258529,-0.209999998046955,
0.104849730495791));
#13019=CARTESIAN_POINT('Ctrl Pts',(-7.65978643732971,-0.209999998144887,
0.102133231590018));
#13020=CARTESIAN_POINT('Ctrl Pts',(-7.6598480033822,-0.20999999826937,0.0986802534393988));
#13021=CARTESIAN_POINT('Ctrl Pts',(-7.65957010678579,-0.209999998423301,
0.095088278817629));
#13022=CARTESIAN_POINT('Ctrl Pts',(-7.65886162125509,-0.209999998606491,
0.0914166282984815));
#13023=CARTESIAN_POINT('Ctrl Pts',(-7.65817681551927,-0.209999998783558,
0.0878676957847842));
#13024=CARTESIAN_POINT('Ctrl Pts',(-7.65708933417672,-0.209999998990854,
0.0842445006028796));
#13025=CARTESIAN_POINT('Ctrl Pts',(-7.65556464214329,-0.209999999209068,
0.0806036740224632));
#13026=CARTESIAN_POINT('Ctrl Pts',(-7.65406982262999,-0.209999999423006,
0.0770341803164676));
#13027=CARTESIAN_POINT('Ctrl Pts',(-7.65215462317255,-0.209999999652999,
0.0734478644175974));
#13028=CARTESIAN_POINT('Ctrl Pts',(-7.64983708145009,-0.209999999799918,
0.0698989145205463));
#13029=CARTESIAN_POINT('Ctrl Pts',(-7.64877652088629,-0.209999999867151,
0.068274833164334));
#13030=CARTESIAN_POINT('Ctrl Pts',(-7.6476324208309,-0.209999999915347,
0.0666585770415902));
#13031=CARTESIAN_POINT('Ctrl Pts',(-7.64641016151439,-0.209999999923388,
0.0650552985201949));
#13032=CARTESIAN_POINT('',(-5.62696793174749,-0.209999999924548,0.198284438740354));
#13033=CARTESIAN_POINT('',(-6.54641016151377,-0.209999999924548,0.198284438740354));
#13034=CARTESIAN_POINT('Ctrl Pts',(-5.44641016151377,-0.209999999923388,
0.0650552985239356));
#13035=CARTESIAN_POINT('Ctrl Pts',(-5.44373509831055,-0.209999999905788,
0.0685642686084339));
#13036=CARTESIAN_POINT('Ctrl Pts',(-5.4414378987654,-0.209999999708175,
0.0721354572766696));
#13037=CARTESIAN_POINT('Ctrl Pts',(-5.43956065447318,-0.209999999500454,
0.0757146142794181));
#13038=CARTESIAN_POINT('Ctrl Pts',(-5.43766101349892,-0.209999999290254,
0.0793364728323476));
#13039=CARTESIAN_POINT('Ctrl Pts',(-5.43619135488832,-0.209999999062555,
0.0829663765427431));
#13040=CARTESIAN_POINT('Ctrl Pts',(-5.43514115666382,-0.20999999886355,
0.0865481416308945));
#13041=CARTESIAN_POINT('Ctrl Pts',(-5.43404064890224,-0.209999998655012,
0.0903014904632578));
#13042=CARTESIAN_POINT('Ctrl Pts',(-5.43340062443084,-0.209999998473444,
0.0940017972634308));
#13043=CARTESIAN_POINT('Ctrl Pts',(-5.43315067338375,-0.20999999832262,
0.0975867323386028));
#13044=CARTESIAN_POINT('Ctrl Pts',(-5.43304342248158,-0.209999998257903,
0.099124983630207));
#13045=CARTESIAN_POINT('Ctrl Pts',(-5.43300729795472,-0.209999998198646,
0.100642038010788));
#13046=CARTESIAN_POINT('Ctrl Pts',(-5.43303388569964,-0.209999998144887,
0.1021332315912));
#13047=CARTESIAN_POINT('Ctrl Pts',(-5.43312007361581,-0.20999999797062,
0.106967145400076));
#13048=CARTESIAN_POINT('Ctrl Pts',(-5.43388081527679,-0.209999997852945,
0.112237764276824));
#13049=CARTESIAN_POINT('Ctrl Pts',(-5.43576841579543,-0.209999997757801,
0.117832246715983));
#13050=CARTESIAN_POINT('Ctrl Pts',(-5.43723624937946,-0.209999997683816,
0.122182621240859));
#13051=CARTESIAN_POINT('Ctrl Pts',(-5.43938700956785,-0.209999997623564,
0.126727654387193));
#13052=CARTESIAN_POINT('Ctrl Pts',(-5.4424038236835,-0.209999997584156,
0.131399633719349));
#13053=CARTESIAN_POINT('Ctrl Pts',(-5.44413423237457,-0.209999997561552,
0.134079425490061));
#13054=CARTESIAN_POINT('Ctrl Pts',(-5.44614889060568,-0.209999997546307,
0.136800779977735));
#13055=CARTESIAN_POINT('Ctrl Pts',(-5.44847434686984,-0.209999997542217,
0.139549737825744));
#13056=CARTESIAN_POINT('Ctrl Pts',(-5.45209198034882,-0.209999997535855,
0.143826198362353));
#13057=CARTESIAN_POINT('Ctrl Pts',(-5.45652153796513,-0.209999997554477,
0.14816860095717));
#13058=CARTESIAN_POINT('Ctrl Pts',(-5.46175628810192,-0.209999997614797,
0.152425277483344));
#13059=CARTESIAN_POINT('Ctrl Pts',(-5.46683231530038,-0.209999997673287,
0.156552887255977));
#13060=CARTESIAN_POINT('Ctrl Pts',(-5.47266549778575,-0.209999997771589,
0.160599166248203));
#13061=CARTESIAN_POINT('Ctrl Pts',(-5.47920467352544,-0.209999997908467,
0.164442801054648));
#13062=CARTESIAN_POINT('Ctrl Pts',(-5.48555943975944,-0.209999998041484,
0.168178042567663));
#13063=CARTESIAN_POINT('Ctrl Pts',(-5.49258084555138,-0.209999998210651,
0.171721461100455));
#13064=CARTESIAN_POINT('Ctrl Pts',(-5.50017910281294,-0.20999999839694,
0.174986421811627));
#13065=CARTESIAN_POINT('Ctrl Pts',(-5.50364082247626,-0.209999998481812,
0.176473917997237));
#13066=CARTESIAN_POINT('Ctrl Pts',(-5.50722168802345,-0.209999998570016,
0.177904000678338));
#13067=CARTESIAN_POINT('Ctrl Pts',(-5.51091025962247,-0.209999998658951,
0.179270571528615));
#13068=CARTESIAN_POINT('Ctrl Pts',(-5.51927575038063,-0.209999998860654,
0.182369883962021));
#13069=CARTESIAN_POINT('Ctrl Pts',(-5.52819027979486,-0.209999999065996,
0.185096824559786));
#13070=CARTESIAN_POINT('Ctrl Pts',(-5.53731139216572,-0.209999999244567,
0.187422805056006));
#13071=CARTESIAN_POINT('Ctrl Pts',(-5.54603454395322,-0.209999999415347,
0.189647301378199));
#13072=CARTESIAN_POINT('Ctrl Pts',(-5.55494616146662,-0.209999999560447,
0.191505304308652));
#13073=CARTESIAN_POINT('Ctrl Pts',(-5.56378139601483,-0.209999999666308,
0.193005555239654));
#13074=CARTESIAN_POINT('Ctrl Pts',(-5.57258149606831,-0.209999999771749,
0.19449984022169));
#13075=CARTESIAN_POINT('Ctrl Pts',(-5.58130550577198,-0.209999999838211,
0.195639430402196));
#13076=CARTESIAN_POINT('Ctrl Pts',(-5.58973304763942,-0.209999999875089,
0.196464130493534));
#13077=CARTESIAN_POINT('Ctrl Pts',(-5.59838423260467,-0.209999999912946,
0.197310715790083));
#13078=CARTESIAN_POINT('Ctrl Pts',(-5.60672281213132,-0.209999999921144,
0.197825797136718));
#13079=CARTESIAN_POINT('Ctrl Pts',(-5.61455830332811,-0.209999999923532,
0.198081522293833));
#13080=CARTESIAN_POINT('Ctrl Pts',(-5.61885366105398,-0.209999999924841,
0.198221708914139));
#13081=CARTESIAN_POINT('Ctrl Pts',(-5.62299869222754,-0.209999999924548,
0.198284437748691));
#13082=CARTESIAN_POINT('Ctrl Pts',(-5.62696793174749,-0.209999999924548,
0.198284438740353));
#13083=CARTESIAN_POINT('Ctrl Pts',(-9.49784531198048,-0.155055986981825,
-0.515971909212198));
#13084=CARTESIAN_POINT('Ctrl Pts',(-9.43575971016702,-0.190907044642431,
-0.510638633255579));
#13085=CARTESIAN_POINT('Ctrl Pts',(-9.36448470488461,-0.210005124748376,
-0.505331129400166));
#13086=CARTESIAN_POINT('Ctrl Pts',(-9.2927914676746,-0.209999998968481,
-0.499997853443547));
#13087=CARTESIAN_POINT('Ctrl Pts',(-9.39281842008103,0.0268263622772938,
-0.515971909169271));
#13088=CARTESIAN_POINT('Ctrl Pts',(-9.36253763408653,0.00934085543993542,
-0.510638739912789));
#13089=CARTESIAN_POINT('Ctrl Pts',(-9.32777293284696,2.56818176833899E-5,
-0.505331022742956));
#13090=CARTESIAN_POINT('Ctrl Pts',(-9.29280624951049,2.8181939636125E-5,
-0.499997853486475));
#13091=CARTESIAN_POINT('',(-9.39282032302755,0.0267949192431123,-0.515969762655746));
#13092=CARTESIAN_POINT('',(-9.44531979834422,-0.0641368393760714,-0.515969762655746));
#13093=CARTESIAN_POINT('',(-9.39282032302755,0.0267949192431123,-0.515969762655746));
#13094=CARTESIAN_POINT('Ctrl Pts',(-9.39282032302755,0.0267949192431118,
-0.515969762655746));
#13095=CARTESIAN_POINT('Ctrl Pts',(-9.38133417606616,0.0201633892030041,
-0.513947145993513));
#13096=CARTESIAN_POINT('Ctrl Pts',(-9.36918650342958,0.0146783465066864,
-0.51192452933128));
#13097=CARTESIAN_POINT('Ctrl Pts',(-9.35661628558639,0.0104476980852211,
-0.509901912669048));
#13098=CARTESIAN_POINT('Ctrl Pts',(-9.34404316969978,0.00621607429459654,
-0.507878829695811));
#13099=CARTESIAN_POINT('Ctrl Pts',(-9.33104796879636,0.00323964580744876,
-0.505855746722574));
#13100=CARTESIAN_POINT('Ctrl Pts',(-9.31788645391848,0.00157699457432164,
-0.503832663749337));
#13101=CARTESIAN_POINT('Ctrl Pts',(-9.30957510244384,0.000527048659547245,
-0.502555109166224));
#13102=CARTESIAN_POINT('Ctrl Pts',(-9.30119773012993,-4.71331817226037E-16,
-0.501277554583111));
#13103=CARTESIAN_POINT('Ctrl Pts',(-9.29282032302755,-4.71844785465692E-16,
-0.499999999999998));
#13104=CARTESIAN_POINT('',(-9.49782032302755,-0.15507041555162,-0.515969762655746));
#13105=CARTESIAN_POINT('Ctrl Pts',(-9.49782032302755,-0.15507041555162,
-0.515969762655747));
#13106=CARTESIAN_POINT('Ctrl Pts',(-9.43574891527991,-0.190907359523702,
-0.510637924650144));
#13107=CARTESIAN_POINT('Ctrl Pts',(-9.36449421097172,-0.21,-0.505331838005601));
#13108=CARTESIAN_POINT('Ctrl Pts',(-9.29282032302755,-0.21,-0.499999999999999));
#13109=CARTESIAN_POINT('',(-9.39282032302755,0.0267949192431123,-0.515969762655746));
#13110=CARTESIAN_POINT('Ctrl Pts',(-9.2927914676746,-0.209999998968481,
0.499997853443553));
#13111=CARTESIAN_POINT('Ctrl Pts',(-9.36448470488461,-0.210005124748376,
0.505331129400172));
#13112=CARTESIAN_POINT('Ctrl Pts',(-9.43575971016702,-0.190907044642429,
0.510638633255585));
#13113=CARTESIAN_POINT('Ctrl Pts',(-9.49784531198048,-0.155055986981826,
0.515971909212204));
#13114=CARTESIAN_POINT('Ctrl Pts',(-9.29280624951049,2.81819396331406E-5,
0.49999785348648));
#13115=CARTESIAN_POINT('Ctrl Pts',(-9.32777293284698,2.56818176806782E-5,
0.505331022742964));
#13116=CARTESIAN_POINT('Ctrl Pts',(-9.36253763408652,0.00934085543992449,
0.510638739912793));
#13117=CARTESIAN_POINT('Ctrl Pts',(-9.39281842008102,0.0268263622772905,
0.515971909169276));
#13118=CARTESIAN_POINT('',(-9.39282032302755,0.0267949192431114,0.515969762655752));
#13119=CARTESIAN_POINT('Ctrl Pts',(-9.29282032302755,-4.71844785465692E-16,
0.500000000000004));
#13120=CARTESIAN_POINT('Ctrl Pts',(-9.30608338310776,-4.71032657261985E-16,
0.502022616662237));
#13121=CARTESIAN_POINT('Ctrl Pts',(-9.31934609755606,0.00132365000243701,
0.50404523332447));
#13122=CARTESIAN_POINT('Ctrl Pts',(-9.3323475497501,0.00394490991656479,
0.506067849986703));
#13123=CARTESIAN_POINT('Ctrl Pts',(-9.34535199940795,0.00656677415793134,
0.50809093295994));
#13124=CARTESIAN_POINT('Ctrl Pts',(-9.35809438776116,0.0104867119272226,
0.510114015933177));
#13125=CARTESIAN_POINT('Ctrl Pts',(-9.37032391961425,0.0156275711606387,
0.512137098906414));
#13126=CARTESIAN_POINT('Ctrl Pts',(-9.37804673408846,0.0188739670631657,
0.513414653489527));
#13127=CARTESIAN_POINT('Ctrl Pts',(-9.38556527565904,0.0226062156919222,
0.514692208072639));
#13128=CARTESIAN_POINT('Ctrl Pts',(-9.39282032302755,0.0267949192431118,
0.515969762655752));
#13129=CARTESIAN_POINT('',(-9.44531979834423,-0.0641368393760851,0.515969762655752));
#13130=CARTESIAN_POINT('',(-9.39282032302755,0.0267949192431114,0.515969762655752));
#13131=CARTESIAN_POINT('',(-9.49782032302755,-0.155070415551619,0.515969762655752));
#13132=CARTESIAN_POINT('',(-9.39282032302755,0.0267949192431114,0.515969762655752));
#13133=CARTESIAN_POINT('Ctrl Pts',(-9.29282032302755,-0.21,0.500000000000004));
#13134=CARTESIAN_POINT('Ctrl Pts',(-9.36449421097171,-0.21,0.505331838005606));
#13135=CARTESIAN_POINT('Ctrl Pts',(-9.43574891527991,-0.190907359523701,
0.51063792465015));
#13136=CARTESIAN_POINT('Ctrl Pts',(-9.49782032302755,-0.15507041555162,
0.515969762655752));
#13137=CARTESIAN_POINT('Origin',(-9.29282032302755,0.2,1.0651302811526));
#13138=CARTESIAN_POINT('',(-9.39282032302755,0.0267949192431114,0.));
#13139=CARTESIAN_POINT('Origin',(-9.29282032302755,0.2,1.0651302811526));
#13140=CARTESIAN_POINT('',(-9.49782032302755,-0.155070415551619,0.));
#13141=CARTESIAN_POINT('Origin',(-9.35951812150469,-0.23491922883036,-0.499999999999998));
#13142=CARTESIAN_POINT('',(-10.9865689290736,0.946946105964371,-0.699999999999998));
#13143=CARTESIAN_POINT('',(-9.25451812150469,-0.0530538940356285,-0.499999999999998));
#13144=CARTESIAN_POINT('',(-11.0915689290736,0.765080771169641,-0.699999999999998));
#13145=CARTESIAN_POINT('',(-9.35951812150469,-0.23491922883036,-0.499999999999998));
#13146=CARTESIAN_POINT('',(-11.0915689290736,0.765080771169641,-0.699999999999998));
#13147=CARTESIAN_POINT('Origin',(-9.35951812150469,-0.23491922883036,0.500000000000004));
#13148=CARTESIAN_POINT('',(-11.0915689290736,0.765080771169641,0.700000000000004));
#13149=CARTESIAN_POINT('',(-9.35951812150469,-0.23491922883036,0.500000000000004));
#13150=CARTESIAN_POINT('',(-10.9865689290736,0.946946105964374,0.700000000000004));
#13151=CARTESIAN_POINT('',(-9.25451812150469,-0.0530538940356285,0.500000000000004));
#13152=CARTESIAN_POINT('',(-11.0915689290736,0.765080771169641,0.700000000000005));
#13153=CARTESIAN_POINT('Origin',(-1.20669964895853,-4.69946405554941,0.));
#13154=CARTESIAN_POINT('',(-10.9865689290736,0.946946105964372,-0.699999999999998));
#13155=CARTESIAN_POINT('Origin',(-1.31169964895853,-4.88132939034414,0.));
#13156=CARTESIAN_POINT('',(-11.0915689290736,0.765080771169641,-0.699999999999998));
#13157=CARTESIAN_POINT('Origin',(-11.1915689290736,0.591875690412753,-0.699999999999998));
#13158=CARTESIAN_POINT('',(-11.1915689290736,0.791875690412753,-0.699999999999997));
#13159=CARTESIAN_POINT('',(-11.1915689290736,1.00187569041275,-0.699999999999998));
#13160=CARTESIAN_POINT('',(-11.1915689290736,0.791875690412752,-0.699999999999998));
#13161=CARTESIAN_POINT('Origin',(-11.1915689290736,0.591875690412753,-0.699999999999998));
#13162=CARTESIAN_POINT('Origin',(-11.1915689290736,0.591875690412753,-0.699999999999998));
#13163=CARTESIAN_POINT('Origin',(-11.1915689290736,0.591875690412753,0.700000000000005));
#13164=CARTESIAN_POINT('',(-11.1915689290736,1.00187569041275,0.700000000000005));
#13165=CARTESIAN_POINT('Origin',(-11.1915689290736,0.591875690412753,0.700000000000004));
#13166=CARTESIAN_POINT('',(-11.1915689290736,0.791875690412751,0.700000000000005));
#13167=CARTESIAN_POINT('',(-11.1915689290736,1.00187569041275,0.700000000000005));
#13168=CARTESIAN_POINT('Origin',(-11.1915689290736,0.591875690412753,0.700000000000005));
#13169=CARTESIAN_POINT('Origin',(-11.1915689290736,0.591875690412753,1.44488416718009));
#13170=CARTESIAN_POINT('',(-11.1915689290736,1.00187569041275,0.700000000000005));
#13171=CARTESIAN_POINT('Origin',(-11.1915689290736,0.591875690412753,1.44488416718009));
#13172=CARTESIAN_POINT('',(-11.1915689290736,0.791875690412751,0.700000000000005));
#13173=CARTESIAN_POINT('Origin',(-0.0464101615137698,0.791875690412673,
0.));
#13174=CARTESIAN_POINT('Origin',(-17.3717097601768,0.791875690412795,-2.49366499671666E-15));
#13175=CARTESIAN_POINT('',(-18.0817097601768,0.791875690412801,-0.699999999999998));
#13176=CARTESIAN_POINT('',(-11.1379790905873,0.791875690412752,0.700000000000005));
#13177=CARTESIAN_POINT('Origin',(-17.3717097601768,0.701875690412877,-2.49366499671666E-15));
#13178=CARTESIAN_POINT('',(-17.3717097601768,0.701875690412877,0.249999999999998));
#13179=CARTESIAN_POINT('Origin',(-17.3717097601768,1.00187569041288,-2.49366499671666E-15));
#13180=CARTESIAN_POINT('',(-17.3717097601768,0.701875690412877,-0.249999999999998));
#13181=CARTESIAN_POINT('Origin',(-0.0464101615137681,1.00187569041267,0.));
#13182=CARTESIAN_POINT('',(-0.0464101615137681,1.00187569041267,0.700000000000005));
#13183=CARTESIAN_POINT('',(-0.0464101615137681,1.00187569041267,-0.699999999999998));
#13184=CARTESIAN_POINT('Origin',(-11.1379790905873,1.00187569041275,0.700000000000005));
#13185=CARTESIAN_POINT('',(-17.3717097601768,0.791875690412801,0.700000000000005));
#13186=CARTESIAN_POINT('Origin',(-18.0817097601768,1.0018756904128,-0.699999999999998));
#13187=CARTESIAN_POINT('',(-17.3717097601768,0.791875690412801,-0.699999999999998));
#13188=CARTESIAN_POINT('Origin',(-17.3717097601768,0.291875690412801,0.249999999999998));
#13189=CARTESIAN_POINT('Origin',(-17.3717097601768,0.291875690412801,0.700000000000005));
#13190=CARTESIAN_POINT('Origin',(-17.3717097601768,0.291875690412801,-0.249999999999998));
#13191=CARTESIAN_POINT('Origin',(-17.3717097601768,0.291875690412801,-0.699999999999998));
#13192=CARTESIAN_POINT('Origin',(-14.4146773478526,-1.15036538252329,0.249999999999998));
#13193=CARTESIAN_POINT('',(-14.440845325974,-1.64968014990058,0.249999999999998));
#13194=CARTESIAN_POINT('',(-14.4518358767851,-1.85939235219909,0.249999999999998));
#13195=CARTESIAN_POINT('',(-14.440845325974,-1.64968014990058,0.249999999999998));
#13196=CARTESIAN_POINT('Origin',(-14.4146773478526,-1.15036538252329,0.249999999999999));
#13197=CARTESIAN_POINT('Origin',(-14.4146773478526,-1.15036538252329,0.249999999999998));
#13198=CARTESIAN_POINT('Origin',(-14.4146773478526,-1.15036538252329,0.700000000000005));
#13199=CARTESIAN_POINT('',(-14.4518358767851,-1.85939235219904,0.700000000000004));
#13200=CARTESIAN_POINT('Origin',(-14.4146773478526,-1.15036538252329,0.700000000000005));
#13201=CARTESIAN_POINT('',(-14.440845325974,-1.64968014990058,0.700000000000005));
#13202=CARTESIAN_POINT('',(-14.4518358767851,-1.85939235219904,0.700000000000005));
#13203=CARTESIAN_POINT('Origin',(-14.4146773478526,-1.15036538252329,0.700000000000005));
#13204=CARTESIAN_POINT('Origin',(-14.4146773478526,-1.15036538252329,1.09625768986962));
#13205=CARTESIAN_POINT('',(-14.440845325974,-1.64968014990058,0.700000000000007));
#13206=CARTESIAN_POINT('Origin',(-14.4146773478526,-1.15036538252329,1.09625768986962));
#13207=CARTESIAN_POINT('',(-14.4518358767851,-1.85939235219904,0.700000000000007));
#13208=CARTESIAN_POINT('Origin',(-14.4146773478526,-1.15036538252329,-0.249999999999998));
#13209=CARTESIAN_POINT('',(-14.4518358767851,-1.85939235219909,-0.249999999999998));
#13210=CARTESIAN_POINT('Origin',(-14.4146773478526,-1.15036538252329,-0.249999999999998));
#13211=CARTESIAN_POINT('',(-14.440845325974,-1.64968014990058,-0.249999999999998));
#13212=CARTESIAN_POINT('',(-14.4518358767851,-1.85939235219909,-0.249999999999998));
#13213=CARTESIAN_POINT('Origin',(-14.4146773478526,-1.15036538252329,-0.249999999999998));
#13214=CARTESIAN_POINT('Origin',(-14.4146773478526,-1.15036538252329,-0.699999999999998));
#13215=CARTESIAN_POINT('',(-14.440845325974,-1.64968014990058,-0.699999999999998));
#13216=CARTESIAN_POINT('',(-14.4518358767851,-1.85939235219904,-0.699999999999997));
#13217=CARTESIAN_POINT('',(-14.440845325974,-1.64968014990058,-0.699999999999997));
#13218=CARTESIAN_POINT('Origin',(-14.4146773478526,-1.15036538252329,-0.699999999999998));
#13219=CARTESIAN_POINT('Origin',(-14.4146773478526,-1.15036538252329,-0.699999999999998));
#13220=CARTESIAN_POINT('Origin',(-14.4146773478526,-1.15036538252329,0.146257689869616));
#13221=CARTESIAN_POINT('',(-14.440845325974,-1.64968014990058,0.700000000000007));
#13222=CARTESIAN_POINT('Origin',(-14.4146773478526,-1.15036538252329,0.146257689869616));
#13223=CARTESIAN_POINT('',(-14.4518358767851,-1.85939235219904,0.700000000000007));
#13224=CARTESIAN_POINT('Origin',(-0.0322624113397196,-2.40480198307235,
9.21804899807902E-16));
#13225=CARTESIAN_POINT('',(-11.2569408941906,-1.81654151061983,0.249999999999999));
#13226=CARTESIAN_POINT('',(-0.0322624113397196,-2.40480198307235,0.25));
#13227=CARTESIAN_POINT('',(-11.2569408941906,-1.81654151061983,0.700000000000008));
#13228=CARTESIAN_POINT('',(-14.5424320635332,-1.64435621458049,0.700000000000005));
#13229=CARTESIAN_POINT('',(-11.2569408941906,-1.81654151061983,-0.699999999999997));
#13230=CARTESIAN_POINT('Origin',(-14.5534226143442,-1.85406841687896,0.700000000000005));
#13231=CARTESIAN_POINT('',(-11.2679314450016,-2.02625371291829,0.700000000000008));
#13232=CARTESIAN_POINT('',(-11.2569408941906,-1.81654151061983,0.700000000000008));
#13233=CARTESIAN_POINT('',(-0.0432529621507626,-2.61451418537081,0.700000000000023));
#13234=CARTESIAN_POINT('Origin',(-0.0432529621507626,-2.61451418537081,
9.73149616683394E-16));
#13235=CARTESIAN_POINT('',(-11.2679314450016,-2.0262537129183,0.249999999999999));
#13236=CARTESIAN_POINT('',(-19.6037514955022,-1.5893918955685,0.249999999999998));
#13237=CARTESIAN_POINT('',(-11.2679314450016,-2.02625371291829,-0.699999999999997));
#13238=CARTESIAN_POINT('Origin',(-19.5880507086293,-1.28980303514213,0.249999999999998));
#13239=CARTESIAN_POINT('',(-11.2679314450016,-2.0262537129183,0.249999999999999));
#13240=CARTESIAN_POINT('Origin',(-0.0322624113397196,-2.40480198307235,
9.21804899807902E-16));
#13241=CARTESIAN_POINT('',(-11.2569408941906,-1.81654151061983,-0.250000000000005));
#13242=CARTESIAN_POINT('',(-0.0322624113397196,-2.40480198307235,-0.25));
#13243=CARTESIAN_POINT('',(-11.2569408941906,-1.81654151061983,-0.7));
#13244=CARTESIAN_POINT('',(-11.2569408941906,-1.81654151061983,-0.699999999999997));
#13245=CARTESIAN_POINT('',(-10.5479139245149,-1.85370003955233,-0.699999999999992));
#13246=CARTESIAN_POINT('Origin',(-19.5880507086293,-1.28980303514213,-0.249999999999998));
#13247=CARTESIAN_POINT('',(-11.2679314450016,-2.02625371291829,-0.250000000000005));
#13248=CARTESIAN_POINT('',(-11.2569408941906,-1.81654151061983,-0.249999999999999));
#13249=CARTESIAN_POINT('',(-19.6037514955022,-1.5893918955685,-0.249999999999998));
#13250=CARTESIAN_POINT('Origin',(-0.0432529621507626,-2.61451418537081,
9.73149616683394E-16));
#13251=CARTESIAN_POINT('',(-11.2679314450016,-2.02625371291829,-0.699999999999997));
#13252=CARTESIAN_POINT('',(-11.2679314450016,-2.02625371291829,-0.699999999999997));
#13253=CARTESIAN_POINT('',(-0.0432529621507626,-2.61451418537081,-0.699999999999978));
#13254=CARTESIAN_POINT('Origin',(-10.5589044753259,-2.06341224185079,-0.699999999999992));
#13255=CARTESIAN_POINT('',(-11.2569408941906,-1.81654151061983,-0.699999999999997));
#13256=CARTESIAN_POINT('Origin',(-11.2307729160691,-1.31722674324255,-0.250000000000004));
#13257=CARTESIAN_POINT('Origin',(-11.2307729160691,-1.31722674324255,-0.250000000000004));
#13258=CARTESIAN_POINT('Origin',(-11.2307729160691,-1.31722674324255,-0.250000000000004));
#13259=CARTESIAN_POINT('Origin',(-11.2307729160691,-1.31722674324255,-0.699999999999999));
#13260=CARTESIAN_POINT('',(-10.9883681059459,-0.87991688967285,-0.699999999999997));
#13261=CARTESIAN_POINT('',(-10.8865580856942,-0.696246751173573,-0.699999999999997));
#13262=CARTESIAN_POINT('',(-10.9883681059459,-0.879916889672853,-0.699999999999996));
#13263=CARTESIAN_POINT('Origin',(-11.2307729160691,-1.31722674324255,-0.699999999999998));
#13264=CARTESIAN_POINT('Origin',(-11.2307729160691,-1.31722674324255,-0.699999999999999));
#13265=CARTESIAN_POINT('Origin',(-11.2307729160691,-1.31722674324255,1.24612372003332));
#13266=CARTESIAN_POINT('',(-10.9883681059459,-0.879916889672845,0.700000000000006));
#13267=CARTESIAN_POINT('Origin',(-11.2307729160691,-1.31722674324255,1.24612372003332));
#13268=CARTESIAN_POINT('',(-10.8865580856942,-0.696246751173571,0.700000000000005));
#13269=CARTESIAN_POINT('Origin',(-11.2307729160691,-1.31722674324255,0.249999999999998));
#13270=CARTESIAN_POINT('Origin',(-11.2307729160691,-1.31722674324255,0.249999999999997));
#13271=CARTESIAN_POINT('Origin',(-11.2307729160691,-1.31722674324255,0.249999999999998));
#13272=CARTESIAN_POINT('Origin',(-11.2307729160691,-1.31722674324255,0.700000000000008));
#13273=CARTESIAN_POINT('',(-10.8865580856942,-0.696246751173571,0.700000000000009));
#13274=CARTESIAN_POINT('Origin',(-11.2307729160691,-1.31722674324255,0.700000000000009));
#13275=CARTESIAN_POINT('',(-10.9883681059459,-0.879916889672854,0.700000000000008));
#13276=CARTESIAN_POINT('',(-10.8865580856942,-0.696246751173571,0.700000000000005));
#13277=CARTESIAN_POINT('Origin',(-11.2307729160691,-1.31722674324255,0.700000000000008));
#13278=CARTESIAN_POINT('Origin',(-11.2307729160691,-1.31722674324255,2.19612372003331));
#13279=CARTESIAN_POINT('',(-10.9883681059459,-0.879916889672845,0.700000000000006));
#13280=CARTESIAN_POINT('Origin',(-11.2307729160691,-1.31722674324255,2.19612372003331));
#13281=CARTESIAN_POINT('',(-10.8865580856942,-0.696246751173571,0.700000000000005));
#13282=CARTESIAN_POINT('Origin',(-1.81145606502146,-5.96676229834337,6.0051427917784E-15));
#13283=CARTESIAN_POINT('',(-12.9912472352951,0.230297140691305,0.699999999999995));
#13284=CARTESIAN_POINT('',(-9.09417102562206,-1.92988747653181,0.700000000000016));
#13285=CARTESIAN_POINT('',(-12.9912472352951,0.230297140691301,-0.700000000000006));
#13286=CARTESIAN_POINT('',(-12.9912472352951,0.230297140691303,0.699999999999996));
#13287=CARTESIAN_POINT('',(-12.9912472352951,0.23029714069129,-0.700000000000007));
#13288=CARTESIAN_POINT('Origin',(-8.99236100537033,-1.74621733803254,0.700000000000015));
#13289=CARTESIAN_POINT('',(-12.8894372150434,0.413967279190572,0.699999999999995));
#13290=CARTESIAN_POINT('',(-1.70964604476974,-5.7830921598441,0.700000000000053));
#13291=CARTESIAN_POINT('',(-12.8894372150434,0.413967279190572,0.699999999999995));
#13292=CARTESIAN_POINT('Origin',(-1.70964604476972,-5.7830921598441,5.36624196771223E-15));
#13293=CARTESIAN_POINT('',(-12.8894372150434,0.413967279190622,-0.699999999999996));
#13294=CARTESIAN_POINT('',(-1.70964604476972,-5.78309215984411,-0.699999999999949));
#13295=CARTESIAN_POINT('',(-12.8894372150434,0.413967279190567,-5.27288476094443E-14));
#13296=CARTESIAN_POINT('Origin',(-12.8894372150434,0.413967279190566,-0.700000000000007));
#13297=CARTESIAN_POINT('',(-12.8894372150434,0.413967279190566,-0.700000000000007));
#13298=CARTESIAN_POINT('Origin',(-13.0882091593444,0.0553731992634186,-0.700000000000005));
#13299=CARTESIAN_POINT('',(-13.0230955284529,0.244476914383275,-0.700000000000006));
#13300=CARTESIAN_POINT('',(-12.954726216017,0.443035815259126,-0.700000000000007));
#13301=CARTESIAN_POINT('',(-13.023095528453,0.24447691438327,-0.700000000000006));
#13302=CARTESIAN_POINT('Origin',(-13.0882091593444,0.0553731992634186,-0.700000000000005));
#13303=CARTESIAN_POINT('Origin',(-13.0882091593444,0.0553731992634186,-0.700000000000005));
#13304=CARTESIAN_POINT('Origin',(-13.0882091593444,0.0553731992634254,0.699999999999996));
#13305=CARTESIAN_POINT('',(-12.954726216017,0.443035815259134,0.700000000000005));
#13306=CARTESIAN_POINT('Origin',(-13.0882091593444,0.0553731992634254,0.699999999999996));
#13307=CARTESIAN_POINT('',(-13.023095528453,0.244476914383283,0.699999999999995));
#13308=CARTESIAN_POINT('',(-12.954726216017,0.443035815259138,0.699999999999995));
#13309=CARTESIAN_POINT('Origin',(-13.0882091593444,0.0553731992634254,0.699999999999996));
#13310=CARTESIAN_POINT('Origin',(-13.0882091593444,0.0553731992634289,1.42333906048081));
#13311=CARTESIAN_POINT('',(-13.023095528453,0.244476914383283,0.699999999999993));
#13312=CARTESIAN_POINT('Origin',(-13.0882091593444,0.0553731992634289,1.42333906048081));
#13313=CARTESIAN_POINT('',(-12.954726216017,0.443035815259136,0.699999999999992));
#13314=CARTESIAN_POINT('Origin',(-13.6000447876329,0.665236818835147,0.399999999999991));
#13315=CARTESIAN_POINT('',(-13.8837003603127,0.762907265172305,0.39999999999999));
#13316=CARTESIAN_POINT('',(-13.6000447876329,0.665236818835154,0.699999999999992));
#13317=CARTESIAN_POINT('Origin',(-13.6000447876329,0.665236818835147,0.399999999999991));
#13318=CARTESIAN_POINT('',(-13.9520696727487,0.564348364296447,0.399999999999991));
#13319=CARTESIAN_POINT('',(-13.8837003603127,0.762907265172305,0.39999999999999));
#13320=CARTESIAN_POINT('',(-13.6684141000689,0.466677917959296,0.699999999999992));
#13321=CARTESIAN_POINT('Origin',(-13.6684141000689,0.466677917959291,0.399999999999992));
#13322=CARTESIAN_POINT('',(-13.6000447876329,0.66523681883515,0.699999999999992));
#13323=CARTESIAN_POINT('Origin',(-13.6000447876329,0.665236818835148,-0.40000000000001));
#13324=CARTESIAN_POINT('',(-13.6000447876329,0.665236818835141,-0.700000000000011));
#13325=CARTESIAN_POINT('',(-13.8837003603127,0.762907265172302,-0.400000000000012));
#13326=CARTESIAN_POINT('Origin',(-13.6000447876329,0.665236818835141,-0.40000000000001));
#13327=CARTESIAN_POINT('',(-13.6684141000689,0.46667791795929,-0.70000000000001));
#13328=CARTESIAN_POINT('',(-13.6000447876329,0.665236818835141,-0.700000000000011));
#13329=CARTESIAN_POINT('',(-13.9520696727487,0.564348364296439,-0.400000000000011));
#13330=CARTESIAN_POINT('Origin',(-13.6684141000689,0.466677917959286,-0.40000000000001));
#13331=CARTESIAN_POINT('',(-13.8837003603127,0.762907265172304,-0.400000000000012));
#13332=CARTESIAN_POINT('Origin',(-13.8837003603127,0.762907265172306,0.69999999999999));
#13333=CARTESIAN_POINT('',(-13.8837003603127,0.762907265172305,-7.39564143734088E-14));
#13334=CARTESIAN_POINT('',(-13.9520696727487,0.564348364296449,0.699999999999991));
#13335=CARTESIAN_POINT('Origin',(-1.3214136787132,-3.7847352684129,-5.57072597129506E-15));
#13336=CARTESIAN_POINT('',(-13.9520696727486,0.564348364296441,-0.700000000000011));
#13337=CARTESIAN_POINT('',(-13.0065510971494,0.238780209839271,0.699999999999996));
#13338=CARTESIAN_POINT('Origin',(-12.9381817847134,0.437339110715126,0.699999999999995));
#13339=CARTESIAN_POINT('',(-1.25304436627719,-3.58617636753704,0.700000000000058));
#13340=CARTESIAN_POINT('Origin',(-1.25304436627719,-3.58617636753704,-6.24634170832794E-15));
#13341=CARTESIAN_POINT('',(-1.2530443662772,-3.58617636753704,-0.699999999999944));
#13342=CARTESIAN_POINT('Origin',(-13.8837003603127,0.762907265172298,-0.700000000000012));
#13343=CARTESIAN_POINT('Origin',(-7.64641016151377,-0.209999999924548,0.15));
#13344=CARTESIAN_POINT('',(-7.63480790366313,-0.203301334612687,-0.101247711688716));
#13345=CARTESIAN_POINT('Ctrl Pts',(-7.63480808000083,-0.203301432179451,
-0.101228154102161));
#13346=CARTESIAN_POINT('Ctrl Pts',(-7.63486193815099,-0.203332527196943,
-0.101164781754236));
#13347=CARTESIAN_POINT('Ctrl Pts',(-7.63485792557207,-0.203330313393862,
-0.101119890031916));
#13348=CARTESIAN_POINT('Ctrl Pts',(-7.63521511297155,-0.203536535635103,
-0.100805638335151));
#13349=CARTESIAN_POINT('Ctrl Pts',(-7.63761048041101,-0.204919501671083,
-0.0980301832883463));
#13350=CARTESIAN_POINT('Ctrl Pts',(-7.64147294501456,-0.207149496649682,
-0.0907824623596278));
#13351=CARTESIAN_POINT('Ctrl Pts',(-7.64271487161557,-0.207866523655314,
-0.0877026000623334));
#13352=CARTESIAN_POINT('Ctrl Pts',(-7.64557003879729,-0.209514955196261,
-0.0782869929821733));
#13353=CARTESIAN_POINT('Ctrl Pts',(-7.64641011406735,-0.209999972531341,
-0.0716823628948373));
#13354=CARTESIAN_POINT('Ctrl Pts',(-7.64641016151176,-0.209999999923388,
-0.0650552985239353));
#13355=CARTESIAN_POINT('',(-7.29428203230275,-0.0066987297353265,-0.0943821996663793));
#13356=CARTESIAN_POINT('',(-7.64260863225216,-0.207805185982022,-0.101404991868272));
#13357=CARTESIAN_POINT('',(-7.29428203230275,-0.0066987297353265,0.0943821996663793));
#13358=CARTESIAN_POINT('',(-7.29428203230275,-0.0066987297353265,-0.142666638406733));
#13359=CARTESIAN_POINT('',(-7.63480780632995,-0.203301377035931,0.101247715394231));
#13360=CARTESIAN_POINT('',(-7.64714359072681,-0.210423445478129,0.101496423504605));
#13361=CARTESIAN_POINT('Ctrl Pts',(-7.64641016151177,-0.209999999923388,
0.0650552985201949));
#13362=CARTESIAN_POINT('Ctrl Pts',(-7.64641011407717,-0.209999972537011,
0.0716810351536279));
#13363=CARTESIAN_POINT('Ctrl Pts',(-7.64557037541164,-0.209515149518325,
0.0782843545495475));
#13364=CARTESIAN_POINT('Ctrl Pts',(-7.64271599584134,-0.207867172705043,
0.0876996766615237));
#13365=CARTESIAN_POINT('Ctrl Pts',(-7.64147396289985,-0.207150084326026,
0.0907802959606406));
#13366=CARTESIAN_POINT('Ctrl Pts',(-7.63761094447362,-0.204919769597755,
0.0980297007559781));
#13367=CARTESIAN_POINT('Ctrl Pts',(-7.63521513057843,-0.203536545800444,
0.100805622844539));
#13368=CARTESIAN_POINT('Ctrl Pts',(-7.63485792557214,-0.203330313393903,
0.101119890032106));
#13369=CARTESIAN_POINT('Ctrl Pts',(-7.63486193815096,-0.203332527196925,
0.101164781754307));
#13370=CARTESIAN_POINT('Ctrl Pts',(-7.63480808000083,-0.203301432179451,
0.101228154102196));
#13371=CARTESIAN_POINT('Origin',(-5.44641016151377,-0.209999999924548,0.15));
#13372=CARTESIAN_POINT('',(-7.26928203230275,-0.0482550250894232,0.144351741017334));
#13373=CARTESIAN_POINT('',(-7.46585239128006,-0.161744974759674,0.148314897389399));
#13374=CARTESIAN_POINT('',(-5.97264646472664,0.700357868891483,0.118209602708077));
#13375=CARTESIAN_POINT('',(-5.8235382907248,-0.0482550250894232,0.144351741017334));
#13376=CARTESIAN_POINT('',(-7.28267949192431,-0.0482550250894232,0.144351741017334));
#13377=CARTESIAN_POINT('',(-5.62696793174749,-0.161744974759674,0.148314897389399));
#13378=CARTESIAN_POINT('',(-5.47067673230073,-0.251979740832225,0.15146596485556));
#13379=CARTESIAN_POINT('',(-5.44641016151377,-0.161744974759674,0.148314897389399));
#13380=CARTESIAN_POINT('Origin',(-5.44641016151377,-0.209999999924548,0.15));
#13381=CARTESIAN_POINT('',(-5.7985382907248,-0.0066987297353265,0.0943821996663793));
#13382=CARTESIAN_POINT('',(-5.4580125166976,-0.203301377035932,0.101247715394231));
#13383=CARTESIAN_POINT('',(-5.44567673230073,-0.210423445478129,0.101496423504605));
#13384=CARTESIAN_POINT('',(-5.7985382907248,-0.0066987297353265,-0.0943821996663793));
#13385=CARTESIAN_POINT('',(-5.7985382907248,-0.0066987297353265,0.142666638406733));
#13386=CARTESIAN_POINT('',(-5.4580125166976,-0.203301377035933,-0.101247715394231));
#13387=CARTESIAN_POINT('',(-5.45021169077539,-0.207805185982022,-0.101404991868272));
#13388=CARTESIAN_POINT('Ctrl Pts',(-5.44641016151578,-0.209999999923388,
-0.0650552985206356));
#13389=CARTESIAN_POINT('Ctrl Pts',(-5.44641020895042,-0.20999997253699,
-0.0716810351540226));
#13390=CARTESIAN_POINT('Ctrl Pts',(-5.44724994761589,-0.209515149518333,
-0.0782843545494523));
#13391=CARTESIAN_POINT('Ctrl Pts',(-5.45010432718617,-0.207867172705059,
-0.0876996766614733));
#13392=CARTESIAN_POINT('Ctrl Pts',(-5.45134636012767,-0.207150084326043,
-0.0907802959605789));
#13393=CARTESIAN_POINT('Ctrl Pts',(-5.45520937855434,-0.20491976959752,
-0.0980297007567548));
#13394=CARTESIAN_POINT('Ctrl Pts',(-5.45760519244958,-0.203536545800175,
-0.10080562284476));
#13395=CARTESIAN_POINT('Ctrl Pts',(-5.45796239745534,-0.203330313393943,
-0.101119890032283));
#13396=CARTESIAN_POINT('Ctrl Pts',(-5.45795838487662,-0.203332527196905,
-0.101164781754354));
#13397=CARTESIAN_POINT('Ctrl Pts',(-5.45801224302671,-0.203301432179453,
-0.101228154102198));
#13398=CARTESIAN_POINT('Ctrl Pts',(-5.45801224302671,-0.203301432179453,
0.101228154102155));
#13399=CARTESIAN_POINT('Ctrl Pts',(-5.45795838487664,-0.203332527196898,
0.101164781754327));
#13400=CARTESIAN_POINT('Ctrl Pts',(-5.45796239745532,-0.203330313393956,
0.1011198900323));
#13401=CARTESIAN_POINT('Ctrl Pts',(-5.45760521005708,-0.203536535634479,
0.100805638335645));
#13402=CARTESIAN_POINT('Ctrl Pts',(-5.45520984261759,-0.204919501670478,
0.0980301832903207));
#13403=CARTESIAN_POINT('Ctrl Pts',(-5.45134737801298,-0.207149496649684,
0.0907824623596182));
#13404=CARTESIAN_POINT('Ctrl Pts',(-5.45010545141197,-0.207866523655315,
0.087702600062317));
#13405=CARTESIAN_POINT('Ctrl Pts',(-5.44725028423026,-0.20951495519626,
0.078286992982174));
#13406=CARTESIAN_POINT('Ctrl Pts',(-5.4464102089602,-0.209999972531341,
0.0716823628948392));
#13407=CARTESIAN_POINT('Ctrl Pts',(-5.44641016151578,-0.209999999923388,
0.0650552985239357));
#13408=CARTESIAN_POINT('Origin',(-5.44641016151377,-0.209999999924548,-0.15));
#13409=CARTESIAN_POINT('',(-5.62696793174749,-0.161744974759674,-0.148314897389399));
#13410=CARTESIAN_POINT('',(-7.46585239128006,-0.161744974759674,-0.148314897389399));
#13411=CARTESIAN_POINT('',(-5.44641016151377,-0.161744974759674,-0.148314897389399));
#13412=CARTESIAN_POINT('',(-5.8235382907248,-0.0482550250894232,-0.144351741017334));
#13413=CARTESIAN_POINT('',(-5.47067673230073,-0.251979740832225,-0.15146596485556));
#13414=CARTESIAN_POINT('',(-7.26928203230275,-0.0482550250894232,-0.144351741017334));
#13415=CARTESIAN_POINT('',(-5.81014083110324,-0.0482550250894232,-0.144351741017334));
#13416=CARTESIAN_POINT('',(-5.97264646472664,0.700357868891483,-0.118209602708077));
#13417=CARTESIAN_POINT('Ctrl Pts',(-5.62696793174829,-0.209999999924548,
-0.198284438740354));
#13418=CARTESIAN_POINT('Ctrl Pts',(-5.62696793174819,-0.209999999924548,
-0.149999999999832));
#13419=CARTESIAN_POINT('Ctrl Pts',(-5.62696793174819,-0.1617449747595,-0.148314897389393));
#13420=CARTESIAN_POINT('Ctrl Pts',(-5.58319859976189,-0.209999999924548,
-0.19828442780526));
#13421=CARTESIAN_POINT('Ctrl Pts',(-5.59159473986416,-0.209999999924552,
-0.158420348205978));
#13422=CARTESIAN_POINT('Ctrl Pts',(-5.58867269800977,-0.171218937027643,
-0.148645735441976));
#13423=CARTESIAN_POINT('Ctrl Pts',(-5.54170095848006,-0.209999999924548,
-0.190686628482259));
#13424=CARTESIAN_POINT('Ctrl Pts',(-5.55081594080423,-0.209999999924546,
-0.159057678282441));
#13425=CARTESIAN_POINT('Ctrl Pts',(-5.55242648443669,-0.180167003385873,
-0.145159350885721));
#13426=CARTESIAN_POINT('Ctrl Pts',(-5.48011174612888,-0.209999999924548,
-0.167875613632239));
#13427=CARTESIAN_POINT('Ctrl Pts',(-5.4926034012563,-0.209999999924551,
-0.148397894821559));
#13428=CARTESIAN_POINT('Ctrl Pts',(-5.49871540847189,-0.193397915507562,
-0.134215782672791));
#13429=CARTESIAN_POINT('Ctrl Pts',(-5.46004009157118,-0.209999999924548,
-0.153245784150188));
#13430=CARTESIAN_POINT('Ctrl Pts',(-5.47231084410652,-0.209999999924545,
-0.138554080687841));
#13431=CARTESIAN_POINT('Ctrl Pts',(-5.4812654835798,-0.197678218193194,
-0.127050459348966));
#13432=CARTESIAN_POINT('Ctrl Pts',(-5.43688503353243,-0.209999999924548,
-0.125873627695315));
#13433=CARTESIAN_POINT('Ctrl Pts',(-5.45018781008178,-0.209999999924551,
-0.119446504071852));
#13434=CARTESIAN_POINT('Ctrl Pts',(-5.46121450050027,-0.202570744190118,
-0.113535086406866));
#13435=CARTESIAN_POINT('Ctrl Pts',(-5.43321512234177,-0.209999999924548,
-0.113129697705847));
#13436=CARTESIAN_POINT('Ctrl Pts',(-5.44654972430921,-0.209999999924548,
-0.109945846246617));
#13437=CARTESIAN_POINT('Ctrl Pts',(-5.45810002083996,-0.203309362729589,
-0.107188984829023));
#13438=CARTESIAN_POINT('Ctrl Pts',(-5.4328259724531,-0.209999999924548,
-0.0911372381178634));
#13439=CARTESIAN_POINT('Ctrl Pts',(-5.44627743148741,-0.209999999924548,
-0.0938459998222069));
#13440=CARTESIAN_POINT('Ctrl Pts',(-5.45792572122589,-0.203297511795636,
-0.0961923461002692));
#13441=CARTESIAN_POINT('Ctrl Pts',(-5.4360263058264,-0.209999999924548,
-0.0782436023940119));
#13442=CARTESIAN_POINT('Ctrl Pts',(-5.44958031264758,-0.209999999924554,
-0.0841947357366527));
#13443=CARTESIAN_POINT('Ctrl Pts',(-5.46085402364272,-0.20254054643895,
-0.0896966499154914));
#13444=CARTESIAN_POINT('Ctrl Pts',(-5.44719348738062,-0.209999999924548,
-0.0640437987549841));
#13445=CARTESIAN_POINT('Ctrl Pts',(-5.46024282430978,-0.209999999924548,
-0.074307583376565));
#13446=CARTESIAN_POINT('Ctrl Pts',(-5.47070046547924,-0.200069626550912,
-0.0825329037277674));
#13447=CARTESIAN_POINT('Ctrl Pts',(-5.45801241936442,-0.203301334612688,
-0.101247711688716));
#13448=CARTESIAN_POINT('Ctrl Pts',(-5.45801020205693,-0.203302679283462,
-0.101396390729007));
#13449=CARTESIAN_POINT('Ctrl Pts',(-5.45801022884182,-0.20330346289721,
-0.101544043523832));
#13450=CARTESIAN_POINT('Ctrl Pts',(-5.45801239694209,-0.203303710963775,
-0.101690673864369));
#13451=CARTESIAN_POINT('Ctrl Pts',(-5.45804232448739,-0.203307135170435,
-0.103714697487808));
#13452=CARTESIAN_POINT('Ctrl Pts',(-5.45848644029554,-0.203208269399893,
-0.105793142686628));
#13453=CARTESIAN_POINT('Ctrl Pts',(-5.45943741015731,-0.202984166383034,
-0.10789119792855));
#13454=CARTESIAN_POINT('Ctrl Pts',(-5.46047463233551,-0.20273973737573,
-0.110179545346797));
#13455=CARTESIAN_POINT('Ctrl Pts',(-5.46211454089938,-0.202346394365328,
-0.112491204368266));
#13456=CARTESIAN_POINT('Ctrl Pts',(-5.46441470947631,-0.201789778229637,
-0.114792452929306));
#13457=CARTESIAN_POINT('Ctrl Pts',(-5.46626062290941,-0.201343086968721,
-0.11663923306286));
#13458=CARTESIAN_POINT('Ctrl Pts',(-5.46853031274669,-0.200791599339092,
-0.118479564392432));
#13459=CARTESIAN_POINT('Ctrl Pts',(-5.47123073121039,-0.20013349693133,
-0.120300606412633));
#13460=CARTESIAN_POINT('Ctrl Pts',(-5.47520343093292,-0.199165334667648,
-0.122979618286382));
#13461=CARTESIAN_POINT('Ctrl Pts',(-5.48018644423043,-0.197947213418704,
-0.125612122656436));
#13462=CARTESIAN_POINT('Ctrl Pts',(-5.48603485655172,-0.196514076300601,
-0.128088886969583));
#13463=CARTESIAN_POINT('Ctrl Pts',(-5.49247244532051,-0.194936563138257,
-0.130815163649366));
#13464=CARTESIAN_POINT('Ctrl Pts',(-5.49995764181551,-0.193098744223985,
-0.133353204497509));
#13465=CARTESIAN_POINT('Ctrl Pts',(-5.50829874454364,-0.191047275671274,
-0.135622967619341));
#13466=CARTESIAN_POINT('Ctrl Pts',(-5.51371113490677,-0.189716114913895,
-0.13709577576565));
#13467=CARTESIAN_POINT('Ctrl Pts',(-5.519483996858,-0.188294984921486,-0.138456940694234));
#13468=CARTESIAN_POINT('Ctrl Pts',(-5.52556795903098,-0.18679601447298,
-0.139695632649031));
#13469=CARTESIAN_POINT('Ctrl Pts',(-5.53220840416667,-0.185159937400129,
-0.141047624284081));
#13470=CARTESIAN_POINT('Ctrl Pts',(-5.53921447404473,-0.183432280043168,
-0.142236062062719));
#13471=CARTESIAN_POINT('Ctrl Pts',(-5.54641021909537,-0.181656621608573,
-0.143261720531921));
#13472=CARTESIAN_POINT('Ctrl Pts',(-5.55417902996027,-0.179739550555893,
-0.144369061968164));
#13473=CARTESIAN_POINT('Ctrl Pts',(-5.56216910383651,-0.177766486778993,
-0.145286763948747));
#13474=CARTESIAN_POINT('Ctrl Pts',(-5.57021872265125,-0.175777681556609,
-0.146021695525196));
#13475=CARTESIAN_POINT('Ctrl Pts',(-5.57868031227544,-0.173687091427865,
-0.146794240107105));
#13476=CARTESIAN_POINT('Ctrl Pts',(-5.58720822311179,-0.171578981944726,
-0.147364972709127));
#13477=CARTESIAN_POINT('Ctrl Pts',(-5.59567211973265,-0.169486023237451,
-0.14774613025861));
#13478=CARTESIAN_POINT('Ctrl Pts',(-5.60482014803353,-0.167223891935006,
-0.148158096543875));
#13479=CARTESIAN_POINT('Ctrl Pts',(-5.6138937969177,-0.164979367499413,
-0.148348767221527));
#13480=CARTESIAN_POINT('Ctrl Pts',(-5.6227868477434,-0.162779335337654,
-0.14833595511967));
#13481=CARTESIAN_POINT('Ctrl Pts',(-5.62418500696789,-0.162433447821499,
-0.148333940809986));
#13482=CARTESIAN_POINT('Ctrl Pts',(-5.62557880338416,-0.162088635020178,
-0.148326898270139));
#13483=CARTESIAN_POINT('Ctrl Pts',(-5.62696793174749,-0.161744974759674,
-0.148314897389399));
#13484=CARTESIAN_POINT('Origin',(-5.62696793174749,-0.159999999924548,-0.198284438740354));
#13485=CARTESIAN_POINT('Origin',(-5.44641016151377,-0.159999999924548,-0.198284438740354));
#13486=CARTESIAN_POINT('Origin',(-7.46585239128006,-0.159999999924548,-0.198284438740354));
#13487=CARTESIAN_POINT('Origin',(-5.47067673230073,-0.253724715667351,-0.101496423504605));
#13488=CARTESIAN_POINT('Origin',(-5.8235382907248,-0.0499999999245486,-0.0943821996663793));
#13489=CARTESIAN_POINT('Ctrl Pts',(-7.64562683564859,-0.209999999924548,
-0.0640437987570877));
#13490=CARTESIAN_POINT('Ctrl Pts',(-7.63257749871937,-0.209999999924548,
-0.0743075833780496));
#13491=CARTESIAN_POINT('Ctrl Pts',(-7.62211985754977,-0.200069626551279,
-0.082532903728832));
#13492=CARTESIAN_POINT('Ctrl Pts',(-7.65679401720191,-0.209999999924548,
-0.0782436023959004));
#13493=CARTESIAN_POINT('Ctrl Pts',(-7.64324001038073,-0.209999999924547,
-0.0841947357380451));
#13494=CARTESIAN_POINT('Ctrl Pts',(-7.6319662993855,-0.202540546439121,
-0.0896966499164242));
#13495=CARTESIAN_POINT('Ctrl Pts',(-7.65999435057469,-0.209999999924548,
-0.091137238119242));
#13496=CARTESIAN_POINT('Ctrl Pts',(-7.64654289154038,-0.209999999924549,
-0.0938459998232199));
#13497=CARTESIAN_POINT('Ctrl Pts',(-7.63489460180188,-0.203297511795693,
-0.0961923461009607));
#13498=CARTESIAN_POINT('Ctrl Pts',(-7.6596052006855,-0.209999999924548,
-0.113129697706912));
#13499=CARTESIAN_POINT('Ctrl Pts',(-7.64627059871807,-0.209999999924549,
-0.109945846247397));
#13500=CARTESIAN_POINT('Ctrl Pts',(-7.63472030218735,-0.203309362729533,
-0.107188984829554));
#13501=CARTESIAN_POINT('Ctrl Pts',(-7.65593528949453,-0.209999999924548,
-0.125873627696471));
#13502=CARTESIAN_POINT('Ctrl Pts',(-7.64263251294518,-0.20999999992455,
-0.119446504072684));
#13503=CARTESIAN_POINT('Ctrl Pts',(-7.63160582252677,-0.202570744189997,
-0.113535086407439));
#13504=CARTESIAN_POINT('Ctrl Pts',(-7.63278023145524,-0.209999999924548,
-0.153245784151068));
#13505=CARTESIAN_POINT('Ctrl Pts',(-7.62050947891996,-0.209999999924546,
-0.138554080688434));
#13506=CARTESIAN_POINT('Ctrl Pts',(-7.61155483944677,-0.19767821819295,
-0.127050459349399));
#13507=CARTESIAN_POINT('Ctrl Pts',(-7.61270857689737,-0.209999999924548,
-0.167875613632899));
#13508=CARTESIAN_POINT('Ctrl Pts',(-7.60021692177,-0.209999999924548,-0.148397894821933));
#13509=CARTESIAN_POINT('Ctrl Pts',(-7.59410491455453,-0.193397915507282,
-0.134215782673111));
#13510=CARTESIAN_POINT('Ctrl Pts',(-7.55111936454651,-0.209999999924548,
-0.190686628482447));
#13511=CARTESIAN_POINT('Ctrl Pts',(-7.54200438222243,-0.209999999924548,
-0.159057678282446));
#13512=CARTESIAN_POINT('Ctrl Pts',(-7.54039383859,-0.180167003385662,-0.145159350885808));
#13513=CARTESIAN_POINT('Ctrl Pts',(-7.50962172326509,-0.209999999924548,
-0.198284427805263));
#13514=CARTESIAN_POINT('Ctrl Pts',(-7.50122558316294,-0.209999999924551,
-0.158420348205895));
#13515=CARTESIAN_POINT('Ctrl Pts',(-7.50414762501726,-0.171218937027543,
-0.148645735441972));
#13516=CARTESIAN_POINT('Ctrl Pts',(-7.46585239127926,-0.209999999924548,
-0.198284438740354));
#13517=CARTESIAN_POINT('Ctrl Pts',(-7.46585239127936,-0.209999999924548,
-0.149999999999833));
#13518=CARTESIAN_POINT('Ctrl Pts',(-7.46585239127936,-0.161744974759501,
-0.148314897389393));
#13519=CARTESIAN_POINT('Ctrl Pts',(-7.46585239128006,-0.161744974759674,
-0.148314897389399));
#13520=CARTESIAN_POINT('Ctrl Pts',(-7.47442099708096,-0.163864785555733,
-0.148388922813574));
#13521=CARTESIAN_POINT('Ctrl Pts',(-7.48317062931479,-0.16602929515939,
-0.148274273372397));
#13522=CARTESIAN_POINT('Ctrl Pts',(-7.49201236107517,-0.168215949646816,
-0.147954584603389));
#13523=CARTESIAN_POINT('Ctrl Pts',(-7.50037407428373,-0.170283890430997,
-0.147652251771441));
#13524=CARTESIAN_POINT('Ctrl Pts',(-7.50881861596557,-0.172371744163972,
-0.147166406015208));
#13525=CARTESIAN_POINT('Ctrl Pts',(-7.51722911326487,-0.174450163761044,
-0.146484571828547));
#13526=CARTESIAN_POINT('Ctrl Pts',(-7.52522422440113,-0.176425932264977,
-0.145836412759605));
#13527=CARTESIAN_POINT('Ctrl Pts',(-7.5331890003186,-0.178393277612802,
-0.145011026160439));
#13528=CARTESIAN_POINT('Ctrl Pts',(-7.54097805121759,-0.180315961959125,
-0.144000741703511));
#13529=CARTESIAN_POINT('Ctrl Pts',(-7.54827994077123,-0.182118393208504,
-0.143053644859762));
#13530=CARTESIAN_POINT('Ctrl Pts',(-7.55542763822992,-0.183881632735621,
-0.141943963513988));
#13531=CARTESIAN_POINT('Ctrl Pts',(-7.56225634922349,-0.185564822345186,
-0.140669586977987));
#13532=CARTESIAN_POINT('Ctrl Pts',(-7.56394235948717,-0.185980402234291,
-0.140354943127705));
#13533=CARTESIAN_POINT('Ctrl Pts',(-7.56560868740251,-0.186391044394055,
-0.140030284462347));
#13534=CARTESIAN_POINT('Ctrl Pts',(-7.56725236399557,-0.186796014472739,
-0.139695632649238));
#13535=CARTESIAN_POINT('Ctrl Pts',(-7.5767736895072,-0.189141884674881,
-0.137757095068838));
#13536=CARTESIAN_POINT('Ctrl Pts',(-7.58553391614831,-0.191297288333411,
-0.135516289992173));
#13537=CARTESIAN_POINT('Ctrl Pts',(-7.59334070224463,-0.193215076422617,
-0.133023148126797));
#13538=CARTESIAN_POINT('Ctrl Pts',(-7.60040630690084,-0.194950788441045,
-0.130766706800596));
#13539=CARTESIAN_POINT('Ctrl Pts',(-7.60669015359042,-0.19649168323815,
-0.128303181043638));
#13540=CARTESIAN_POINT('Ctrl Pts',(-7.61204174145379,-0.197801256604865,
-0.125710099479235));
#13541=CARTESIAN_POINT('Ctrl Pts',(-7.61566808713991,-0.198688650374771,
-0.123952974232499));
#13542=CARTESIAN_POINT('Ctrl Pts',(-7.61886619370445,-0.199469794294374,
-0.122137144885283));
#13543=CARTESIAN_POINT('Ctrl Pts',(-7.62158959181642,-0.200133496931159,
-0.120300606413145));
#13544=CARTESIAN_POINT('Ctrl Pts',(-7.62501892470757,-0.200969238599724,
-0.117988016946085));
#13545=CARTESIAN_POINT('Ctrl Pts',(-7.62775211641705,-0.201632672757417,
-0.115644005754058));
#13546=CARTESIAN_POINT('Ctrl Pts',(-7.6298084338965,-0.202128759218444,
-0.113295922605138));
#13547=CARTESIAN_POINT('Ctrl Pts',(-7.63168078129011,-0.202580462907975,
-0.111157912590723));
#13548=CARTESIAN_POINT('Ctrl Pts',(-7.63299171625728,-0.202893365394696,
-0.109016539897553));
#13549=CARTESIAN_POINT('Ctrl Pts',(-7.63379556172872,-0.203080984752617,
-0.106900335044438));
#13550=CARTESIAN_POINT('Ctrl Pts',(-7.63446454457155,-0.203237126866859,
-0.105139169759592));
#13551=CARTESIAN_POINT('Ctrl Pts',(-7.63478271769873,-0.203306595220541,
-0.103395537046497));
#13552=CARTESIAN_POINT('Ctrl Pts',(-7.63480792608545,-0.203303710963776,
-0.10169067386498));
#13553=CARTESIAN_POINT('Ctrl Pts',(-7.63481009418573,-0.203303462897212,
-0.101544043524242));
#13554=CARTESIAN_POINT('Ctrl Pts',(-7.63481012097062,-0.203302679283464,
-0.101396390729214));
#13555=CARTESIAN_POINT('Ctrl Pts',(-7.63480790366313,-0.203301334612687,
-0.101247711688716));
#13556=CARTESIAN_POINT('Origin',(-5.8235382907248,-0.0499999999245483,-0.0943821996663793));
#13557=CARTESIAN_POINT('',(-5.8235382907248,7.54515807471767E-11,-0.0943821996663793));
#13558=CARTESIAN_POINT('Origin',(-5.8235382907248,-0.0499999999245483,-0.0943821996663793));
#13559=CARTESIAN_POINT('Origin',(-5.8235382907248,-0.0499999999245483,-0.0943821996663793));
#13560=CARTESIAN_POINT('Origin',(-7.61760863225216,-0.251106456171244,-0.101404991868272));
#13561=CARTESIAN_POINT('Origin',(-7.26928203230275,-0.0499999999245483,
-0.0943821996663793));
#13562=CARTESIAN_POINT('Origin',(-6.54641016151377,-0.0499999999245483,
-0.0943821996663793));
#13563=CARTESIAN_POINT('',(-7.26928203230275,7.54515807471767E-11,-0.0943821996663793));
#13564=CARTESIAN_POINT('',(-7.28267949192431,7.54515807471767E-11,-0.0943821996663793));
#13565=CARTESIAN_POINT('Origin',(-7.26928203230275,-0.0499999999245483,
-0.0943821996663793));
#13566=CARTESIAN_POINT('Origin',(-5.8235382907248,-0.0499999999245483,0.));
#13567=CARTESIAN_POINT('',(-5.8235382907248,7.54515807471767E-11,0.0943821996663793));
#13568=CARTESIAN_POINT('Origin',(-5.8235382907248,-0.0499999999245486,0.0943821996663793));
#13569=CARTESIAN_POINT('',(-5.8235382907248,7.54515807471767E-11,-0.142666638406733));
#13570=CARTESIAN_POINT('Origin',(-7.26928203230275,-0.0499999999245483,
-0.0943821996663793));
#13571=CARTESIAN_POINT('Origin',(-7.26928203230275,-0.0499999999245486,
-0.0943821996663793));
#13572=CARTESIAN_POINT('Origin',(-5.8235382907248,-0.0499999999245483,0.0943821996663793));
#13573=CARTESIAN_POINT('Origin',(-5.8235382907248,-0.0499999999245483,0.0943821996663793));
#13574=CARTESIAN_POINT('Origin',(-5.8235382907248,-0.0499999999245483,0.0943821996663793));
#13575=CARTESIAN_POINT('Origin',(-7.26928203230275,-0.0499999999245483,
0.));
#13576=CARTESIAN_POINT('',(-7.26928203230275,7.54515807471767E-11,0.0943821996663793));
#13577=CARTESIAN_POINT('',(-7.26928203230275,7.54515807471767E-11,0.142666638406733));
#13578=CARTESIAN_POINT('Origin',(-7.26928203230275,-0.0499999999245483,
0.0943821996663793));
#13579=CARTESIAN_POINT('Origin',(-6.54641016151377,-0.0499999999245483,
0.0943821996663793));
#13580=CARTESIAN_POINT('Origin',(-7.26928203230275,-0.0499999999245483,
0.0943821996663793));
#13581=CARTESIAN_POINT('',(-5.81014083110324,7.54515807471767E-11,0.0943821996663793));
#13582=CARTESIAN_POINT('Origin',(-5.47067673230073,-0.253724715667351,0.101496423504605));
#13583=CARTESIAN_POINT('Ctrl Pts',(-5.45801241936442,-0.203301334612687,
0.101247711688716));
#13584=CARTESIAN_POINT('Ctrl Pts',(-5.45801020205693,-0.203302679283464,
0.101396390729214));
#13585=CARTESIAN_POINT('Ctrl Pts',(-5.45801022884182,-0.203303462897212,
0.101544043524242));
#13586=CARTESIAN_POINT('Ctrl Pts',(-5.45801239694209,-0.203303710963776,
0.10169067386498));
#13587=CARTESIAN_POINT('Ctrl Pts',(-5.45804232448748,-0.203307135170418,
0.103714697488408));
#13588=CARTESIAN_POINT('Ctrl Pts',(-5.45848644029572,-0.203208269399853,
0.105793142687239));
#13589=CARTESIAN_POINT('Ctrl Pts',(-5.4594374101576,-0.202984166382969,
0.107891197929179));
#13590=CARTESIAN_POINT('Ctrl Pts',(-5.46047463233591,-0.20273973737564,
0.110179545347431));
#13591=CARTESIAN_POINT('Ctrl Pts',(-5.4621145408999,-0.20234639436521,0.112491204368914));
#13592=CARTESIAN_POINT('Ctrl Pts',(-5.46441470947696,-0.201789778229488,
0.114792452929966));
#13593=CARTESIAN_POINT('Ctrl Pts',(-5.4662606229101,-0.201343086968561,
0.116639233063474));
#13594=CARTESIAN_POINT('Ctrl Pts',(-5.46853031274741,-0.200791599338925,
0.118479564392999));
#13595=CARTESIAN_POINT('Ctrl Pts',(-5.47123073121113,-0.20013349693116,
0.120300606413147));
#13596=CARTESIAN_POINT('Ctrl Pts',(-5.47520343093378,-0.199165334667447,
0.122979618286892));
#13597=CARTESIAN_POINT('Ctrl Pts',(-5.48018644423143,-0.19794721341847,
0.125612122656941));
#13598=CARTESIAN_POINT('Ctrl Pts',(-5.48603485655286,-0.196514076300333,
0.128088886970079));
#13599=CARTESIAN_POINT('Ctrl Pts',(-5.49247244532178,-0.194936563137958,
0.130815163649838));
#13600=CARTESIAN_POINT('Ctrl Pts',(-5.4999576418169,-0.193098744223655,
0.133353204497956));
#13601=CARTESIAN_POINT('Ctrl Pts',(-5.50829874454515,-0.191047275670915,
0.135622967619758));
#13602=CARTESIAN_POINT('Ctrl Pts',(-5.51371113490814,-0.189716114913569,
0.13709577576599));
#13603=CARTESIAN_POINT('Ctrl Pts',(-5.51948399685919,-0.1882949849212,0.138456940694503));
#13604=CARTESIAN_POINT('Ctrl Pts',(-5.52556795903198,-0.18679601447274,
0.139695632649239));
#13605=CARTESIAN_POINT('Ctrl Pts',(-5.53220840416774,-0.18515993739987,
0.14104762428428));
#13606=CARTESIAN_POINT('Ctrl Pts',(-5.53921447404587,-0.183432280042889,
0.142236062062907));
#13607=CARTESIAN_POINT('Ctrl Pts',(-5.54641021909659,-0.181656621608275,
0.143261720532097));
#13608=CARTESIAN_POINT('Ctrl Pts',(-5.55417902996154,-0.179739550555583,
0.144369061968322));
#13609=CARTESIAN_POINT('Ctrl Pts',(-5.56216910383782,-0.177766486778672,
0.145286763948887));
#13610=CARTESIAN_POINT('Ctrl Pts',(-5.5702187226526,-0.175777681556279,
0.146021695525317));
#13611=CARTESIAN_POINT('Ctrl Pts',(-5.57868031227681,-0.173687091427529,
0.146794240107205));
#13612=CARTESIAN_POINT('Ctrl Pts',(-5.58720822311318,-0.171578981944384,
0.147364972709207));
#13613=CARTESIAN_POINT('Ctrl Pts',(-5.59567211973405,-0.169486023237108,
0.14774613025867));
#13614=CARTESIAN_POINT('Ctrl Pts',(-5.60482014803488,-0.167223891934675,
0.148158096543911));
#13615=CARTESIAN_POINT('Ctrl Pts',(-5.61389379691898,-0.164979367499096,
0.148348767221542));
#13616=CARTESIAN_POINT('Ctrl Pts',(-5.6227868477446,-0.162779335337357,
0.148335955119668));
#13617=CARTESIAN_POINT('Ctrl Pts',(-5.62418500696869,-0.162433447821302,
0.148333940809982));
#13618=CARTESIAN_POINT('Ctrl Pts',(-5.62557880338455,-0.16208863502008,
0.148326898270136));
#13619=CARTESIAN_POINT('Ctrl Pts',(-5.62696793174749,-0.161744974759674,
0.148314897389399));
#13620=CARTESIAN_POINT('Origin',(-7.26928203230275,-0.0499999999245483,
0.0943821996663793));
#13621=CARTESIAN_POINT('Origin',(-7.26928203230275,-0.0499999999245486,
0.0943821996663793));
#13622=CARTESIAN_POINT('Ctrl Pts',(-5.44719348737896,-0.209999999924548,
0.0640437987570905));
#13623=CARTESIAN_POINT('Ctrl Pts',(-5.46024282430817,-0.209999999924548,
0.0743075833780516));
#13624=CARTESIAN_POINT('Ctrl Pts',(-5.47070046547778,-0.20006962655128,
0.0825329037288335));
#13625=CARTESIAN_POINT('Ctrl Pts',(-5.43602630582563,-0.209999999924548,
0.0782436023958924));
#13626=CARTESIAN_POINT('Ctrl Pts',(-5.44958031264682,-0.209999999924548,
0.084194735738033));
#13627=CARTESIAN_POINT('Ctrl Pts',(-5.46085402364205,-0.202540546439119,
0.089696649916432));
#13628=CARTESIAN_POINT('Ctrl Pts',(-5.43282597245285,-0.209999999924548,
0.0911372381192436));
#13629=CARTESIAN_POINT('Ctrl Pts',(-5.44627743148717,-0.20999999992455,
0.093845999823221));
#13630=CARTESIAN_POINT('Ctrl Pts',(-5.45792572122567,-0.203297511795692,
0.0961923461009614));
#13631=CARTESIAN_POINT('Ctrl Pts',(-5.43321512234205,-0.209999999924548,
0.113129697706913));
#13632=CARTESIAN_POINT('Ctrl Pts',(-5.44654972430949,-0.209999999924547,
0.109945846247398));
#13633=CARTESIAN_POINT('Ctrl Pts',(-5.4581000208402,-0.203309362729533,
0.107188984829554));
#13634=CARTESIAN_POINT('Ctrl Pts',(-5.43688503353302,-0.209999999924548,
0.125873627696475));
#13635=CARTESIAN_POINT('Ctrl Pts',(-5.45018781008238,-0.209999999924551,
0.119446504072687));
#13636=CARTESIAN_POINT('Ctrl Pts',(-5.46121450050079,-0.202570744189994,
0.113535086407442));
#13637=CARTESIAN_POINT('Ctrl Pts',(-5.46004009157231,-0.209999999924548,
0.153245784151067));
#13638=CARTESIAN_POINT('Ctrl Pts',(-5.47231084410758,-0.209999999924546,
0.138554080688432));
#13639=CARTESIAN_POINT('Ctrl Pts',(-5.48126548358077,-0.197678218192954,
0.127050459349397));
#13640=CARTESIAN_POINT('Ctrl Pts',(-5.48011174613019,-0.209999999924548,
0.1678756136329));
#13641=CARTESIAN_POINT('Ctrl Pts',(-5.49260340125752,-0.209999999924551,
0.148397894821936));
#13642=CARTESIAN_POINT('Ctrl Pts',(-5.49871540847302,-0.193397915507282,
0.134215782673112));
#13643=CARTESIAN_POINT('Ctrl Pts',(-5.54170095848104,-0.209999999924548,
0.190686628482447));
#13644=CARTESIAN_POINT('Ctrl Pts',(-5.55081594080515,-0.209999999924546,
0.159057678282444));
#13645=CARTESIAN_POINT('Ctrl Pts',(-5.55242648443755,-0.180167003385661,
0.145159350885808));
#13646=CARTESIAN_POINT('Ctrl Pts',(-5.58319859976247,-0.209999999924548,
0.198284427805262));
#13647=CARTESIAN_POINT('Ctrl Pts',(-5.5915947398646,-0.209999999924551,
0.158420348205913));
#13648=CARTESIAN_POINT('Ctrl Pts',(-5.58867269801029,-0.171218937027544,
0.148645735441972));
#13649=CARTESIAN_POINT('Ctrl Pts',(-5.62696793174829,-0.209999999924548,
0.198284438740354));
#13650=CARTESIAN_POINT('Ctrl Pts',(-5.62696793174819,-0.209999999924548,
0.149999999999832));
#13651=CARTESIAN_POINT('Ctrl Pts',(-5.62696793174819,-0.1617449747595,0.148314897389393));
#13652=CARTESIAN_POINT('Origin',(-5.62696793174749,-0.159999999924548,0.198284438740354));
#13653=CARTESIAN_POINT('Origin',(-5.97264646472664,0.698612894056358,0.0682400613571218));
#13654=CARTESIAN_POINT('Ctrl Pts',(-7.46585239128006,-0.161744974759674,
0.148314897389399));
#13655=CARTESIAN_POINT('Ctrl Pts',(-7.47442099708096,-0.163864785555733,
0.148388922813574));
#13656=CARTESIAN_POINT('Ctrl Pts',(-7.48317062931478,-0.166029295159386,
0.148274273372398));
#13657=CARTESIAN_POINT('Ctrl Pts',(-7.49201236107514,-0.168215949646807,
0.147954584603391));
#13658=CARTESIAN_POINT('Ctrl Pts',(-7.50037407428366,-0.170283890430977,
0.147652251771445));
#13659=CARTESIAN_POINT('Ctrl Pts',(-7.50881861596545,-0.17237174416394,
0.147166406015216));
#13660=CARTESIAN_POINT('Ctrl Pts',(-7.5172291132647,-0.174450163761,0.146484571828562));
#13661=CARTESIAN_POINT('Ctrl Pts',(-7.52522422440089,-0.176425932264916,
0.145836412759627));
#13662=CARTESIAN_POINT('Ctrl Pts',(-7.53318900031829,-0.178393277612724,
0.145011026160472));
#13663=CARTESIAN_POINT('Ctrl Pts',(-7.54097805121722,-0.180315961959033,
0.144000741703558));
#13664=CARTESIAN_POINT('Ctrl Pts',(-7.54827994077075,-0.182118393208387,
0.143053644859827));
#13665=CARTESIAN_POINT('Ctrl Pts',(-7.55542763822935,-0.18388163273548,
0.141943963514077));
#13666=CARTESIAN_POINT('Ctrl Pts',(-7.56225634922285,-0.185564822345024,
0.140669586978105));
#13667=CARTESIAN_POINT('Ctrl Pts',(-7.56394235948709,-0.185980402234266,
0.140354943127721));
#13668=CARTESIAN_POINT('Ctrl Pts',(-7.56560868740297,-0.186391044394165,
0.140030284462256));
#13669=CARTESIAN_POINT('Ctrl Pts',(-7.56725236399656,-0.186796014472979,
0.139695632649033));
#13670=CARTESIAN_POINT('Ctrl Pts',(-7.57677368950799,-0.189141884675066,
0.13775709506864));
#13671=CARTESIAN_POINT('Ctrl Pts',(-7.58553391614891,-0.191297288333548,
0.135516289991991));
#13672=CARTESIAN_POINT('Ctrl Pts',(-7.59334070224509,-0.193215076422717,
0.133023148126637));
#13673=CARTESIAN_POINT('Ctrl Pts',(-7.60040630690119,-0.19495078844112,
0.130766706800445));
#13674=CARTESIAN_POINT('Ctrl Pts',(-7.6066901535907,-0.196491683238206,
0.128303181043499));
#13675=CARTESIAN_POINT('Ctrl Pts',(-7.612041741454,-0.197801256604906,0.125710099479109));
#13676=CARTESIAN_POINT('Ctrl Pts',(-7.61566808714036,-0.198688650374869,
0.12395297423225));
#13677=CARTESIAN_POINT('Ctrl Pts',(-7.61886619370507,-0.199469794294514,
0.122137144884903));
#13678=CARTESIAN_POINT('Ctrl Pts',(-7.62158959181715,-0.200133496931325,
0.120300606412633));
#13679=CARTESIAN_POINT('Ctrl Pts',(-7.6250189247082,-0.200969238599867,
0.117988016945561));
#13680=CARTESIAN_POINT('Ctrl Pts',(-7.62775211641759,-0.201632672757539,
0.115644005753531));
#13681=CARTESIAN_POINT('Ctrl Pts',(-7.62980843389695,-0.202128759218546,
0.113295922604609));
#13682=CARTESIAN_POINT('Ctrl Pts',(-7.63168078129047,-0.202580462908054,
0.111157912590208));
#13683=CARTESIAN_POINT('Ctrl Pts',(-7.63299171625756,-0.202893365394756,
0.109016539897053));
#13684=CARTESIAN_POINT('Ctrl Pts',(-7.63379556172891,-0.203080984752658,
0.106900335043943));
#13685=CARTESIAN_POINT('Ctrl Pts',(-7.63446454457169,-0.203237126866888,
0.105139169759068));
#13686=CARTESIAN_POINT('Ctrl Pts',(-7.63478271769881,-0.203306595220556,
0.103395537045938));
#13687=CARTESIAN_POINT('Ctrl Pts',(-7.63480792608546,-0.203303710963775,
0.101690673864373));
#13688=CARTESIAN_POINT('Ctrl Pts',(-7.63481009418573,-0.203303462897209,
0.101544043523835));
#13689=CARTESIAN_POINT('Ctrl Pts',(-7.63481012097062,-0.203302679283461,
0.101396390729009));
#13690=CARTESIAN_POINT('Ctrl Pts',(-7.63480790366313,-0.203301334612687,
0.101247711688716));
#13691=CARTESIAN_POINT('Origin',(-5.44641016151377,-0.159999999924548,0.198284438740354));
#13692=CARTESIAN_POINT('Origin',(-7.46585239128006,-0.159999999924548,0.198284438740354));
#13693=CARTESIAN_POINT('Ctrl Pts',(-7.46585239127926,-0.209999999924548,
0.198284438740354));
#13694=CARTESIAN_POINT('Ctrl Pts',(-7.46585239127936,-0.209999999924548,
0.149999999999833));
#13695=CARTESIAN_POINT('Ctrl Pts',(-7.46585239127936,-0.161744974759501,
0.148314897389393));
#13696=CARTESIAN_POINT('Ctrl Pts',(-7.50962172326561,-0.209999999924548,
0.19828442780526));
#13697=CARTESIAN_POINT('Ctrl Pts',(-7.50122558316335,-0.209999999924549,
0.158420348205941));
#13698=CARTESIAN_POINT('Ctrl Pts',(-7.50414762501773,-0.171218937027616,
0.148645735441975));
#13699=CARTESIAN_POINT('Ctrl Pts',(-7.55111936454756,-0.209999999924548,
0.190686628482236));
#13700=CARTESIAN_POINT('Ctrl Pts',(-7.54200438222337,-0.209999999924545,
0.159057678282429));
#13701=CARTESIAN_POINT('Ctrl Pts',(-7.54039383859091,-0.180167003385887,
0.145159350885711));
#13702=CARTESIAN_POINT('Ctrl Pts',(-7.61270857689859,-0.209999999924548,
0.167875613632266));
#13703=CARTESIAN_POINT('Ctrl Pts',(-7.60021692177119,-0.209999999924551,
0.148397894821571));
#13704=CARTESIAN_POINT('Ctrl Pts',(-7.5941049145556,-0.193397915507545,
0.134215782672803));
#13705=CARTESIAN_POINT('Ctrl Pts',(-7.63278023145635,-0.209999999924548,
0.15324578415019));
#13706=CARTESIAN_POINT('Ctrl Pts',(-7.62050947892104,-0.209999999924547,
0.138554080687849));
#13707=CARTESIAN_POINT('Ctrl Pts',(-7.61155483944774,-0.197678218193191,
0.127050459348965));
#13708=CARTESIAN_POINT('Ctrl Pts',(-7.65593528949513,-0.209999999924548,
0.125873627695327));
#13709=CARTESIAN_POINT('Ctrl Pts',(-7.64263251294574,-0.209999999924549,
0.119446504071855));
#13710=CARTESIAN_POINT('Ctrl Pts',(-7.63160582252728,-0.202570744190117,
0.113535086406874));
#13711=CARTESIAN_POINT('Ctrl Pts',(-7.65960520068579,-0.209999999924548,
0.113129697705855));
#13712=CARTESIAN_POINT('Ctrl Pts',(-7.64627059871834,-0.209999999924549,
0.109945846246622));
#13713=CARTESIAN_POINT('Ctrl Pts',(-7.6347203021876,-0.203309362729591,
0.107188984829028));
#13714=CARTESIAN_POINT('Ctrl Pts',(-7.65999435057445,-0.209999999924548,
0.0911372381178727));
#13715=CARTESIAN_POINT('Ctrl Pts',(-7.64654289154014,-0.209999999924548,
0.0938459998222136));
#13716=CARTESIAN_POINT('Ctrl Pts',(-7.63489460180165,-0.203297511795633,
0.0961923461002737));
#13717=CARTESIAN_POINT('Ctrl Pts',(-7.65679401720116,-0.209999999924548,
0.0782436023940206));
#13718=CARTESIAN_POINT('Ctrl Pts',(-7.64324001037999,-0.209999999924556,
0.0841947357366476));
#13719=CARTESIAN_POINT('Ctrl Pts',(-7.63196629938485,-0.202540546438957,
0.0896966499154959));
#13720=CARTESIAN_POINT('Ctrl Pts',(-7.64562683564694,-0.209999999924548,
0.0640437987549986));
#13721=CARTESIAN_POINT('Ctrl Pts',(-7.63257749871778,-0.209999999924548,
0.0743075833765749));
#13722=CARTESIAN_POINT('Ctrl Pts',(-7.62211985754832,-0.200069626550914,
0.0825329037277749));
#13723=CARTESIAN_POINT('Origin',(-6.54641016151377,7.54515807471767E-11,
0.));
#13724=CARTESIAN_POINT('Origin',(-5.97264646472664,0.698612894056358,0.0682400613571218));
#13725=CARTESIAN_POINT('',(-7.39928203230275,0.175166605059406,0.0943821996663793));
#13726=CARTESIAN_POINT('',(-6.10264646472664,0.923779499040312,0.0682400613571218));
#13727=CARTESIAN_POINT('Origin',(-7.26928203230275,-0.0499999999245482,
0.0943821996663793));
#13728=CARTESIAN_POINT('Origin',(-7.26928203230275,-0.0499999999245483,
0.0943821996663793));
#13729=CARTESIAN_POINT('',(-7.26928203230275,0.210000000075452,0.0943821996663793));
#13730=CARTESIAN_POINT('Origin',(-7.26928203230275,-0.0499999999245483,
0.0943821996663793));
#13731=CARTESIAN_POINT('Origin',(-7.26928203230275,-0.0499999999245483,
0.0943821996663793));
#13732=CARTESIAN_POINT('Origin',(-5.47067673230073,-0.253724715667351,0.101496423504605));
#13733=CARTESIAN_POINT('',(-5.6935382907248,0.175166605059406,0.0943821996663792));
#13734=CARTESIAN_POINT('Origin',(-5.8235382907248,-0.0499999999245484,0.0943821996663792));
#13735=CARTESIAN_POINT('',(-5.34067673230074,-0.0285581106833962,0.101496423504605));
#13736=CARTESIAN_POINT('Origin',(-6.54641016151377,-0.0499999999245483,
0.0943821996663793));
#13737=CARTESIAN_POINT('',(-5.8235382907248,0.210000000075452,0.0943821996663793));
#13738=CARTESIAN_POINT('Origin',(-5.8235382907248,-0.0499999999245483,0.0943821996663793));
#13739=CARTESIAN_POINT('',(-6.54641016151377,0.210000000075452,0.0943821996663793));
#13740=CARTESIAN_POINT('Origin',(-7.26928203230275,-0.0499999999245483,
0.));
#13741=CARTESIAN_POINT('',(-7.26928203230275,0.210000000075452,-0.0943821996663793));
#13742=CARTESIAN_POINT('',(-7.39928203230275,0.175166605059406,-0.0943821996663793));
#13743=CARTESIAN_POINT('Origin',(-7.26928203230275,-0.0499999999245483,
-0.0943821996663793));
#13744=CARTESIAN_POINT('',(-7.39928203230275,0.175166605059406,0.15));
#13745=CARTESIAN_POINT('',(-7.26928203230275,0.210000000075452,0.));
#13746=CARTESIAN_POINT('Origin',(-5.8235382907248,-0.0499999999245483,0.0943821996663793));
#13747=CARTESIAN_POINT('Origin',(-5.8235382907248,-0.0499999999245483,0.0943821996663793));
#13748=CARTESIAN_POINT('Origin',(-7.26928203230275,-0.0499999999245483,
-0.0943821996663793));
#13749=CARTESIAN_POINT('Origin',(-7.26928203230275,-0.0499999999245483,
-0.0943821996663793));
#13750=CARTESIAN_POINT('Origin',(-7.26928203230275,-0.0499999999245483,
-0.0943821996663793));
#13751=CARTESIAN_POINT('Origin',(-5.8235382907248,-0.0499999999245483,0.));
#13752=CARTESIAN_POINT('',(-5.6935382907248,0.175166605059406,-0.0943821996663793));
#13753=CARTESIAN_POINT('',(-5.8235382907248,0.210000000075452,-0.0943821996663793));
#13754=CARTESIAN_POINT('Origin',(-5.8235382907248,-0.0499999999245483,-0.0943821996663793));
#13755=CARTESIAN_POINT('',(-5.8235382907248,0.210000000075452,0.));
#13756=CARTESIAN_POINT('',(-5.6935382907248,0.175166605059406,0.15));
#13757=CARTESIAN_POINT('Origin',(-6.54641016151377,-0.0499999999245483,
-0.0943821996663793));
#13758=CARTESIAN_POINT('Origin',(-5.8235382907248,-0.0499999999245483,-0.0943821996663793));
#13759=CARTESIAN_POINT('',(-6.54641016151377,0.210000000075452,-0.0943821996663793));
#13760=CARTESIAN_POINT('Origin',(-7.61760863225216,-0.251106456171244,-0.101404991868272));
#13761=CARTESIAN_POINT('',(-7.74760863225216,-0.0259398511872893,-0.101404991868272));
#13762=CARTESIAN_POINT('Origin',(-5.8235382907248,-0.0499999999245483,-0.0943821996663793));
#13763=CARTESIAN_POINT('Origin',(-5.8235382907248,-0.0499999999245484,-0.0943821996663793));
#13764=CARTESIAN_POINT('Origin',(-5.47067673230073,-0.253724715667351,-0.101496423504605));
#13765=CARTESIAN_POINT('',(-5.34067673230074,-0.0285581106833962,-0.101496423504606));
#13766=CARTESIAN_POINT('Origin',(-6.54641016151377,0.210000000075452,0.));
#13767=CARTESIAN_POINT('Origin',(-5.34141016151377,-0.028134665129816,0.15));
#13768=CARTESIAN_POINT('Origin',(-7.75141016151377,-0.028134665129816,0.15));
#13769=CARTESIAN_POINT('',(11.468428827685,7.24969762341788,24.2850330441989));
#13770=CARTESIAN_POINT('',(0.0383288276850091,2.94969762341773,21.6400330441989));
#13771=CARTESIAN_POINT('',(2.57832882768501,2.94969762341758,21.6400330441989));
#13772=CARTESIAN_POINT('',(5.118328827685,2.94969762341758,21.6400330441989));
#13773=CARTESIAN_POINT('',(7.65832882768501,2.94969762341758,21.6400330441989));
#13774=CARTESIAN_POINT('',(10.198328827685,2.94969762341758,21.6400330441989));
#13775=CARTESIAN_POINT('',(12.738328827685,2.94969762341758,21.6400330441989));
#13776=CARTESIAN_POINT('',(15.278328827685,2.94969762341758,21.6400330441989));
#13777=CARTESIAN_POINT('',(17.818328827685,2.94969762341758,21.6400330441989));
#13778=CARTESIAN_POINT('',(0.0383288276850152,2.94969762341807,26.9300330441989));
#13779=CARTESIAN_POINT('',(2.57832882768501,2.94969762341792,26.9300330441989));
#13780=CARTESIAN_POINT('',(5.11832882768501,2.94969762341792,26.9300330441989));
#13781=CARTESIAN_POINT('',(7.65832882768501,2.94969762341792,26.9300330441989));
#13782=CARTESIAN_POINT('',(10.198328827685,2.94969762341792,26.9300330441989));
#13783=CARTESIAN_POINT('',(12.738328827685,2.94969762341792,26.9300330441989));
#13784=CARTESIAN_POINT('',(15.278328827685,2.94969762341792,26.9300330441989));
#13785=CARTESIAN_POINT('',(17.818328827685,2.94969762341792,26.9300330441989));
#13786=UNCERTAINTY_MEASURE_WITH_UNIT(LENGTH_MEASURE(0.01),#13794,
'DISTANCE_ACCURACY_VALUE',
'Maximum model space distance between geometric entities at asserted c
onnectivities');
#13787=UNCERTAINTY_MEASURE_WITH_UNIT(LENGTH_MEASURE(0.01),#13794,
'DISTANCE_ACCURACY_VALUE',
'Maximum model space distance between geometric entities at asserted c
onnectivities');
#13788=UNCERTAINTY_MEASURE_WITH_UNIT(LENGTH_MEASURE(0.01),#13794,
'DISTANCE_ACCURACY_VALUE',
'Maximum model space distance between geometric entities at asserted c
onnectivities');
#13789=UNCERTAINTY_MEASURE_WITH_UNIT(LENGTH_MEASURE(0.01),#13794,
'DISTANCE_ACCURACY_VALUE',
'Maximum model space distance between geometric entities at asserted c
onnectivities');
#13790=(
GEOMETRIC_REPRESENTATION_CONTEXT(3)
GLOBAL_UNCERTAINTY_ASSIGNED_CONTEXT((#13786))
GLOBAL_UNIT_ASSIGNED_CONTEXT((#13794,#13796,#13797))
REPRESENTATION_CONTEXT('','3D')
);
#13791=(
GEOMETRIC_REPRESENTATION_CONTEXT(3)
GLOBAL_UNCERTAINTY_ASSIGNED_CONTEXT((#13787))
GLOBAL_UNIT_ASSIGNED_CONTEXT((#13794,#13796,#13797))
REPRESENTATION_CONTEXT('','3D')
);
#13792=(
GEOMETRIC_REPRESENTATION_CONTEXT(3)
GLOBAL_UNCERTAINTY_ASSIGNED_CONTEXT((#13788))
GLOBAL_UNIT_ASSIGNED_CONTEXT((#13794,#13796,#13797))
REPRESENTATION_CONTEXT('','3D')
);
#13793=(
GEOMETRIC_REPRESENTATION_CONTEXT(3)
GLOBAL_UNCERTAINTY_ASSIGNED_CONTEXT((#13789))
GLOBAL_UNIT_ASSIGNED_CONTEXT((#13794,#13796,#13797))
REPRESENTATION_CONTEXT('','3D')
);
#13794=(
LENGTH_UNIT()
NAMED_UNIT(*)
SI_UNIT(.MILLI.,.METRE.)
);
#13795=(
LENGTH_UNIT()
NAMED_UNIT(*)
SI_UNIT($,.METRE.)
);
#13796=(
NAMED_UNIT(*)
PLANE_ANGLE_UNIT()
SI_UNIT($,.RADIAN.)
);
#13797=(
NAMED_UNIT(*)
SI_UNIT($,.STERADIAN.)
SOLID_ANGLE_UNIT()
);
#13798=SHAPE_DEFINITION_REPRESENTATION(#13801,#13821);
#13799=SHAPE_DEFINITION_REPRESENTATION(#13802,#13822);
#13800=SHAPE_DEFINITION_REPRESENTATION(#13803,#13823);
#13801=PRODUCT_DEFINITION_SHAPE('',$,#13825);
#13802=PRODUCT_DEFINITION_SHAPE('',$,#13826);
#13803=PRODUCT_DEFINITION_SHAPE('',$,#13827);
#13804=PRODUCT_DEFINITION_SHAPE($,$,#62);
#13805=PRODUCT_DEFINITION_SHAPE($,$,#63);
#13806=PRODUCT_DEFINITION_SHAPE($,$,#64);
#13807=PRODUCT_DEFINITION_SHAPE($,$,#65);
#13808=PRODUCT_DEFINITION_SHAPE($,$,#66);
#13809=PRODUCT_DEFINITION_SHAPE($,$,#67);
#13810=PRODUCT_DEFINITION_SHAPE($,$,#68);
#13811=PRODUCT_DEFINITION_SHAPE($,$,#69);
#13812=PRODUCT_DEFINITION_SHAPE($,$,#70);
#13813=PRODUCT_DEFINITION_SHAPE($,$,#71);
#13814=PRODUCT_DEFINITION_SHAPE($,$,#72);
#13815=PRODUCT_DEFINITION_SHAPE($,$,#73);
#13816=PRODUCT_DEFINITION_SHAPE($,$,#74);
#13817=PRODUCT_DEFINITION_SHAPE($,$,#75);
#13818=PRODUCT_DEFINITION_SHAPE($,$,#76);
#13819=PRODUCT_DEFINITION_SHAPE($,$,#77);
#13820=PRODUCT_DEFINITION_SHAPE($,$,#78);
#13821=SHAPE_REPRESENTATION('',(#8292,#8803,#8804,#8805,#8806,#8807,#8808,
#8809,#8810,#8811,#8812,#8813,#8814,#8815,#8816,#8817,#8818,#8819),#13790);
#13822=SHAPE_REPRESENTATION('',(#8293),#13791);
#13823=SHAPE_REPRESENTATION('',(#8610),#13792);
#13824=PRODUCT_DEFINITION_CONTEXT('part definition',#13835,'design');
#13825=PRODUCT_DEFINITION('Assem 10','edge-connector-16pin v2',#13828,#13824);
#13826=PRODUCT_DEFINITION('Card Edge  Slot Connector casing',
'Card Edge  Slot Connector casing',#13829,#13824);
#13827=PRODUCT_DEFINITION('EDGE_CONN_PIN','EDGE_CONN_PIN',#13830,#13824);
#13828=PRODUCT_DEFINITION_FORMATION('',$,#13837);
#13829=PRODUCT_DEFINITION_FORMATION('',$,#13838);
#13830=PRODUCT_DEFINITION_FORMATION('',$,#13839);
#13831=PRODUCT_RELATED_PRODUCT_CATEGORY('edge-connector-16pin v2',
'edge-connector-16pin v2',(#13837));
#13832=PRODUCT_RELATED_PRODUCT_CATEGORY(
'Card Edge  Slot Connector casing','Card Edge  Slot Connector casing',(#13838));
#13833=PRODUCT_RELATED_PRODUCT_CATEGORY('EDGE_CONN_PIN','EDGE_CONN_PIN',
(#13839));
#13834=APPLICATION_PROTOCOL_DEFINITION('international standard',
'automotive_design',2009,#13835);
#13835=APPLICATION_CONTEXT(
'Core Data for Automotive Mechanical Design Process');
#13836=PRODUCT_CONTEXT('part definition',#13835,'mechanical');
#13837=PRODUCT('Assem 10','edge-connector-16pin v2','STEP AP214',(#13836));
#13838=PRODUCT('Card Edge  Slot Connector casing',
'Card Edge  Slot Connector casing',$,(#13836));
#13839=PRODUCT('EDGE_CONN_PIN','EDGE_CONN_PIN',$,(#13836));
#13840=PRESENTATION_STYLE_ASSIGNMENT((#13843));
#13841=PRESENTATION_STYLE_ASSIGNMENT((#13844));
#13842=PRESENTATION_STYLE_ASSIGNMENT((#13845));
#13843=SURFACE_STYLE_USAGE(.BOTH.,#13846);
#13844=SURFACE_STYLE_USAGE(.BOTH.,#13847);
#13845=SURFACE_STYLE_USAGE(.BOTH.,#13848);
#13846=SURFACE_SIDE_STYLE('',(#13849));
#13847=SURFACE_SIDE_STYLE('',(#13850));
#13848=SURFACE_SIDE_STYLE('',(#13851));
#13849=SURFACE_STYLE_FILL_AREA(#13852);
#13850=SURFACE_STYLE_FILL_AREA(#13853);
#13851=SURFACE_STYLE_FILL_AREA(#13854);
#13852=FILL_AREA_STYLE('Steel - Satin',(#13855));
#13853=FILL_AREA_STYLE('Opaque(64,64,64)',(#13856));
#13854=FILL_AREA_STYLE('Opaque(199,194,189)',(#13857));
#13855=FILL_AREA_STYLE_COLOUR('Steel - Satin',#13858);
#13856=FILL_AREA_STYLE_COLOUR('Opaque(64,64,64)',#13859);
#13857=FILL_AREA_STYLE_COLOUR('Opaque(199,194,189)',#13860);
#13858=COLOUR_RGB('Steel - Satin',0.627450980392157,0.627450980392157,0.627450980392157);
#13859=COLOUR_RGB('Opaque(64,64,64)',0.250980392156863,0.250980392156863,
0.250980392156863);
#13860=COLOUR_RGB('Opaque(199,194,189)',0.780392156862745,0.76078431372549,
0.741176470588235);
ENDSEC;
END-ISO-10303-21;
